/*Table ticket status*/
insert into ticket_status (K_IDSTATUSTICKET, N_NAME, N_DESCRIPTION)
  values (1, 'Abierto',''),
         (2, 'En Progreso',''),
         (3, 'Suspendido',''),
         (4, 'En Espera Interventoria',''),
         (5, 'Cerrado','');

/*Table PERMISSION*/
insert into PERMISSION (K_IDPERMISSION, N_NAME, N_DESCRIPTION)
  values (1, 'ver MP', 'Puede ver mantenimientos preventivos'),
         (2, 'ver MC','Puede ver mantenimientos correctivos'),
         (3, 'ver HV','Puede ver hoja de vida de sitios'),
         (4, 'ver FC','Puede ver facturas'),
         (5, 'ver PT','Puede ver la plataforma interna'),
         (6, 'editar MP','Puede editar mantenimientos preventivos'),
         (7, 'editar MC','Puede editar mantenimientos correctivos'),
         (8, 'editar HV','Puede editar hoja de vida sitios'),
         (9, 'editar FC','Puede editar facturas'),
         (10, 'editar PT','Puede editar plataforma interna');


/*Table type_user*/
insert into type_user (K_IDTYPEUSER, N_NAME, N_DESCRIPTION)
  values (1, 'admin', 'Usuario administrador, todos los privilegios sobre la pagina'),
         (2, 'simple', 'Usuario consultor, unicamente puede ver MC, MV y HV, no editar ni modificar'),
         (3, 'operativo', 'Usuario operativo, puede editar y ver MC, MP, HV');

/*Table permissions and type_user*/
insert into USER_PERMISSION (K_IDTYPEUSER, K_IDPERMISSION)
  values (1,1),
         (2,1),
         (1,2),
         (1,3),
         (1,4),
         (1,5),
         (1,6),
         (1,7),
         (1,8),
         (1,9),
         (1,10),
         (2,2),
         (2,3),
         (3,1),
         (3,2),
         (3,3),
         (3,6),
         (3,7),
         (3,8);

/*Table users*/
insert into user (K_IDUSER, K_IDTYPEUSER, N_PASSWORD, N_NAME, N_LASTNAME)
  values (80120803, 1, 'JMBJ6183000860', 'Johan Manuel', 'Beltrán Jimenez'),
  (1053777790, 1, 'SBCC6183000878', 'Sandra Beatriz', 'Cardenas Cardona'),
  (79882887 ,3, 'JJGG6183000514', 'Jorge Jeysson', 'Garcia Gomez'),
  (1030533656, 3, 'JFVB6183000871', 'Jonnatan Felipe', 'Villalobos Vizcaino'),
  (1013596161, 3, 'HCJC6183000873', 'Holman Cidney', 'Jimenez Collazos'),
  (1016027734, 3, 'AGE6183000885', 'Alejandra' , 'Garcia Echeverry ' ),
  (1032438384, 3, 'ACG6183000876', 'Alejandra', 'Cortes Gallego'),
  (80871696, 3, 'MGS6183000919' , 'Maycol Guio' , 'Suarez ' ),
  (1014295226, 3, 'JDBR6183000879' , 'Juan David' , 'Bermudez Ramires' ),
  (51856396, 1, 'NOOF6183000' , 'Nubia Omaira' , 'Otero Fajardo' ),
  (1023000199, 3, 'MEC6183000884' , 'Marcela Espitia' , 'Cuervo ' ),
  (1023891244, 1, 'PAEV6183000936' , 'Pablo Andres' , 'Esteban Vargas' ),
  (1036396332, 2, 'GGR6183000874' , 'German Gutierrez' , 'Romero ' ),
  (80231045, 2, 'EGR6183000875' , 'Erwin Gallego' , 'Rincon ' ),
  (87069952, 2, 'HFVG6183000877' , 'Hector Fabian' , 'Villota Getail' ),
  (1024464169, 2, 'JMPG6183000886' , 'Juan Miguel' , 'Poveda García' ),
  (79625770, 2, 'JFOA6183000891' , 'Jaison Freddy' , 'Osorio Andrade' ),
  (7728965, 2, 'AAFT6183000887' , 'Angelo Alfonzo' , 'Forero Tellez' ),
  (1075659175, 2, 'GAGR6183000898' , 'Gilberth Alfonso' , 'Gomez Rodriguez' ),
  (93415272, 2, 'JJLM6183000889' , 'Jhon Jawer' , 'Lopez Molina' ),
  (1030597211, 2, 'MAGV6183000890' , 'Miguel Angel' , 'Gomez Vivas' ),
  (1033704656, 2, 'EGVG6183000888' , 'Edwin giovanni' , 'Valderrama Galeano' ),
  (80383573, 2, 'JIJM6183000899' , 'Jose Ismael' , 'Jorge Moreno' ),
  (1022374394, 2, 'JELU6183000900' , 'Jhon Edison' , 'Lizarazo Umaña' ),
  (1022436490, 2, 'FLLU6183000906' , 'Freddy Leonardo' , 'Leal Umaña' ),
  (1014178155, 2, 'NJSC6183000912' , 'Nestor Javier' , 'Salcedo Chaves' ),
  (80176730, 2, 'HGR6183000911' , 'Hernan Gallego' , 'Rincon ' ),
  (1022376582 ,3, 'SCC6183000883', 'Stephania', 'Colmenares Cruz'),
  (2716133, 2, 'JACT6183000895' , 'Jairo Andres' , 'Calderon Trejos' ),
  (1110477443, 2, 'LRBA6183000896' , 'Lina Rocio' , 'Bejarano Acosta' ),
  (1110504238, 2, 'JAMC6183000894' , 'Jhonny Alexander' , 'Moreno Cruz' ),
  (93387048, 2, 'JVPH6183000914' , 'Juan Vicente' , 'Padila Hernandez' ),
  (71171017, 2, 'FABA6183000907' , 'Fabio Alonzo' , 'Betancurt Alvarez' ),
  (1042762389, 2, 'RADY6183000913' , 'Robinson Arley' , 'Duque Yocari' ),
  (71368744, 2, 'JCFZ6183000903' , 'Juan Camilo' , 'Franco Zapata' ),
  (1097401965, 2, 'YJRG6183000904' , 'Yurany Julieth' , 'Reyes guayacundo' ),
  (1110470109, 2, 'JFRL6183000905' , 'Jeison Fabian' , 'Ramirez luna' ),
  (1053793145, 2, 'BCM6183000916' , 'Braiam Cepeda' , 'Matallana ' ),
  (9977112, 2, 'EATJ6183000915' , 'Edison Alberto' , 'Tabares jimenez' ),
  (16073130, 2, 'JCAR6183000909' , 'Juan Carlos' , 'Alzate Ramirez' ),
  (36308802, 2, 'NTPM6183000260' , 'Nadia Tatiana' , 'Polania Mendez' ),
  (1081401136, 2, 'JDQM6183000910' , 'Jose Duvier' , 'Quinchoa muñoz' ),
  (1110460891, 2, 'MAGP6183000921' , 'Mario Alejandro' , 'Godoy Patiño' ),
  (1053822228, 2, 'JDHO6183000922' , 'Julian David' , 'Hurtado Orozco' ),
  (1053806043, 2, 'DSV6183000920' , 'Deivid Sanchez' , 'Vargas ' ),
  (1047375762, 2, 'EGZ6183000932' , 'Erneth Gallego' , 'Zapata ' ),
  (3383939, 2, 'GDPV6183000933' , 'Gabriel David' , 'Piedrahita Velasquez' ),
  (1110529622, 2, 'CAQQ6183000892' , 'Carlos Andres' , 'Quiroga Quevedo')
  (14102016, 1, 'LJDP6183000936', 'Laura Jackelinne', 'Delgado Pinilla');

/*Table Region*/
insert into REGION (K_IDREGION, N_NAME)
  values (1, 'Zona 1'),
         (2, 'Zona 2'),
         (3, 'Zona 3'),
         (4, 'Zona 4'),
         (5, 'Zona 5');

/* Table Departement*/
insert into DEPARTMENT (K_IDDEPARTMENT, K_IDREGION, N_NAME)
  values (1, 4, 'Bogotá D.C.'),
  (2, 4, 'Cundinamarca'),
  (3, 4, 'Tolima'),
  (4, 4, 'Huila'),
  (5, 4, 'Caquetá'),
  (6, 4, 'San Andres Y Providencia'),
  (7, 1, 'Antioquia'),
  (8, 1, 'Caldas'),
  (9, 1, 'Chocó'),
  (10, 1, 'Quindío'),
  (11, 1, 'Risaralda');

/*Talbe city*/
insert into CITY (K_IDCITY, K_IDDEPARTMENT, N_NAME)
  values (1 , 7 , 'Abejorral'),
(2 , 7 , 'Alejandria'),
(3 , 7 , 'Amagá'),
(4 , 7 , 'Amalfi'),
(5 , 7 , 'Anza'),
(6 , 7 , 'Apartadó'),
(7 , 7 , 'Apartadó'),
(8 , 7 , 'Barbosa'),
(9 , 7 , 'Bello'),
(10 , 7 , 'Briceño'),
(11 , 7 , 'Caracoli'),
(12 , 7 , 'Caramanta'),
(13 , 7 , 'Caucasia'),
(14 , 7 , 'Copacabana'),
(15 , 7 , 'Donmatias'),
(16 , 7 , 'El Santuario'),
(17 , 7 , 'Envigado'),
(18 , 7 , 'Girardota'),
(19 , 7 , 'Guatape'),
(20 , 7 , 'Heliconia'),
(21 , 7 , 'Hispania'),
(22 , 7 , 'Itagüí'),
(23 , 7 , 'La Estrella'),
(24 , 7 , 'Liborina'),
(25 , 7 , 'Marinilla'),
(26 , 7 , 'Medellín'),
(27 , 7 , 'Montebello'),
(28 , 7 , 'Mutata'),
(29 , 7 , 'Nariño'),
(30 , 7 , 'Peñol'),
(54 , 8 , 'Anserma'),
(55 , 8 , 'Aranzazu'),
(56 , 8 , 'Chinchiná'),
(57 , 8 , 'La Dorada'),
(58 , 8 , 'La Merced'),
(59 , 8 , 'Manizales'),
(60 , 8 , 'Manizales'),
(61 , 8 , 'Manzanares'),
(62 , 8 , 'Marmato'),
(63 , 8 , 'Marquetalia'),
(64 , 8 , 'Neira'),
(65 , 8 , 'Palestina'),
(66 , 8 , 'Palestina'),
(67 , 8 , 'Riosucio'),
(163 , 10 , 'Armenia'),
(164 , 10 , 'Buenavista'),
(165 , 10 , 'Calarcá'),
(166 , 10 , 'Circasia'),
(175 , 11 , 'Apia'),
(176 , 11 , 'Balboa'),
(177 , 11 , 'Belén De Umbría'),
(178 , 11 , 'Belén De Umbría'),
(179 , 11 , 'Dosquebradas'),
(180 , 11 , 'Dosquebradas'),
(181 , 11 , 'La Celia'),
(182 , 11 , 'La Virginia'),
(183 , 11 , 'Pereira'),
(31 , 7 , 'Puerto Berrío'),
(32 , 7 , 'Rionegro'),
(33 , 7 , 'Sabaneta'),
(34 , 7 , 'San Andres De Cuerquia'),
(35 , 7 , 'San Jeronimo'),
(36 , 7 , 'San Jose De La Montaña'),
(37 , 7 , 'San Juan De Uraba'),
(38 , 7 , 'San Rafael'),
(39 , 7 , 'San Roque'),
(40 , 7 , 'San Vicente'),
(41 , 7 , 'Santa Rosa De Osos'),
(42 , 7 , 'Segovia'),
(68 , 8 , 'Risaralda'),
(69 , 8 , 'Salamina'),
(70 , 8 , 'San Jose'),
(71 , 8 , 'Supía'),
(79 , 9 , 'Quibdó'),
(80 , 9 , 'Atrato'),
(81 , 9 , 'Istmina'),
(167 , 10 , 'Córdoba'),
(168 , 10 , 'Filandia'),
(169 , 10 , 'Génova'),
(170 , 10 , 'La Tebaida'),
(171 , 10 , 'Montenegro'),
(172 , 10 , 'Pijao'),
(173 , 10 , 'Quimbaya'),
(184 , 11 , 'Pueblo Rico'),
(185 , 11 , 'Santa Rosa De Cabal'),
(82 , 9 , 'El Carmen De Atrato'),
(43 , 7 , 'Sonsón'),
(44 , 7 , 'Támesis'),
(45 , 7 , 'Tarso'),
(46 , 7 , 'Turbo'),
(47 , 7 , 'Urrao'),
(48 , 7 , 'Valparaiso'),
(49 , 7 , 'Vigía Del Fuerte'),
(50 , 7 , 'Yali'),
(51 , 7 , 'Yarumal'),
(52 , 7 , 'Yondo'),
(72 , 8 , 'Villamaria'),
(174 , 10 , 'Salento'),
(186 , 11 , 'Santuario'),
(73 , 8 , 'Viterbo'),
(53 , 1 , 'Bogotá, D.C.'),
(74 , 5 , 'El Doncello'),
(75 , 5 , 'El Paujíl'),
(83 , 4 , 'Anapoima'),
(84 , 2 , 'Apulo'),
(85 , 2 , 'Bituima'),
(86 , 2 , 'Bojaca'),
(87 , 2 , 'Cabrera'),
(88 , 2 , 'Cachipay'),
(89 , 2 , 'Caparrapí'),
(90 , 2 , 'Caqueza'),
(91 , 2 , 'Carmen De Carupa'),
(92 , 2 , 'Chía'),
(93 , 2 , 'Chipaque'),
(94 , 2 , 'Choachí'),
(95 , 2 , 'Chocontá'),
(96 , 2 , 'Cucunubá'),
(97 , 2 , 'El Colegio'),
(98 , 2 , 'Facatativá'),
(99 , 2 , 'Fosca'),
(100 , 2 , 'Funza'),
(101 , 2 , 'Fúquene'),
(102 , 2 , 'Fusagasugá'),
(103 , 2 , 'Gachala'),
(104 , 2 , 'Gachancipa'),
(105 , 2 , 'Gacheta'),
(106 , 2 , 'Gama'),
(149 , 4 , 'Aipe'),
(150 , 4 , 'Algeciras'),
(151 , 4 , 'Campoalegre'),
(152 , 4 , 'Garzon'),
(153 , 4 , 'Gigante'),
(154 , 4 , 'Hobo'),
(155 , 4 , 'La Plata'),
(107 , 2 , 'Girardot'),
(189 , 3 , 'Alpujarra'),
(190 , 3 , 'Alvarado'),
(191 , 3 , 'Ambalema'),
(192 , 3 , 'Armero Guayabal'),
(193 , 3 , 'Ataco'),
(194 , 3 , 'Cajamarca'),
(195 , 3 , 'Carmen De Apicala'),
(196 , 3 , 'Casabianca'),
(197 , 3 , 'Chaparral'),
(198 , 3 , 'Dolores'),
(199 , 3 , 'Espinal'),
(200 , 3 , 'Falan'),
(201 , 3 , 'Flandes'),
(202 , 3 , 'Fresno'),
(203 , 3 , 'Guamo'),
(204 , 3 , 'Herveo'),
(205 , 3 , 'Honda'),
(206 , 3 , 'Ibagué'),
(108 , 2 , 'Guacheta'),
(109 , 2 , 'Guaduas'),
(110 , 2 , 'Gutiérrez'),
(111 , 2 , 'Junín'),
(112 , 2 , 'La Mesa'),
(113 , 2 , 'La Palma'),
(114 , 2 , 'La Peña'),
(115 , 2 , 'Machetá'),
(116 , 2 , 'Madrid'),
(187 , 6 , 'Providencia'),
(188 , 6 , 'San Andrés  '),
(207 , 3 , 'Icononzo'),
(76 , 5 , 'Florencia'),
(77 , 5 , 'Puerto Rico'),
(78 , 5 , 'San José Del Fragua'),
(117 , 2 , 'Medina'),
(118 , 2 , 'Mosquera'),
(119 , 2 , 'Nemocon'),
(120 , 2 , 'Nilo'),
(121 , 2 , 'Nocaima'),
(122 , 2 , 'Paime'),
(123 , 2 , 'Paratebueno'),
(124 , 2 , 'Pasca'),
(125 , 2 , 'Puerto Salgar'),
(126 , 2 , 'Quebradanegra'),
(127 , 2 , 'Quetame'),
(128 , 2 , 'Quipile'),
(129 , 2 , 'Ricaurte'),
(130 , 2 , 'San Antonio Del Tequendama'),
(131 , 2 , 'San Bernardo'),
(132 , 2 , 'San Francisco'),
(133 , 2 , 'San Juan De Rioseco'),
(134 , 2 , 'Sibate'),
(135 , 2 , 'Silvania'),
(136 , 2 , 'Sopó'),
(137 , 2 , 'Tabio'),
(138 , 2 , 'Tenjo'),
(139 , 2 , 'Tibacuy'),
(156 , 4 , 'Neiva'),
(157 , 4 , 'Palermo'),
(158 , 4 , 'Pitalito'),
(159 , 4 , 'Santa María'),
(208 , 3 , 'Lerida'),
(209 , 3 , 'Libano'),
(210 , 3 , 'Mariquita'),
(211 , 3 , 'Melgar'),
(212 , 3 , 'Natagaima'),
(213 , 3 , 'Palocabildo'),
(214 , 3 , 'Roncesvalles'),
(215 , 3 , 'Rovira'),
(216 , 3 , 'Saldaña'),
(217 , 3 , 'San Antonio'),
(218 , 3 , 'San Luis'),
(219 , 3 , 'Santa Isabel'),
(140 , 2 , 'Tocaima'),
(141 , 2 , 'Topaipi'),
(142 , 2 , 'Ubalá'),
(143 , 2 , 'Ubaque'),
(144 , 2 , 'Viani'),
(145 , 2 , 'Villapinzon'),
(146 , 2 , 'Viota'),
(147 , 2 , 'Yacopi'),
(160 , 4 , 'Tello'),
(220 , 3 , 'Suarez'),
(221 , 3 , 'Villahermosa'),
(148 , 2 , 'Zipaquirá'),
(161 , 4 , 'Tesalia'),
(162 , 4 , 'Yaguará');

/* TABLE ADMINPVD*/
insert into ADMIN_PVD (K_IDADMIN, N_NAME, D_STARTDATE, D_ENDDATE, I_PHONE, N_MAIL, N_ENTITYCONTACT, I_PHONEENTITYCONTACT, N_MAILENTITYCONTACT)
  values ( 1  , 'Oscar Arnoldo Cardona Cardona' ,  STR_TO_DATE('15-01-2016', '%d-%m-%Y'), STR_TO_DATE('30-11-2016', '%d-%m-%Y'), 3117424604, 'puntodigital@abejorral-antioquia.gov.co', 'Carlos Diego Cortes Arango', 8647611, 'educacion@abejorral-antioquia.gov.co'),
  ( 2  , 'JENIFER TATIANA SANCHEZ CARMONA' ,  STR_TO_DATE('1-02-2016', '%d-%m-%Y'), STR_TO_DATE('30-12-2016', '%d-%m-%Y'), 3192569338, 'jenifer.jdigital@gmail.com', 'JENIFER TATIANA SANCHEZ CARMONA', 3192569338, 'jenifer.jdigital@gmail.com'),
  ( 3  , 'Edwin Andres Castañeda Monsalve' ,  STR_TO_DATE('1-04-2016', '%d-%m-%Y'), STR_TO_DATE('31-12-2016', '%d-%m-%Y'), 3217265491, 'edwcasta96@hotmail.com', 'Oscar Patiño', 3443460, 'oscar.patino@antioquia.gov.co'),
  ( 4  , 'sebastian isaza' ,  STR_TO_DATE('4-01-2016', '%d-%m-%Y'), STR_TO_DATE('23-12-2016', '%d-%m-%Y'), 3226558366, 'isaza18m@gmail.com', 'juan andres builes', 3217716046, 'juan.andres175@hotmail.com'),
  ( 5  , 'LUIS NORVEY SANCHEZ LEGARDA ' ,  STR_TO_DATE('1-02-2016', '%d-%m-%Y'), STR_TO_DATE('31-10-2016', '%d-%m-%Y'), 3108952582, 'lnsl2010@hotmail.com', 'DORIS CECILIA SERNA ', 3105449365, 'educacion@anza-antioquia.gov.es'),
  ( 6  , 'Luceni Hernandez Guerra' ,  STR_TO_DATE('18-05-2016', '%d-%m-%Y'), STR_TO_DATE('15-12-2016', '%d-%m-%Y'), 3217301979, 'lucenihernandez@gmail.com', 'Marta Cecilia Rivera', 3217829288, 'sistema@apartado-antioquia.gov.con'),
  ( 7  , 'Carmelo Alvarez Villa' ,  STR_TO_DATE('23-02-2016', '%d-%m-%Y'), STR_TO_DATE('15-12-2016', '%d-%m-%Y'), 3116180355, 'carmelo220973@gmail.com', 'Marta Cecilia Rivera Higuita', 3217829288, 'sistemas@apartado-antioquia.gov.co'),
  ( 8  , 'yeison alejandro orrego orrego ' ,  STR_TO_DATE('19-02-2016', '%d-%m-%Y'), STR_TO_DATE('31-12-2016', '%d-%m-%Y'), 3122322897, 'mecyy_12@hotmail.com', 'Silvia Celeny Chaverra Sánchez', 4066195, 'silvia.chaverra@barbosa.gov.co'),
  ( 9  , 'MIGUEL ANGEL GAVIRIA MAZO' ,  STR_TO_DATE('10-03-2016', '%d-%m-%Y'), STR_TO_DATE('31-12-2016', '%d-%m-%Y'), 3157481736, 'bellopvd@gmail.com', 'ROSA ANGELICA JARAMILLO ROJAS', 3146162676, 'angelicajar1@hotmail.com'),
  ( 10  , 'JOSE LIBARDO MEJIA GONZALEZ' ,  STR_TO_DATE('20-01-2016', '%d-%m-%Y'), STR_TO_DATE('31-01-2026', '%d-%m-%Y'), 3147642445, 'cosdomedellin@gmail.com', 'Subteniente ANGELA JOHANA ALVIS MONTILLO ', 3505511566, 'meval.cosdo-administrativa@policia.gov.co'),
  ( 11  , 'jair gustavo cardona morales' ,  STR_TO_DATE('19-08-2016', '%d-%m-%Y'), STR_TO_DATE('16-12-2016', '%d-%m-%Y'), 3113569079, 'gus728cardona@gmail.com', 'leif andres ', 3007140057, 'leifandres@hotmail.com'),
  ( 12  , 'ERICA LILIANA URREA RUIZ' ,  STR_TO_DATE('21-10-2016', '%d-%m-%Y'), STR_TO_DATE('29-12-2016', '%d-%m-%Y'), 3024341294, 'ericaurrea2016@gimail.com', 'ROSA ANGELICA JARAMILLO', 3146162676, 'rosajarramillo@bellogov.co'),
  ( 13  , 'elianis yulieth perez zapata' ,  STR_TO_DATE('12-01-2016', '%d-%m-%Y'), STR_TO_DATE('31-12-2016', '%d-%m-%Y'), 3117098180, 'eli.anis14@hotmail.com', 'yuliana Andrea Martinez', 8570054, 'educacion@briceno-antioquia.gov.co'),
  ( 14  , 'johan stiven ochoa giraldo' ,  STR_TO_DATE('6-06-2016', '%d-%m-%Y'), STR_TO_DATE('6-12-2016', '%d-%m-%Y'), 3218375882, 'pvdcaracoli@gmail.com', 'alcaldia municipal', 3128336430, 'recepcion@caracoli-antioquia.gov.co'),
  ( 15  , 'Carlos Arturo Velasques Ramirez' ,  STR_TO_DATE('25-01-2016', '%d-%m-%Y'), STR_TO_DATE('15-06-2016', '%d-%m-%Y'), 3104183559, 'carlosvr13@outlook.es', 'Elizabet Chaverra Arango', 3148143099, 'desarrollosocial@caramanta-antioquia.gov.co'),
  ( 16  , 'Alcides Espejo Pineda' ,  STR_TO_DATE('11-07-2016', '%d-%m-%Y'), STR_TO_DATE('30-12-2016', '%d-%m-%Y'), 3128015840, 'alcidesespe1713@gmail.com', 'Ciudadela Educativa Panzenu', 8391974, 'educacion@caucasia-antioquia.gov'),
  ( 17  , 'Edison  Darío Zapata Zapata' ,  STR_TO_DATE('26-09-2016', '%d-%m-%Y'), STR_TO_DATE('26-12-2016', '%d-%m-%Y'), 3154743630, 'edisonzapata1@gmail.com', 'Elkin Corrales Benjumea', 3105460604, 'ecorrales122@gmail.com'),
  ( 18  , 'Juan David Lopez Alvarez ' ,  STR_TO_DATE('1-08-2016', '%d-%m-%Y'), STR_TO_DATE('7-11-2016', '%d-%m-%Y'), 3002545609, 'pvdpluscopacabana@gmail.com', 'Elkin Corrales ', 3105460604, 'ecorrales122@gmail.com'),
  ( 19  , 'Daniel Martínez Sepúlveda' ,  STR_TO_DATE('18-03-2016', '%d-%m-%Y'), STR_TO_DATE('16-12-2016', '%d-%m-%Y'), 3192123237, 'mdaniel391@gmail.com', 'Yudy Marcela Peña Correa ', 8663243, 'alcaldia@donmatias-antioquia.gov.co'),
  ( 20  , 'Juan Camilo Builes Lemus' ,  STR_TO_DATE('5-10-2016', '%d-%m-%Y'), STR_TO_DATE('20-12-2016', '%d-%m-%Y'), 3207425940, 'Jumes99@gmail.com', '8663243', 3216620516, 'educacion@donmatias-antioquia.gov.co'),
  ( 21  , 'John Fernando Castrillón Builes' ,  STR_TO_DATE('16-09-2016', '%d-%m-%Y'), STR_TO_DATE('30-12-2016', '%d-%m-%Y'), 3167368002, 'johnfercas@yahoo.com', 'I.E. Presbítero Luis Rodolfo Gómez', 5460187, 'puntovivedigitalelsantuario@gmail.com'),
  ( 22  , 'Luisa Fernanda Martinez Restrepo' ,  STR_TO_DATE('15-03-2016', '%d-%m-%Y'), STR_TO_DATE('15-12-2016', '%d-%m-%Y'), 3325213, 'luisa.martinez@envigado.gov.co', 'Edgar Alonso Palacio Salazar', 3127575844, 'edgar.palacio@envigado.gov.co'),
  ( 23  , 'Santiago Valencia' ,  STR_TO_DATE('8-03-2013', '%d-%m-%Y'), STR_TO_DATE('12-12-2050', '%d-%m-%Y'), 3137944192, 'santiago.valencia@girardota.gov.co', 'Elkin Ruiz Meneses', 3127409067, 'elkin.ruiz@girardota.gov.co'),
  ( 24  , 'Herson Jady Blandón Henao' ,  STR_TO_DATE('9-08-2016', '%d-%m-%Y'), STR_TO_DATE('31-12-2016', '%d-%m-%Y'), 3108420502, 'hersonblandon@hotmail.com', 'Herson Blandón Henao', 3108420502, 'pvd@guatape-antioquia.gov.co'),
  ( 25  , 'Didier Villegas Romero ' ,  STR_TO_DATE('16-09-2016', '%d-%m-%Y'), STR_TO_DATE('30-12-2016', '%d-%m-%Y'), 3128272312, 'DIDIER-ROMERO@HOTMAIL.COM', 'Adriana Echavaria ', 3128927014, 'sec.educacion@heliconia-antioquia.gov.com'),
  ( 26  , 'Juan Carlos Taborda' ,  STR_TO_DATE('5-01-2016', '%d-%m-%Y'), STR_TO_DATE('30-12-2016', '%d-%m-%Y'), 3234833553, 'pvd@hispania-antioquia.gov.co', 'Juan Carlos Taborda', 3234833553, 'pvd@hispania-antioquia.gov.co'),
  ( 27  , 'Programa TIC' ,  STR_TO_DATE('1-09-2016', '%d-%m-%Y'), STR_TO_DATE('1-09-2016', '%d-%m-%Y'), 2773285, 'osidicol@gmail.com', 'Osciel Gómez', 3126550394, 'osidicol@gmail.com'),
  ( 28  , 'Programa TIC' ,  STR_TO_DATE('1-09-2016', '%d-%m-%Y'), STR_TO_DATE('1-09-2016', '%d-%m-%Y'), 3126550394, 'osidicol@gmail.com', 'Osciel Gómez', 3126550394, 'osidicol@gmail.com'),
  ( 29  , 'Andres De La Hoz Sierra' ,  STR_TO_DATE('15-09-2016', '%d-%m-%Y'), STR_TO_DATE('30-12-2016', '%d-%m-%Y'), 3007246412, 'andymusic4790@gmail.com', 'Roberto Gomez', 3005005476, 'sistemas@baranoa-atlantico.gov.co'),
  ( 30  , 'leon vasquez salas' ,  STR_TO_DATE('4-01-2016', '%d-%m-%Y'), STR_TO_DATE('4-01-2017', '%d-%m-%Y'), 3016204358, 'leonvassa@hotmail.com', 'carlos escalante', 3168300902, 'cescalante@barranauilla.gov.co'),
  ( 31  , 'Daneris Castro Sanjuan' ,  STR_TO_DATE('23-02-2015', '%d-%m-%Y'), STR_TO_DATE('15-09-2016', '%d-%m-%Y'), 3008153594, 'daneris024@hotmail.com', 'Mari Rut Roa Rodriguez ', 3218000109, 'mary.unidos051@gmail.com'),
  ( 32  , 'JESUS VEGA LOBO' ,  STR_TO_DATE('5-07-2016', '%d-%m-%Y'), STR_TO_DATE('5-11-2016', '%d-%m-%Y'), 3013726887, 'ing.jesusvegalobo@hotmail.com', 'LUIS GABRIEL ESCORCIA ', 3016379658, 'sistemas-ponedera@atlantico.gov.co'),
  ( 33  , 'Laura Vidal Molinares ' ,  STR_TO_DATE('5-12-2014', '%d-%m-%Y'), STR_TO_DATE('15-10-2016', '%d-%m-%Y'), 3163429703, 'pvdpuertocolombia@gmail.com', 'Juan Manuel Meza Barraza ', 3183591585, 'sistemas@puertocolombia-atlantico.gov.co'),
  ( 34  , 'ERICK JOSE VASQUEZ FONTALVO ' ,  STR_TO_DATE('2-08-2016', '%d-%m-%Y'), STR_TO_DATE('31-12-2016', '%d-%m-%Y'), 3007393723, 'erickjosevasquezfontalvo@hotmail.com', 'alcaldía de soledad ', 3003508530, 'comunicaciones@soledad-atlantico.gov.co <comunicaciones@soledad-atlantico.gov.co>'),
  ( 35  , 'JUAN CARLOS CADRAZCO BASTIDAS' ,  STR_TO_DATE('5-05-2013', '%d-%m-%Y'), STR_TO_DATE('31-12-2016', '%d-%m-%Y'), 3127675169, 'juan.cadrazco@correo.policia.gov.co', 'ANGELA MARIA DIAZ CORREA', 3504054790, 'mebar.nusefa-rectoria@policia.gov.co'),
  ( 36  , 'Eduardo Vasquez Consuegra' ,  STR_TO_DATE('26-08-2016', '%d-%m-%Y'), STR_TO_DATE('26-12-2016', '%d-%m-%Y'), 3006075718, 'evc2103@gmail.com', 'Silfredo Godoy Chavez', 3167446245, 'sgodoy@cartagena.gov.co'),
  ( 37  , 'Xavier egea mendoza' ,  STR_TO_DATE('30-11-2014', '%d-%m-%Y'), STR_TO_DATE('31-12-2016', '%d-%m-%Y'), 3012535756, 'egea.xavier@gmail.com', 'Yamid verdugo', 3505511557, 'yamid.verdugo@correo.policia.gov.co'),
  ( 38  , 'Mirtha Carolina Rios' ,  STR_TO_DATE('17-03-2016', '%d-%m-%Y'), STR_TO_DATE(' 01-01-2016', '%d-%m-%Y'), 1 , '', '', 1 , ''),
  ( 39  , 'yirsa rios duque' ,  STR_TO_DATE('7-03-2016', '%d-%m-%Y'), STR_TO_DATE('16-11-2016', '%d-%m-%Y'), 3507003110, 'ykrios87@hotmail.com', 'alcaldia valledupar', 3507003110, 'vivedigitalcdv@gmail.com'),
  ( 40  , 'DEYSON EMMANUEL OZUNA BLANCO' ,  STR_TO_DATE('25-10-2016', '%d-%m-%Y'), STR_TO_DATE('9-12-2016', '%d-%m-%Y'), 3014183204, 'deyson.ozuna1049@correo.policia.gov.co', 'MANUEL RICARDO SAAVEDRA MOJICA', 3505511562, 'DECES.NUSEFA-RECTORIA@POLICIA.GOV.CO'),
  ( 41  , 'Roberto Maestre - Lauren Duarte' ,  STR_TO_DATE('7-04-2016', '%d-%m-%Y'), STR_TO_DATE('6-12-2016', '%d-%m-%Y'), 3043825492, 'pvdalcaldia@gmail.com', 'Fabian Araque', 3185112954, 'fabianaraquezuta@gmail.com'),
  ( 42  , 'DONALDO JARABA VERGARA' ,  STR_TO_DATE('15-02-2016', '%d-%m-%Y'), STR_TO_DATE('24-12-2016', '%d-%m-%Y'), 3014324870, 'donaldojaraba2016@gmail.com', 'RAUL SIBAJA', 3218989024, 'rasibaja19@hotmail.com'),
  ( 43  , 'Alcides Ramos Avilez' ,  STR_TO_DATE('1-01-2016', '%d-%m-%Y'), STR_TO_DATE('31-12-2016', '%d-%m-%Y'), 3116630265, 'alcidesramos21@gmail.com', 'Reinaldo Garcia', 3156226178, 'vivedigitalmontelibano@gmail.com'),
  ( 44  , 'Nafer Hernandez Julio' ,  STR_TO_DATE('01-01-2016', '%d-%m-%Y'), STR_TO_DATE('01-01-2016', '%d-%m-%Y'), 3122667693, 'nafer.hernandez1985@correo.policia.gov.co', '', 1 , ''),
  ( 45  , 'Sila Ester Pacheco Arroyo' ,  STR_TO_DATE('18-01-2015', '%d-%m-%Y'), STR_TO_DATE('18-01-2017', '%d-%m-%Y'), 3014501954, 'chilita1958@hotmail.com', 'Jader cano', 3225694319, 'jcano@monteria.gov.co'),
  ( 46  , 'JUDITH PEÑA HINESTROZA' ,  STR_TO_DATE('2-01-2014', '%d-%m-%Y'), STR_TO_DATE('31-01-2020', '%d-%m-%Y'), 3114003054, 'jupehi@yahoo.com', 'JADER CANO', 3225694319, 'jcano@monteria.gov.co'),
  ( 47  , 'RAMÓN EDUARDO GUERRA LOBO' ,  STR_TO_DATE('25-02-2016', '%d-%m-%Y'), STR_TO_DATE('25-12-2016', '%d-%m-%Y'), 3148849354, 'ramon.guerra1991@hotmail.com', 'JUAN LOBO', 3013646252, 'jlobolora2@gmail.com'),
  ( 48  , 'CESAR ANTONIO NUÑEZ QUINTERO' ,  STR_TO_DATE('8-03-2016', '%d-%m-%Y'), STR_TO_DATE('8-03-2017', '%d-%m-%Y'), 3045310437, 'cesarantonio-12@hotmail.com', 'SARLIN NUÑEZ BRAVO', 3013056374, 'seducacion@sanantero-cordoba.gov.co'),
  ( 49  , 'henrry david noble hernanadez' ,  STR_TO_DATE('20-01-2016', '%d-%m-%Y'), STR_TO_DATE('30-12-2016', '%d-%m-%Y'), 3135867479, 'noble-18@hotmail.com', 'alfonso petro', 3225191029, 'alfonso12@hotmail.com'),
  ( 50  , 'MANUEL DE JESUS SOTO CARDENAS' ,  STR_TO_DATE('4-01-2016', '%d-%m-%Y'), STR_TO_DATE('31-12-2016', '%d-%m-%Y'), 3106465864, 'manuelsoto222@gmail.com', 'HERNAN RENDON', 3106815048, 'virusrendon@gmail.com'),
  ( 51  , 'Walter Rafael Rodriguez Villa' ,  STR_TO_DATE('6-01-2016', '%d-%m-%Y'), STR_TO_DATE('22-12-2016', '%d-%m-%Y'), 3015344357, 'walterfaraelrodriguez@gmail.com', 'Jose de jesus Gamez Pimienta', 3012040963, 'alcaldia@riohacha-laguajira.gov.co'),
  ( 52  , 'LEONARDO RAFAEL ZAMBRANO ZUÑIGA' ,  STR_TO_DATE('6-01-2016', '%d-%m-%Y'), STR_TO_DATE('31-12-2016', '%d-%m-%Y'), 3176561136, 'zamleo10@gmail.com', 'JOSE DE JESUS GAMEZ PIMIENTA ', 3012040963, 'vivedigitalriohacha@gmail.com'),
  ( 53  , 'edgar ariaza ayola' ,  STR_TO_DATE('9-03-2016', '%d-%m-%Y'), STR_TO_DATE('9-12-2016', '%d-%m-%Y'), 3233451853, 'edgarariza96@outlook.com', '3045246309', 3045246309, 'jafithmo@gmail.com'),
  ( 54  , 'JOSE ANGEL MARTINEZ VELASQUEZ' ,  STR_TO_DATE('26-04-2014', '%d-%m-%Y'), STR_TO_DATE('31-12-2016', '%d-%m-%Y'), 3104079248, 'jose.martinez8250@correo.policia.gov.co', 'Policia Nacional', 3104079248, 'demag.nusefa-rectoria@policia.gov.co'),
  ( 55  , 'Emel viloria gamez' ,  STR_TO_DATE('10-09-2015', '%d-%m-%Y'), STR_TO_DATE('10-09-2018', '%d-%m-%Y'), 3006144839, 'emelvg10@gmail.com', 'Samarl Amado Hernandez ', 3122987752, 'samarl.amado@correo.policia.gov.co'),
  ( 56  , 'LUIS ALFONSO HERNANDEZ MARQUEZ' ,  STR_TO_DATE('28-07-2016', '%d-%m-%Y'), STR_TO_DATE('31-12-2016', '%d-%m-%Y'), 3138083446, 'luis.hernandez1970@hotmail.com', 'IVAN DARIO BARROCAL ALVAREZ', 3012396873, 'idariob@hotmail.com'),
  ( 57  , 'EDUARDO MARTINEZ NUÑEZ' ,  STR_TO_DATE('4-04-2016', '%d-%m-%Y'), STR_TO_DATE('4-04-2017', '%d-%m-%Y'), 3145130913, 'eduardo.martinez5256@correo.policia.gov.co', 'policia', 3504054653, 'desuc.nusefa-rector@policia.gov.co'),
  ( 58  , 'Aurora Angulo Valencia' ,  STR_TO_DATE('5-01-2016', '%d-%m-%Y'), STR_TO_DATE('31-12-2016', '%d-%m-%Y'), 3114106817, 'anguloaurora@yahoo.com.co', 'Alcaldia Municipal de Patia', 3172677531, 'anguloaurora@yahoo.com.co'),
  ( 59  , 'Ana Sofia Botello Gordillo' ,  STR_TO_DATE('22-09-2016', '%d-%m-%Y'), STR_TO_DATE('31-12-2016', '%d-%m-%Y'), 3145655306, 'anasofiabotellog@gmail.com', 'Maria Isabel Calderon Muñoz', 3104596073, 'jefesistemas@popayan-cauca.gov.co'),
  ( 60  , 'Jaime Orlando Lopez Chaves' ,  STR_TO_DATE('7-07-2014', '%d-%m-%Y'), STR_TO_DATE('6-07-2018', '%d-%m-%Y'), 3117459457, 'orlando.lopez6918@correo.policia.gov.co', 'Monica Liliana Rojas Cortes', 3013171206, 'ticsempopayan@gmail.com'),
  ( 61  , 'RICARDO CIFUENTES' ,  STR_TO_DATE('7-07-2016', '%d-%m-%Y'), STR_TO_DATE('31-12-2016', '%d-%m-%Y'), 3224711800, 'ricardocifuentesvrc@gmail.com', 'MARÍA ISABEL CALDERÓN MUÑOZ', 3104596073, 'jefesistemas@popayan-cauca.gov.co'),
  ( 62  , 'dennys yessid' ,  STR_TO_DATE('1-03-2016', '%d-%m-%Y'), STR_TO_DATE('15-12-2016', '%d-%m-%Y'), 3152487223, 'yessid12@hotmail.com', 'carlos tobar', 3182704062, 'educacion@puertotejada-cauca.gov.co'),
  ( 63  , 'Daniela Moriano' ,  STR_TO_DATE('14-01-2016', '%d-%m-%Y'), STR_TO_DATE('14-12-2016', '%d-%m-%Y'), 3155639307, 'danita1001@hotmail.com', 'Ricardo Delgado Solarte ', 3186445818, 'alcaldia@alban-narino.gov.co'),
  ( 64  , 'ANDREA MARTINEZ LASSO' ,  STR_TO_DATE('19-01-2016', '%d-%m-%Y'), STR_TO_DATE('31-12-2016', '%d-%m-%Y'), 3225958067, 'andreusca3@gmail.com', 'Jose Luis Solarte Ortega', 3128997832, 'jose1986x@hotmail.com'),
  ( 65  , 'Jose David Santacruz' ,  STR_TO_DATE('1-07-2016', '%d-%m-%Y'), STR_TO_DATE('31-12-2016', '%d-%m-%Y'), 3106159545, 'sistemas@buesaco-narino.gov.co', 'David Santacruz', 3106159545, 'sistemas@buesaco-narino.gov.co'),
  ( 66  , 'MIGUEL GERARDO ERAZO' ,  STR_TO_DATE('3-10-2016', '%d-%m-%Y'), STR_TO_DATE('30-12-2016', '%d-%m-%Y'), 3162225601, 'mhcock@gmail.com', 'JORGE SAUL PUENTE LASSO', 3188696055, 'josapul@yahoo.es'),
  ( 67  , 'Anny Rosmery Ordoñez Muñoz' ,  STR_TO_DATE('1-07-2016', '%d-%m-%Y'), STR_TO_DATE('31-12-2016', '%d-%m-%Y'), 3145124084, 'pvdcolon@gmail.com', 'Jairo Atis', 3105474355, 'jairoatis@gmail.com'),
  ( 68  , 'EDISON FIGUEROA' ,  STR_TO_DATE('21-01-2016', '%d-%m-%Y'), STR_TO_DATE('31-12-2016', '%d-%m-%Y'), 3188228963, 'pvdcontadero17@gmail.com', 'EDITH CORAL', 3152502444, 'despachoalcalde@contadero-narino.gov.co'),
  ( 69  , 'Consuelo Mireya Cuaspa' ,  STR_TO_DATE('17-06-2016', '%d-%m-%Y'), STR_TO_DATE('17-10-2016', '%d-%m-%Y'), 3137454064, 'mirellacuaspa@hotmail.com', 'Juan Jose CHingal', 3137128019, 'digitalcuaspud32@gmail.com'),
  ( 70  , 'SANDRA MILENA ROSERO' ,  STR_TO_DATE('4-02-2016', '%d-%m-%Y'), STR_TO_DATE('31-12-2016', '%d-%m-%Y'), 3127847987, 'sandrarosero01@gmail.com', 'Edgardo Alpala', 3122578898, 'eralpalac@hotmail.com'),
  ( 71  , 'JUAN ESTEBAN ERASO CANCIMANCE ' ,  STR_TO_DATE('1-10-2016', '%d-%m-%Y'), STR_TO_DATE('30-12-2016', '%d-%m-%Y'), 3102444665, 'juanestebaneraso.c@hotmail.com', 'JOSE ALIRIO GUERRA GUERRA', 3137375383, 'aguerra2791@gmail.com'),
  ( 72  , 'Yazmin Burbano' ,  STR_TO_DATE('5-10-2016', '%d-%m-%Y'), STR_TO_DATE('31-12-2016', '%d-%m-%Y'), 310395693, 'pvdeltambo.nar@gmail.com', 'Hermes Luna Rivera', 3145965570, 'alcaldia@eltambo-narino.gov.co'),
  ( 73  , 'cristian benavides' ,  STR_TO_DATE('17-01-2016', '%d-%m-%Y'), STR_TO_DATE('31-12-2016', '%d-%m-%Y'), 3138003950, 'puntovivedigitalfunes@gmail.com', 'julio delgado', 3155812546, 'alcaldia@funes-narino.gov.co'),
  ( 74  , 'JAVIER INGUILAN PEREZ' ,  STR_TO_DATE('1-02-2016', '%d-%m-%Y'), STR_TO_DATE('31-12-2016', '%d-%m-%Y'), 3174542302, 'ajrip@hotmail.com', 'CARLOS RAMIRO CUATIN', 3164907697, 'alcaldia@guachucal-narino.gov.co'),
  ( 75  , 'Ana Alexandra Usama Ortega' ,  STR_TO_DATE('1-01-2016', '%d-%m-%Y'), STR_TO_DATE('31-12-2016', '%d-%m-%Y'), 3205787042, 'alexandrausama9@gmail.com', 'Hernan Laureano Rosas Reina', 3176694218, 'hernanlr2@hotmail.com'),
  ( 76  , 'MANUEL JESUS PANTOJA UNIGARRO' ,  STR_TO_DATE('13-01-2016', '%d-%m-%Y'), STR_TO_DATE('31-10-2016', '%d-%m-%Y'), 3172288575, 'ilespvd@gmail.com', 'JESUS ARMANDO MOLINA YAMA', 3155860275, 'jarmandomy@hotmail.com'),
  ( 77  , 'ANA PATRICIA POTOSI TOBAR' ,  STR_TO_DATE('18-04-2016', '%d-%m-%Y'), STR_TO_DATE('31-12-2016', '%d-%m-%Y'), 3184963715, 'anapatricia197859@hotmail.com', 'unimos', 3182745046, 'j.d.l.p0386@gmail.com'),
  ( 78  , 'VÍCTOR HUGO ORTEGA MARTINEZ' ,  STR_TO_DATE('4-01-2016', '%d-%m-%Y'), STR_TO_DATE('31-12-2016', '%d-%m-%Y'), 3216146347, 'puntovivedigitallacruz@gmail.com', 'MARCO ROMÁN PALACIOS ENRIQUEZ', 3148883178, 'romanpalacios69@yahoo.es'),
  ( 79  , 'YOLIMA VARGAS' ,  STR_TO_DATE('1-10-2016', '%d-%m-%Y'), STR_TO_DATE('31-12-2016', '%d-%m-%Y'), 3107139922, 'floridadigital2016@outlook.com', 'JORGE ARTURO MESÍAS ACOSTA', 3147994735, 'arturogobierno@gmail.com'),
  ( 80  , 'Edgar Andres Bolaños Riascos' ,  STR_TO_DATE('1-05-2016', '%d-%m-%Y'), STR_TO_DATE('1-05-2050', '%d-%m-%Y'), 3103628811, 'andresbr.2706@gmail.com', 'Floriberto Suarez Ortiz', 7265668, 'floribertosuarez2007@hotmail.com'),
  ( 81  , 'ana lucia perenguez de la cruz' ,  STR_TO_DATE('1-07-2016', '%d-%m-%Y'), STR_TO_DATE('30-12-2016', '%d-%m-%Y'), 3159254360, 'anitaluciaperenguez1990@gmail.com', 'sandra cristina ramos lara', 3162550284, 'secretariagobierno@narino-narino.gov.co'),
  ( 82  , 'MARIA ALEJANDRA VILLACORTE ' ,  STR_TO_DATE('1-12-2016', '%d-%m-%Y'), STR_TO_DATE('12-12-2016', '%d-%m-%Y'), 3136692960, 'alejandrav555@hotmail.com', 'DAVID ARIAS', 3157858753, 'david73-09@hotmail.com'),
  ( 83  , 'Yenny Liliana Chaves Solarte ' ,  STR_TO_DATE('15-06-2016', '%d-%m-%Y'), STR_TO_DATE('15-12-2016', '%d-%m-%Y'), 3152633438, 'yenychaves@hotmail.com', 'Jhonatan Huertas ', 3013706039, 'sistemasdeinformacion@pasto.gov.co'),
  ( 84  , 'DIANA MARCELA TOBAR' ,  STR_TO_DATE('15-06-2016', '%d-%m-%Y'), STR_TO_DATE('15-12-2016', '%d-%m-%Y'), 3117503987, 'dianamarcelatobar@gmail.com', 'EDGAR GUERRERO ', 3173791865, 'proyectosti@alcaldiapasto.gov.co'),
  ( 85  , 'Victor Hugo Martinez Zamora' ,  STR_TO_DATE('5-05-2014', '%d-%m-%Y'), STR_TO_DATE('23-12-2016', '%d-%m-%Y'), 3007732097, 'vihumaza@fondoculturanarino.org', 'Edgar Guerrero', 3173791865, 'sistemasdeinformacion@pasto.gov.co'),
  ( 86  , 'VIVIANA RUANO ZUÑIGA' ,  STR_TO_DATE('8-10-2014', '%d-%m-%Y'), STR_TO_DATE('31-12-2016', '%d-%m-%Y'), 3207080885, 'pastoinedan5200101@gmail.com', 'Elisabet Cabrera', 3147733793, 'contaelisabet@gmail.com'),
  ( 87  , 'carlos villagran' ,  STR_TO_DATE('1-02-2016', '%d-%m-%Y'), STR_TO_DATE('1-02-2016', '%d-%m-%Y'), 3212163198, 'mepas.nusla-tel@policia.gov.co', 'policia', 3224487300, 'mepas.nusla-tel@policia.gov.co'),
  ( 88  , 'YULIANA TERAN- YENIFER CUASPUD' ,  STR_TO_DATE('1-01-2016', '%d-%m-%Y'), STR_TO_DATE('31-12-0216', '%d-%m-%Y'), 3105181342, 'tryuliana@misena.edu.co', 'Jose Fernando Ardila', 3128332641, 'josemorilloardila@gmail.com'),
  ( 89  , 'Juan Fernando Bravo Obando' ,  STR_TO_DATE('2-02-2016', '%d-%m-%Y'), STR_TO_DATE('26-12-2016', '%d-%m-%Y'), 3214440245, 'jbravoobando@gmail.com', 'alcaldía municipal de pupiales', 7246236, 'alcaldia@pupiales-narino.gov.co'),
  ( 90  , 'LUIS CARLOS NARVAEZ' ,  STR_TO_DATE('2-02-2016', '%d-%m-%Y'), STR_TO_DATE('31-12-2016', '%d-%m-%Y'), 3108303092, 'luiscarlos55ng@gmail.com', 'ALCALDÍA MUNICIPAL DE SAN BERNARDO', 3106000150, 'alcaldia@sanbernardo-narino.gov.co'),
  ( 91  , 'GABRIEL FERNANDO RODRIGUEZ' ,  STR_TO_DATE('1-11-2014', '%d-%m-%Y'), STR_TO_DATE('31-12-2017', '%d-%m-%Y'), 3175920641, 'gabo930926@hotmail.com', 'LUIS FRENANDO MORENO DELGADO ', 3208829385, 'contactenos@sanlorenzo-narino.gov.co'),
  ( 92  , 'BAIRON ANDRES LASSO GONZALEZ' ,  STR_TO_DATE('1-10-2016', '%d-%m-%Y'), STR_TO_DATE('31-12-2016', '%d-%m-%Y'), 3147176500, 'cpebaironlasso@gmail.com', 'NELSON BOLAÑOS', 3176483130, 'noslenb9@gmail.com'),
  ( 93  , 'CARLOS ALBERTO PALOMINO BURBANO' ,  STR_TO_DATE('1-10-2016', '%d-%m-%Y'), STR_TO_DATE('31-12-2016', '%d-%m-%Y'), 3136774845, 'palomino.car@hotmail.com', 'ALCALDÍA MUNICIPAL DE SANDONA', 7288086, 'PALOMINO.CAR@HOTMAIL.COM'),
  ( 94  , 'JESÚS AUGUSTO DELACRUZ' ,  STR_TO_DATE('20-10-2016', '%d-%m-%Y'), STR_TO_DATE('20-01-2017', '%d-%m-%Y'), 3042486777, 'pvdcasaculturatangua@gmail.com', 'Carlos Emilio Guerrero Guerrero', 8185624, 'alcaldia@tangua-narino.gov.co'),
  ( 95  , 'MARIA DEL CARMEN GONZALEZ MALUA' ,  STR_TO_DATE('5-08-2016', '%d-%m-%Y'), STR_TO_DATE('30-12-2016', '%d-%m-%Y'), 3154664872, 'maryzita123@outlook.com', 'ANA MARIA CORTEZ CORTEZ', 3117464594, 'annacortes2012@hotmail.com'),
  ( 96  , 'DEISY MONTAÑO FIGUEROA ' ,  STR_TO_DATE('1-02-2016', '%d-%m-%Y'), STR_TO_DATE('31-12-2016', '%d-%m-%Y'), 3108394559, 'deisyeme@gmail.com', 'DEISY MONTAÑO FIGUEROA', 3108394559, 'deisyeme@gmail.com'),
  ( 97  , 'Santiago Rubio Castillo ' ,  STR_TO_DATE('2-06-2016', '%d-%m-%Y'), STR_TO_DATE('31-12-2019', '%d-%m-%Y'), 3137727926, 'santiagorubio8@hotmail.com', 'Alcaldía Municipal ', 3137727926, 'puntovivedigital@alcala-valle.gov.co'),
  ( 98  , 'ALEXANDER  TORO' ,  STR_TO_DATE('2-11-2016', '%d-%m-%Y'), STR_TO_DATE('31-12-2016', '%d-%m-%Y'), 3105169362, 'alextoro645@gmail.com', 'CARLOS  ALBERTO QUINTERO  QUICENO', 3045864441, 'planeacion@caicedonia-valle.gov.co'),
  ( 99  , 'Carlos Andres Joaqui Garces' ,  STR_TO_DATE('29-02-2016', '%d-%m-%Y'), STR_TO_DATE('31-12-2016', '%d-%m-%Y'), 3174160570, 'cajg36@gmail.com', 'Maritza Zabala Rodríguez', 28982014, 'mzabala@fonade.gov.co'),
  ( 100  , 'Leidy Victoria López Ramos' ,  STR_TO_DATE('30-01-2015', '%d-%m-%Y'), STR_TO_DATE('31-12-2016', '%d-%m-%Y'), 3105919523, 'leidylopram@gmail.com', 'Esteban Oliveros', 3145665752, 'esteban.oliveros@cali.gov.co'),
  ( 101  , 'John Jairo Marulanda Patiño' ,  STR_TO_DATE('1-04-2014', '%d-%m-%Y'), STR_TO_DATE('31-12-2016', '%d-%m-%Y'), 3122650062, 'puntovivedigitaldepartamental@gmail.com', 'Esteban Oliveros Montoya', 6677400, 'esteban.oliveros@cali.gov.co'),
  ( 102  , 'William Londoño Torres' ,  STR_TO_DATE('7-07-2016', '%d-%m-%Y'), STR_TO_DATE('31-12-2016', '%d-%m-%Y'), 3177699804, 'willon@misena.edu.co', 'Fabiola Gonzalez Acevedo', 3154098345, 'fabiola.gonzalez@cali.gov.co'),
  ( 103  , 'Daniela Valdez' ,  STR_TO_DATE('14-01-2016', '%d-%m-%Y'), STR_TO_DATE('31-12-2016', '%d-%m-%Y'), 3004861952, 'nannialeja@gmail.com', 'Esteban Oliveros', 6677400, 'Esteban.oliveros@cali.gov.co'),
  ( 104  , 'Arledy Sarria Molina' ,  STR_TO_DATE('22-07-2016', '%d-%m-%Y'), STR_TO_DATE('31-12-2016', '%d-%m-%Y'), 3126884697, 'arledymoli@gmail.com', 'Esteban Oliveros', 6677400, 'esteban.oliveros@cali.gov.co'),
  ( 105  , 'Carolina Morales Campos' ,  STR_TO_DATE('18-07-2016', '%d-%m-%Y'), STR_TO_DATE('31-12-2016', '%d-%m-%Y'), 3014042504, 'carolina.morales@cali.gov.co', 'Esteban Oliveros Montoya', 6677400, 'esteban.oliveros@Cali.gov.co'),
  ( 106  , 'PAULO ANDRES TRUJILLO GIRALDO' ,  STR_TO_DATE('12-07-2016', '%d-%m-%Y'), STR_TO_DATE('31-12-2016', '%d-%m-%Y'), 3182617778, 'paulo.trujillo@cali.gov.co', 'fabiola gonzales', 3154098345, 'fabiola.gonzales@cali.gov.co'),
  ( 107  , 'Iván Darío Ortega Salamanca' ,  STR_TO_DATE('24-07-2016', '%d-%m-%Y'), STR_TO_DATE('31-12-2016', '%d-%m-%Y'), 3176801485, 'idortegas22@gmail.com', 'Esteban Oliveros Montoya', 6677400, 'esteban.oliveros@cali.gov.co'),
  ( 108  , 'Marithzabel Gallego Vanegas' ,  STR_TO_DATE('4-02-2016', '%d-%m-%Y'), STR_TO_DATE('31-12-2016', '%d-%m-%Y'), 3136548417, 'marygallego215@hotmail.com', 'Esteban Oliveros', 6677400, 'esteban.oliveros@cali.gov.co'),
  ( 109  , 'estefany salazar minota ' ,  STR_TO_DATE('7-07-2016', '%d-%m-%Y'), STR_TO_DATE('31-12-2016', '%d-%m-%Y'), 3204818174, 'esalazarr23@gmail.com', 'esteban oliveros montoya ', 6677400, 'esteban.oliveros@cali.gov.co'),
  ( 110  , 'Darwin Paul Zuñiga Alcala' ,  STR_TO_DATE('1-02-2016', '%d-%m-%Y'), STR_TO_DATE('31-12-2016', '%d-%m-%Y'), 3185408514, 'darwin.zuniga@correounivalle.edu.co', 'fabiola gonzalez', 3154098345, 'fabiola.gonzalez@cali.gov.co'),
  ( 111  , 'DIego Armando Burbano Salcedo' ,  STR_TO_DATE('12-07-2016', '%d-%m-%Y'), STR_TO_DATE('30-12-2016', '%d-%m-%Y'), 3168293164, 'diego278911@gmail.com', 'Diego Armando Burbano Salcedo', 3324994, 'diego278911@gmail.com'),
  ( 112  , 'Jaime Rodriguez' ,  STR_TO_DATE('1-01-2016', '%d-%m-%Y'), STR_TO_DATE('31-12-2016', '%d-%m-%Y'), 3146845567, 'jarvin16@hotmail.com', 'Fabiola gonzales', 3154098345, 'fabiola.gonzalez@cali.gov.co'),
  ( 113  , 'Wilber Lozano Hernandéz' ,  STR_TO_DATE('10-1-0216', '%d-%m-%Y'), STR_TO_DATE('1-10-2016', '%d-%m-%Y'), 3207512689, 'cali.pvd2@gmail.com', 'Jhon Jairo Ortiz ', 3207512689, 'wilber.lozano@correo.policia.gov.co'),
  ( 114  , 'Diego F. Morales' ,  STR_TO_DATE('15-07-2016', '%d-%m-%Y'), STR_TO_DATE('31-12-2016', '%d-%m-%Y'), 3148111208, 'diego.fdo.morales.gutierrez@gmail.com', 'FABIOLA GONZÁLEZ ACEVEDO - Alcadia de santiago de cali',  28982014, 'fabiola.gonzalez@cali.gov.co'),
  ( 115  , 'LUIS FERNANDO FIGUEROA MOSQUERA' ,  STR_TO_DATE('15-10-2014', '%d-%m-%Y'), STR_TO_DATE('31-12-2016', '%d-%m-%Y'), 3045396049, 'LUIS.FERNANDO.FIGUEROA1@GMAIL.COM', 'FABIOLA GONZALEZ', 3154098345, 'FABIOLA.GONZALEZ@CALI.GOV.CO'),
  ( 116  , 'Claudia Patricia Rozo' ,  STR_TO_DATE('15-07-2016', '%d-%m-%Y'), STR_TO_DATE('31-12-2016', '%d-%m-%Y'), 3162986363, 'claudia.rozo@cali.gov.co', 'Fabiola González', 8879020, 'fabiola.gonzalez@cali.gov.co'),
  ( 117  , 'Derlly Pantoja Montaño' ,  STR_TO_DATE('29-01-2015', '%d-%m-%Y'), STR_TO_DATE('31-12-2016', '%d-%m-%Y'), 3013835608, 'derpan2000@gmail.com', 'Esteban Oliveros Montoya', 6677400, 'esteban.oliveros@cali.gov.co'),
  ( 118  , 'Reynel Marin Diosa' ,  STR_TO_DATE('1-11-2013', '%d-%m-%Y'), STR_TO_DATE('31-12-2016', '%d-%m-%Y'), 3226251240, 'reysanto86@gmail.com', 'fabiola gonzalez', 3154098345, 'fabiola.gonzalez@cali.govco'),
  ( 119  , 'Rosa Elena Taquinas' ,  STR_TO_DATE('10-03-2016', '%d-%m-%Y'), STR_TO_DATE('30-12-2016', '%d-%m-%Y'), 3218728225, 'bibliopvdsena@gmail.com', 'Fabiola  Gonzalez ', 3154098345, 'fabiola.gonzalez@cali.gov.co'),
  ( 120  , 'DEISY VALENCIA DIAZ' ,  STR_TO_DATE('15-07-2016', '%d-%m-%Y'), STR_TO_DATE('15-12-2016', '%d-%m-%Y'), 3136233567, 'dey-2918@hotmail.com', 'Alcaldía municipal  Candelaria ', 2646209 , 'contactenos@candelaria-valle.gov.co'),
  ( 121  , 'Marco Aurelio Cano Garcia' ,  STR_TO_DATE('1-02-2016', '%d-%m-%Y'), STR_TO_DATE('27-12-2016', '%d-%m-%Y'), 3163668165, 'marcocano89@hotmail.com', 'Hemerchi Bravo', 3172972750, 'hbravosa@yahoo.es'),
  ( 122  , 'JHON ALEXANDER SANDOVAL GOLU' ,  STR_TO_DATE('1-02-2016', '%d-%m-%Y'), STR_TO_DATE('9-12-2016', '%d-%m-%Y'), 3145880621, 'jhonalex-2893@hotmail.com', 'ALCALDIA MUNICIPAL_FLORIDA VALLE', 2644011, 'contactenos@florida-valle.gov.co'),
  ( 123  , 'ALEXANDER ELIUD ROJAS MILLAN' ,  STR_TO_DATE('16-01-2002', '%d-%m-%Y'), STR_TO_DATE('16-01-2030', '%d-%m-%Y'), 3113688283, 'puntovivedigital@lavictoria-valle.gov.co', 'ALEXANDER ROJAS MILLAN', 3113688283, 'sistemas@lavictoria-valle.gov.co'),
  ( 124  , 'Alvaro Javier Ospina' ,  STR_TO_DATE('29-04-2016', '%d-%m-%Y'), STR_TO_DATE('29-01-2017', '%d-%m-%Y'), 3163027468, 'alvaro.j_ospina@hotmail.com', 'Maria Rosario Tasama Jimenez', 3164684890, 'maria.tasama@palmira.gov.co'),
  ( 125  , 'cristian fabian gutierrez' ,  STR_TO_DATE('1-03-2016', '%d-%m-%Y'), STR_TO_DATE('31-12-2016', '%d-%m-%Y'), 3138079127, 'guti0117@hotmail.com', 'yerli plazas ', 3206355150, 'yerli.asamblea@hotmail.com'),
  ( 126  , 'FANERY OSORIO DIAZ' ,  STR_TO_DATE('18-01-2016', '%d-%m-%Y'), STR_TO_DATE('18-12-2016', '%d-%m-%Y'), 3105496080, 'roldanillopvd@gmail.com', 'jaime rios alvarez', 2490000, 'alcaldia@roldanillo-valle.gov.co'),
  ( 127  , 'Lina Fernanda toro Henao' ,  STR_TO_DATE('22-02-2016', '%d-%m-%Y'), STR_TO_DATE('30-12-2016', '%d-%m-%Y'), 3136007912, 'sevillapvd@gmail.com', 'Dayana Álzate Davila', 3113220012, 'salud@sevilla-valle.gov.co'),
  ( 128  , 'LUIS FERNANDO LOPEZ OCAMPO' ,  STR_TO_DATE('1-10-2014', '%d-%m-%Y'), STR_TO_DATE('01-01-2016 ', '%d-%m-%Y'), 1 , '', '', 1 , ''),
  ( 129  , 'Ana Catalina Gallego Verbel' ,  STR_TO_DATE('1-02-2016', '%d-%m-%Y'), STR_TO_DATE('31-12-2016', '%d-%m-%Y'), 3166425087, 'pvdjag@fundatic.co', 'Alcaldía Municipal de Tuluá', 2339300, 'tic@tulua.gov.co'),
  ( 130  , 'LEONARDO ANTONIO CARVAJAL RESTREPO' ,  STR_TO_DATE('18-11-2015', '%d-%m-%Y'), STR_TO_DATE('31-12-2016', '%d-%m-%Y'), 3113595207, 'LEONARDO.CARVAJAL6578@CORREO.POLICIA.GOV.CO', 'NILSON HERNAN FIGUEROA', 3212039956, 'NILSON.FIGUEROA@CORREO.POLICIA.GOV.CO'),
  ( 131  , 'Harwin Orlando Sanchez Lizalda' ,  STR_TO_DATE('4-02-2016', '%d-%m-%Y'), STR_TO_DATE('4-11-2016', '%d-%m-%Y'), 3187140232, 'harwinsl@gmail.com', 'Heberth Arturo Segura', 3182907853, 'informatica@zarzal-valle.gov.co'),
  ( 132  , 'John William Jimenez Alavrez' ,  STR_TO_DATE('30-04-2016', '%d-%m-%Y'), STR_TO_DATE('31-12-2018', '%d-%m-%Y'), 3127120252, 'johnwilliamjimenezalvarez637@gmail.com', 'Osciel Gomez', 3126550394, 'oscidicol@gmail.com'),
  ( 133  , 'Mauricio Alexander Blandón Villegas ' ,  STR_TO_DATE('10-08-2016', '%d-%m-%Y'), STR_TO_DATE('9-12-2016', '%d-%m-%Y'), 3005007283, 'mauro.blandon76@gmail.com', 'Alejandro Henao ', 3004937060, 'mauro.blandon76@gmail.com'),
  ( 134  , 'Leonardo ' ,  STR_TO_DATE('24-02-2016', '%d-%m-%Y'), STR_TO_DATE('24-12-2016', '%d-%m-%Y'), 3104388933, 'leovm24@hotmail.com', 'Erica', 3216164925, 'educacion@liborina-antioquia.gov.co'),
  ( 135  , 'ANA LUCIA CEBALLOS CASTAÑO' ,  STR_TO_DATE('31-03-2016', '%d-%m-%Y'), STR_TO_DATE('31-12-2016', '%d-%m-%Y'), 3216707119, 'puntovivedigital@marinilla-antioquia.gov.co', 'WILLIAM GIRALDO OROZCO', 3207886062, 'sistemas@marinilla-antioquia.gov.co'),
  ( 136  , 'Juan Diego Giraldo Gómez' ,  STR_TO_DATE('24-06-2016', '%d-%m-%Y'), STR_TO_DATE('15-02-2017', '%d-%m-%Y'), 3104555201, 'unalmedpvd@unal.edu.co', 'Jairo Alexander Osorio', 4309000, 'decagron_med@unal.edu.co'),
  ( 137  , 'Anderson Tamayo Machado' ,  STR_TO_DATE('5-10-2016', '%d-%m-%Y'), STR_TO_DATE('20-12-2016', '%d-%m-%Y'), 3005595883, 'andersonhiram@hotmail.com', 'Anderson Tamayo Machado', 3005595883, 'sancristobal.telecentros@gmail.com'),
  ( 139  , 'Wilson Arteaga' ,  STR_TO_DATE('1-06-2014', '%d-%m-%Y'), STR_TO_DATE('21-12-2016', '%d-%m-%Y'), 3217467050, 'pvdmontebello@gmail.com', 'Luisa Maria Amariles', 8480564, 'planeacion@montebello-antioquia.gov.co'),
  ( 141  , 'CARLOS MARIO PULGARIN RESTREPO' ,  STR_TO_DATE('5-09-2016', '%d-%m-%Y'), STR_TO_DATE('5-12-2016', '%d-%m-%Y'), 3225516856, 'pvd@mutata-antioquia.gov.co', 'JORGE IGNACIO CASTRILLON GRACIANO', 3117107926, 'proyectos@mutata-antioquia.gov.co'),
  ( 142  , 'Yurany Grisales Ospina' ,  STR_TO_DATE('1-02-2016', '%d-%m-%Y'), STR_TO_DATE('10-12-2016', '%d-%m-%Y'), 3218166495, 'pvd@narino-antioquia.gov.co', 'Jorge Alirio Orozco Cortes', 3217468434, 'educacionycultura@narino-antioqui.gov.co'),
  ( 143  , 'EDWIN ALEXANDER GALLO ZULUAGA' ,  STR_TO_DATE('12-04-2016', '%d-%m-%Y'), STR_TO_DATE('20-10-2016', '%d-%m-%Y'), 3145220703, 'edwingallo94@hotmail.com', 'BYRON URREA GUARÍN', 3148856551, 'cultura@elpenol-antioquia.gov.co'),
  ( 144  , 'Anderson Buritica Marin' ,  STR_TO_DATE('19-09-2016', '%d-%m-%Y'), STR_TO_DATE('18-12-2016', '%d-%m-%Y'), 3216262418, 'juventudamiga@gmail.com', 'Byron Urrea Guarin', 3148856551, 'cultura@elpenol-antioquia.gov.co'),
  ( 145  , 'Jose Andres ' ,  STR_TO_DATE('30-07-2016', '%d-%m-%Y'), STR_TO_DATE('30-11-2016', '%d-%m-%Y'), 3122342791, 'japulidoq@hotmail.com', 'Mauricio Antonio Restrepo', 8532774, 'ieaurelianoflorezcardona@sedcaldas.gov.co'),
  ( 146  , 'Karen Eliana Cardona Carmona' ,  STR_TO_DATE('6-02-2016', '%d-%m-%Y'), STR_TO_DATE('9-11-2016', '%d-%m-%Y'), 3116144806, 'karencard91@hotmail.com', 'Juan David Salazar López (Secretario de planeación, proyectos especiales y calidad)', 3148160965, 'planeacion@aranzazu-caldas.gov.co'),
  ( 147  , 'Claudia Lucia Quintero Reinosa                       ' ,  STR_TO_DATE('1-07-2016', '%d-%m-%Y'), STR_TO_DATE('31-12-2016', '%d-%m-%Y'), 3113031832, 'clauserquintero@hotmail.com', 'Alcaldia Municipal ', 3113102355, 'adrianrestrepo33@gmail.com'),
  ( 148  , 'FELIPE JARAMILLO SÁNCHEZ' ,  STR_TO_DATE('15-05-2016', '%d-%m-%Y'), STR_TO_DATE('31-12-2016', '%d-%m-%Y'), 3137951047, 'puntoviveverdum@gmail.com', 'ADRIAN BAUTISTA RESTREPO', 3113102355, 'informatica@chinchina-caldas.gov.co'),
  ( 149  , 'DIANA CAROLINA CARDONA ECHEVERRY' ,  STR_TO_DATE('1-09-2016', '%d-%m-%Y'), STR_TO_DATE('31-12-2016', '%d-%m-%Y'), 3105281476, 'dianacarolinace@yahoo.es', 'ALCALDE SERGIO LÓPEZ ARIAS', 8402380, 'alcaldia@chinchina-caldas.gov.co'),
  ( 150  , 'Willis Alberto Salcedo Ruiz' ,  STR_TO_DATE('1-01-2016', '%d-%m-%Y'), STR_TO_DATE('1-01-2017', '%d-%m-%Y'), 3006129269, 'willi_1968@hotmail.com', 'Willis Alberto Salcedo Ruiz', 3006129269, 'ladoradapvd@gmail.com'),
  ( 151  , 'Alba Dimian Marin Quintero' ,  STR_TO_DATE('14-05-2015', '%d-%m-%Y'), STR_TO_DATE('31-12-2016', '%d-%m-%Y'), 3117395289, 'dimianmarin@hotmail.com', 'Claudia Marcela Alzate Toro', 3122811669, 'marcelaalzate3@hotmail.com'),
  ( 152  , 'juan nepomuceno avendaño garcia' ,  STR_TO_DATE('2-02-2015', '%d-%m-%Y'), STR_TO_DATE('31-12-2018', '%d-%m-%Y'), 3214153778, 'juan.avendano@correo.policia.gov.co', 'JOVANI ALEXANDER BENAVIDES QUIMBAYO', 3123061592, 'esagu.direc@policia.gov.co'),
  ( 153  , 'ANDRES CEBALLOS LÓPEZ' ,  STR_TO_DATE('1-01-2016', '%d-%m-%Y'), STR_TO_DATE('31-12-2016', '%d-%m-%Y'), 3122885117, 'andres.ceballos5162@correo.policia.gov.co', 'German Gallo', 3148869800, 'ricardo.gallo@manizales.gov.co'),
  ( 154  , 'Carlos Andres Castaño Giraldo' ,  STR_TO_DATE('1-05-2015', '%d-%m-%Y'), STR_TO_DATE('2-11-2016', '%d-%m-%Y'), 3017956234, 'ggafass@gmail.com', 'Mary Luz Grajales Carmona', 3127158653, 'mary.grajales@manizales.gov.co'),
  ( 156  , 'Edisson Salgado Polo' ,  STR_TO_DATE('20-03-2015', '%d-%m-%Y'), STR_TO_DATE('6-10-2016', '%d-%m-%Y'), 3165390873, 'apolo23ing@gmail.com', 'Jorge Mario Jaramillo', 3003608343, 'jorge.jaramillo@manizales.gov.co'),
  ( 157  , 'Sandra Milena Duque Castaño' ,  STR_TO_DATE('1-08-2016', '%d-%m-%Y'), STR_TO_DATE('9-12-2016', '%d-%m-%Y'), 3102567778, 'sanduques330@hotmail.com', 'Jorge Alberto Duque Gaviria', 3127772102, 'iemanzanares@sedcaldas.gov.co'),
  ( 158  , 'Yohanina Gonzales Gil' ,  STR_TO_DATE('1-04-2016', '%d-%m-%Y'), STR_TO_DATE('31-12-2016', '%d-%m-%Y'), 3234671790, 'joha-susi@hotmail.com', 'Alcaldia Municipal', 3216408134, 'desarrollosocial@marmato-caldas.gov.co'),
  ( 159  , 'Juliana Martínez ' ,  STR_TO_DATE('1-01-2016', '%d-%m-%Y'), STR_TO_DATE('31-12-2016', '%d-%m-%Y'), 3214374829, 'julicaromartinez@gmail.com', 'tatiana Hoyos ', 3214374829, 'desarrollohumanoysocial@marquetalia-caldas.gov.co'),
  ( 160  , 'Juan Manuel Slagado Marín' ,  STR_TO_DATE('1-01-2016', '%d-%m-%Y'), STR_TO_DATE('31-12-2016', '%d-%m-%Y'), 3206547224, 'Juano580@hotmail.com', 'Jhon Garcia', 3128720804, 'agarcia@fonade.gov.co'),
  ( 161  , 'VALENTIN QUINTERO VALENCIA' ,  STR_TO_DATE('25-01-2016', '%d-%m-%Y'), STR_TO_DATE('28-12-2016', '%d-%m-%Y'), 3117273444, 'puntovivedigitalpalestina01@gmail.com', 'SEBASTIAN RAMIREZ', 3153048586, 'coordinacionplaneacion@palestina-caldas.gov.co'),
  ( 162  , 'ANDRES FELIPE ARIAS CARMONA' ,  STR_TO_DATE('25-01-2016', '%d-%m-%Y'), STR_TO_DATE('28-12-2016', '%d-%m-%Y'), 3136312017, 'pipearias57@gmail.com', 'ALCALDIA MUNICIPAL DE PALESTINA', 8710460, 'alcaldia@palestina-caldas.gov.co'),
  ( 163  , 'TANIA SOLEY SUAREZ DIAZ' ,  STR_TO_DATE('4-01-2016', '%d-%m-%Y'), STR_TO_DATE('29-12-2017', '%d-%m-%Y'), 3022132724, 'VDIGITAL@RIOSUCIO-CALDAS.GOV.CO', 'ALCALDE', 368594830, 'ALCALDIA@RIOSUCIO-CALDAS.GOV.CO'),
  ( 164  , 'JORGE IVAN ZAPATA RIVEROS' ,  STR_TO_DATE('2-08-2016', '%d-%m-%Y'), STR_TO_DATE('1-11-2016', '%d-%m-%Y'), 3136547894, 'jzapata@armenia.gov.co', 'MARIA EUGENIA NIÑO BARRAGAN', 3162809289, 'mnbarragan@armenia.gov.co'),
  ( 165  , 'Juliana Sánchez Vera' ,  STR_TO_DATE('2-07-2016', '%d-%m-%Y'), STR_TO_DATE('1-11-2016', '%d-%m-%Y'), 3002045308, 'jsanchezv@armenia.gov.co', 'Carlos Fernando Benítez Zapata', 3117779961, 'cbenitez@armenia.gov.co'),
  ( 166  , 'Cesar Gomez Gallego' ,  STR_TO_DATE('2-08-2016', '%d-%m-%Y'), STR_TO_DATE('1-11-2016', '%d-%m-%Y'), 3104306698, 'cgomez@armenia.gov.co', 'Carlos Fernando Benitez Zapata', 3137457518, 'cbenitez@armenia.gov.co'),
  ( 167  , 'Carlos Augusto cancimance A.' ,  STR_TO_DATE('2-08-2016', '%d-%m-%Y'), STR_TO_DATE('2-11-2016', '%d-%m-%Y'), 3116226278, 'cacancimance@armenia.gov.co', 'Maria Eugenia Niño barrragan', 367417100, 'mnbarragan@armenia.gov.co'),
  ( 168  , 'Lady Johanna Vera Torres' ,  STR_TO_DATE('2-08-2016', '%d-%m-%Y'), STR_TO_DATE('1-11-2016', '%d-%m-%Y'), 3147647914, 'ljvera@armenia.gov.co', 'Alcaldía de Armenia', 3117779961, 'cbenitez@armenia.gov.co'),
  ( 169  , 'Carolina Henao' ,  STR_TO_DATE('7-01-2016', '%d-%m-%Y'), STR_TO_DATE(' 01-01-2016', '%d-%m-%Y'), 1 , '', '', 1 , ''),
  ( 170  , 'JESUS DAVID ALZATE RAMIREZ' ,  STR_TO_DATE('2-08-2016', '%d-%m-%Y'), STR_TO_DATE('1-11-2016', '%d-%m-%Y'), 3103954200, 'jdalzate@armenia.gov.co', ' MARIA EUGENIA NIÑO BARRAGAN', 3162809289, 'mnbarragan@armenia.gov.co'),
  ( 171  , 'CARLOS ANDRES GALLEGO URIBE' ,  STR_TO_DATE('28-12-2014', '%d-%m-%Y'), STR_TO_DATE('31-12-2016', '%d-%m-%Y'), 3007860086, 'carlos.gallego5239@correo.policia.gov.co', 'Teniente JULIAN GARCIA OROZCO', 3183850993, 'julian.garcia1293@correo.policia.gov.co'),
  ( 172  , 'Richard Pardo Cardona' ,  STR_TO_DATE('12-05-2016', '%d-%m-%Y'), STR_TO_DATE('8-10-2016', '%d-%m-%Y'), 3105357317, 'puntovivedigitalarmenia@gmail.com', 'Bernardo Arango', 3147907761, 'directortic@gobernacionquindio.gov.co'),
  ( 173  , 'LUIS GUILLERMO CAMPOS RODRIGUEZ' ,  STR_TO_DATE('3-12-2014', '%d-%m-%Y'), STR_TO_DATE('3-12-2025', '%d-%m-%Y'), 3127843128, 'luisguillermocd9@gmail.com', 'ALCALDIA DE ARMENIA', 3127105698, 'ngs0107@gmail.com'),
  ( 174  , 'ANGELA MARIA CLAVIJO RODRIGUEZ' ,  STR_TO_DATE('1-07-2015', '%d-%m-%Y'), STR_TO_DATE('6-12-2016', '%d-%m-%Y'), 3122112574, 'angelamariaclavijor@hotmail.com', 'NELSON SABOGAL', 3127105698, 'ngsabogal@armenia.gov.co'),
  ( 175  , 'Alvaro Andres Lozano m' ,  STR_TO_DATE('2-02-2015', '%d-%m-%Y'), STR_TO_DATE('9-12-2016', '%d-%m-%Y'), 3148910841, 'andreloza84@gmail.com', 'nelson sabogal', 3127105698, 'ngs0107@gmail.com'),
  ( 176  , 'FELMABER GARZON MUÑOZ' ,  STR_TO_DATE('2-02-2016', '%d-%m-%Y'), STR_TO_DATE('15-12-2016', '%d-%m-%Y'), 3152056758, 'fgarzonm@sena.edu.co', 'ALEJANDRO URREA', 3006760523, 'quindio@mintic.gov.co'),
  ( 177  , 'LUZ MARIA QUINTERO AMEZQUITA' ,  STR_TO_DATE('2-08-2016', '%d-%m-%Y'), STR_TO_DATE('1-11-2016', '%d-%m-%Y'), 3146516581, 'luzmy22_1@hotmail.com', 'ALCALDIA DE ARMENIA', 3146516581, 'lmquintero@armenia.gov.co'),
  ( 178  , 'Juan Camilo Murillo Bonilla' ,  STR_TO_DATE('18-04-2016', '%d-%m-%Y'), STR_TO_DATE('27-11-2016', '%d-%m-%Y'), 3148268153, 'jcamilomurillobonilla@gmail.com', 'María Eugenia Rivera Carmona', 3122965423, 'maeugeniariverac@gmail.com'),
  ( 179  , 'YOHAN SEBASTIAN GONZALEZ RESTREPO' ,  STR_TO_DATE('23-03-2016', '%d-%m-%Y'), STR_TO_DATE('30-12-2016', '%d-%m-%Y'), 3117853998, 'sebitaaz01@gmail.com', 'alejandro vasquez ', 3206054111, 'oficinadesistemas2@calarca-quindio.gov.co'),
  ( 180  , 'RICARDO PACHON ALZATE' ,  STR_TO_DATE('7-10-2016', '%d-%m-%Y'), STR_TO_DATE('21-12-2016', '%d-%m-%Y'), 3163694229, 'PACHON_19@HOTMAIL.COM', 'MARIA EUGENIA RIVERA', 3122965423, 'maeugeniariverac@gmail.com'),
  ( 181  , 'MARÍA EUGENIA BEDOYA MARIN' ,  STR_TO_DATE('13-10-2016', '%d-%m-%Y'), STR_TO_DATE('22-12-2016', '%d-%m-%Y'), 3114191808, 'mariae-1031@hotmail.com', 'MARIA EUGENIA RIVERA CARMONA', 3122965423, 'maeugeniariverac@gmail.com'),
  ( 182  , 'Jorge Hernan Roa Rios' ,  STR_TO_DATE('25-06-2015', '%d-%m-%Y'), STR_TO_DATE('1-1-0001', '%d-%m-%Y'), 3176813217, 'puntovivedigital@circasia-quindio.gov.co', 'Luis Hernando Galindo', 3183897862, 'admnistrativa@circasia-quindio.gov.co'),
  ( 183  , 'Jorge Alberto Madrid' ,  STR_TO_DATE('7-10-2016', '%d-%m-%Y'), STR_TO_DATE('21-12-2016', '%d-%m-%Y'), 3147081693, 'jorge90119@hotmail.com', 'Maria Eugenia Rivera', 3122965423, 'maeugeniariverac@gmail.com'),
  ( 184  , 'julian fernando gutierrez marulanda ' ,  STR_TO_DATE('5-10-2016', '%d-%m-%Y'), STR_TO_DATE('20-12-2016', '%d-%m-%Y'), 3006302330, 'julian_jfgm@hotmail.com', 'maria eugenia rivera carmona ', 3002526252, 'maeugeniariverac@gmail.com'),
  ( 185  , 'YIJED CATERINE VANEGAS CANO' ,  STR_TO_DATE('9-04-2015', '%d-%m-%Y'), STR_TO_DATE('31-12-2016', '%d-%m-%Y'), 3217359157, 'katerine8567@hotmail.es', 'ALCALDÍA MUNICIPAL DE  APIA RISARALDA ', 363609021, 'alcaldia.apia.planeacion@risaralda.gov.co'),
  ( 186  , 'GLORIA LIZETH ANGEL ' ,  STR_TO_DATE('15-05-2015', '%d-%m-%Y'), STR_TO_DATE('30-12-2016', '%d-%m-%Y'), 3217697339, 'lizethangel2014@gmail.com', 'YEFERSON ROMAN ', 3206299615, 'comunidad@balboa-risaralda.gov.co'),
  ( 187  , 'Oscar Andrés Guerrero Palacio' ,  STR_TO_DATE('1-02-2016', '%d-%m-%Y'), STR_TO_DATE('31-12-2016', '%d-%m-%Y'), 3116335553, '9oskar@gmail.com', 'Jimmy Andrés Zuleta Moncada', 3206969845, 'deporteycultura@belendeumbria-risaralda.gov.co'),
  ( 188  , 'Johnny Rave Arias' ,  STR_TO_DATE('30-08-2016', '%d-%m-%Y'), STR_TO_DATE('30-12-2016', '%d-%m-%Y'), 3117035816, 'jrasistemas@hotmail.com', 'Jemay Alexander López Vélez', 3113119098, 'jemay.lopez@risaralda.gov.co'),
  ( 189  , 'Carlos Andres Ramirez Segura' ,  STR_TO_DATE('2-05-2016', '%d-%m-%Y'), STR_TO_DATE('31-12-2016', '%d-%m-%Y'), 3217135379, 'candresrz@gmail.com', 'Maylline Arboleda', 3144560332, 'marboleda@dosquebradas.gov.co'),
  ( 190  , 'hector fabio diaz alzate' ,  STR_TO_DATE('27-03-2016', '%d-%m-%Y'), STR_TO_DATE('31-12-2016', '%d-%m-%Y'), 3234179545, 'diazhector870@gmail.com', 'alcadia de dosquebradas', 3234179545, 'diazhector870@gmail.com'),
  ( 191  , 'Bayron Restrepo Bedoya' ,  STR_TO_DATE('22-03-2016', '%d-%m-%Y'), STR_TO_DATE('31-12-2016', '%d-%m-%Y'), 3147733352, 'Brestrepo@dosquebradas.gov.co', 'Liliana Rueda Ramirez   - Secretaria de Desarrollo Económico y Competitividad', 3136934826, 'dosquebradasempresarial@dosquebradas.gov.co'),
  ( 192  , 'WILLIAM LOPEZ CASTAÑO' ,  STR_TO_DATE('17-06-2016', '%d-%m-%Y'), STR_TO_DATE('31-12-2016', '%d-%m-%Y'), 3113897385, 'vivewilly@gmail.com', 'Dr  LILIANA RUEDA RAMIREZ', 3136934826, 'lrueda@dosquebradas.gov.co'),
  ( 193  , 'ADRIAN JARAMILLO ECHEVERRY' ,  STR_TO_DATE('1-02-2016', '%d-%m-%Y'), STR_TO_DATE('31-12-2016', '%d-%m-%Y'), 3117826639, 'jaramillo.adrian@gmail.com', 'lina del mar londoño mustafa', 3207761961, 'linadelmarlomu@hotmail.com'),
  ( 194  , 'Alissan Kristin Tarcia Tabima' ,  STR_TO_DATE('16-02-2016', '%d-%m-%Y'), STR_TO_DATE('31-12-2016', '%d-%m-%Y'), 3215144231, 'vivedigitallavirginia@gmail.com', 'Licet Ospina Campo', 3117108414, 'subdesocial@lavirginia-risaralda.gov.co'),
  ( 195  , 'Ricardo Mondragon E' ,  STR_TO_DATE('5-05-2016', '%d-%m-%Y'), STR_TO_DATE('10-12-2016', '%d-%m-%Y'), 3207485413, 'PVDVillaConsota@outlook.com', 'Diego Bonilla', 3104250820, 'diego.bonilla@pereira.gov.co'),
  ( 196  , 'Maximiliano Echeverry Giraldo' ,  STR_TO_DATE('23-08-2016', '%d-%m-%Y'), STR_TO_DATE('8-12-2016', '%d-%m-%Y'), 3104009453, 'maxycheve@gmail.com', 'Alcaldia de Pereira Planeación', 3104250820, 'diego.bonilla@pereira.gov.co'),
  ( 197  , 'andres felipe bedoya' ,  STR_TO_DATE('11-08-2016', '%d-%m-%Y'), STR_TO_DATE('11-12-2016', '%d-%m-%Y'), 3015584100, 'andresfelipebedoyatoro@gmail.com', 'diego bonilla arias', 3104250820, 'diego.bonilla@pereira.gov.co'),
  ( 198  , 'JOHAN STEVEN VERGARA MORALES ' ,  STR_TO_DATE('10-07-2016', '%d-%m-%Y'), STR_TO_DATE('10-12-2016', '%d-%m-%Y'), 3103910942, 'JOHAN207@HOTMAIL.ES', 'INSTITUCION EDUCATIVA LEON XIII', 8515716, 'PVDPLUSELPENOL@GMAIL.COM'),
  ( 199  , 'Edgardo Galvis Ospina' ,  STR_TO_DATE('2-05-2016', '%d-%m-%Y'), STR_TO_DATE('15-12-2016', '%d-%m-%Y'), 3218174274, 'tatogalvis1@gmail.com', 'César Agusto Callejas ', 3105952488, 'educacion@puertoberrio-antioquia.gov.co'),
  ( 200  , 'Juan David Franco Cardona' ,  STR_TO_DATE('25-07-2016', '%d-%m-%Y'), STR_TO_DATE('31-12-2016', '%d-%m-%Y'), 3217657868, 'cofran578@gmail.com', 'Luis Alfredo Toro', 3127326202, 'luisalfredo.torom@gmail.com'),
  ( 201  , 'Raul Alfonso Rocha Molina' ,  STR_TO_DATE('1-05-2016', '%d-%m-%Y'), STR_TO_DATE('31-10-2016', '%d-%m-%Y'), 3104496643, 'raulrocham84@gmail.com', 'TC Gabriel Gracia ', 3104496643, 'director@cetad.co'),
  ( 202  , 'Julian Davila Baena' ,  STR_TO_DATE('20-07-2016', '%d-%m-%Y'), STR_TO_DATE('31-12-2016', '%d-%m-%Y'), 3024372736, 'soyticrionegro@gmail.com', 'Frandidier  Gomez', 3117795484, 'frandier@yahoo.com'),
  ( 203  , 'Andres Felipe Posada Carmona' ,  STR_TO_DATE('1-03-2016', '%d-%m-%Y'), STR_TO_DATE('31-12-2016', '%d-%m-%Y'), 3194018494, 'pvdsabaneta@gmail.com', 'Julio Cesar Carmona', 3104299131, 'dir.informatica@sabaneta.gov.co'),
  ( 204  , 'paola andrea chavarria londoño ' ,  STR_TO_DATE('15-02-2016', '%d-%m-%Y'), STR_TO_DATE('30-12-2016', '%d-%m-%Y'), 3206583748, 'estefann@hotmail.es', 'alcaldia municipal ', 8618071, 'elprofe123@hotmail.com'),
  ( 205  , 'Sara Gómez Vanegas' ,  STR_TO_DATE('1-03-2016', '%d-%m-%Y'), STR_TO_DATE('31-12-2016', '%d-%m-%Y'), 3234397692, 'saragova1@hotmail.com', 'Sergio Andres Restrepo', 8582249, 'educacion@sanjeronimo-antioquia.gov.co'),
  ( 206  , 'Angela Maria Perez Londoño' ,  STR_TO_DATE('18-02-2016', '%d-%m-%Y'), STR_TO_DATE('18-12-2016', '%d-%m-%Y'), 3207935780, 'angy1837@hotmail.com', 'Alcaldia Municipal San Jose de la Montaña', 8622714, 'alcaldia@sanjosedelamontana-antioquia.gov.co'),
  ( 207  , 'Vanessa Silgado Díaz' ,  STR_TO_DATE('1-04-2016', '%d-%m-%Y'), STR_TO_DATE('1-04-2018', '%d-%m-%Y'), 3105246921, 'vaneandnaty@hotmail.com', 'Edgar Pautt Florez', 3103400306, 'epauth@hotmail.com'),
  ( 208  , 'Yasmin Hernandez Arcila' ,  STR_TO_DATE('1-07-2016', '%d-%m-%Y'), STR_TO_DATE('31-12-2016', '%d-%m-%Y'), 3116010017, 'sanrafaelpvd@gmail.com', 'Hugo Leon Roldan Maya', 3508104170, 'gobierno@sanrafael-antioquia.gov.co'),
  ( 209  , 'VICTOR ALFONSO ESTRADA' ,  STR_TO_DATE('15-01-2016', '%d-%m-%Y'), STR_TO_DATE('31-12-2016', '%d-%m-%Y'), 3123439100, 'pvdsanroque@gmail.com', 'VICTOR ALFONSO ESTRADA CASTRILLON', 3123439100, 'pvdsanroque@gmail.com'),
  ( 210  , 'Dario de Jesús Henao Marín' ,  STR_TO_DATE('15-04-2016', '%d-%m-%Y'), STR_TO_DATE('30-12-2016', '%d-%m-%Y'), 3148882170, 'dhm.dario@hotmail.com', 'Fabiola de la Trinidad Agudelo Arias', 3148882350, 'fabiolagudeloarias@yahoo.es'),
  ( 211  , 'Carlos Alberto Mesa Hincapie' ,  STR_TO_DATE('1-01-1997', '%d-%m-%Y'), STR_TO_DATE('31-12-2016', '%d-%m-%Y'), 3105205730, 'alcaldiasro@hotmail.com', 'Alcaldia Santa Rosa de Osos', 8608020, 'seceducacion@santarosadeosos.gov.co'),
  ( 212  , 'Norberto Antonio Botero Restrepo' ,  STR_TO_DATE('4-03-2016', '%d-%m-%Y'), STR_TO_DATE('30-12-2016', '%d-%m-%Y'), 3116276696, 'lecua476@hotmail.com', 'Felix Gomez', 3113095818, 'educacion@segovia-antioquia.gov.co'),
  ( 213  , 'Natalia Aguirre Acosta' ,  STR_TO_DATE('1-10-2016', '%d-%m-%Y'), STR_TO_DATE('31-12-2016', '%d-%m-%Y'), 3127764749, 'pvdrisaraldacaldas@gmail.com', 'Juliana Holguin Rave', 3105190787, 'sistemas@risaralda-caldas.gov.co'),
  ( 214  , 'jose gabriel ramirez agudelo' ,  STR_TO_DATE('1-02-2016', '%d-%m-%Y'), STR_TO_DATE('31-12-2016', '%d-%m-%Y'), 3117059262, 'gabe06@hotmail.es', 'jose gabriel ramirez', 3117059262, 'gabe06@hotmail.es'),
  ( 215  , 'Daniela Gallego Raigoza' ,  STR_TO_DATE('9-02-2016', '%d-%m-%Y'), STR_TO_DATE('30-12-2016', '%d-%m-%Y'), 3128452936, 'danielagallego94@hotmail.com', 'Diana Marcela  Buitrago Gallego', 3127333671, 'desarrollo.gobierno@sanjose-caldas.gov.co'),
  ( 216  , 'SONIA JANETH CASTELLANOS MENDES' ,  STR_TO_DATE('18-01-2016', '%d-%m-%Y'), STR_TO_DATE('31-12-2016', '%d-%m-%Y'), 3105772689, 'SONIAJAN1966@GMAIL.COM', 'LUIS ALBERTO UMAÑA GARCIA', 3203473085, 'ALBERTOUMANA0919@HOTMAIL.COM'),
  ( 217  , 'JUAN CAMILO ALFREDO ROA PARRA' ,  STR_TO_DATE('15-02-2016', '%d-%m-%Y'), STR_TO_DATE('30-12-2016', '%d-%m-%Y'), 3178887236, 'puntovivedigital@ccduitama.org.co', 'ALCALDIA DUITAMA', 3203221137, 'adehaquizm@gmail.com'),
  ( 218  , 'Sonia Astrid Rico Mogollón' ,  STR_TO_DATE('11-07-2014', '%d-%m-%Y'), STR_TO_DATE('30-12-2016', '%d-%m-%Y'), 3112338294, 'sonyrico@misena.edu.co', 'Cesar Julio Peña Sánchez', 3124656434, 'cjpenas@misena.edu.co'),
  ( 219  , 'NATALIA RODRIGUEZ SUAREZ' ,  STR_TO_DATE('1-04-2016', '%d-%m-%Y'), STR_TO_DATE('25-12-2016', '%d-%m-%Y'), 3213789573, 'narosu1706@hotmail.com', 'IOVANNY GAMBOA MARTINEZ', 3124925763, 'almacen@moniquira-boyaca.gov.co'),
  ( 220  , 'Michelle stefany diaz gonzalez' ,  STR_TO_DATE('1-09-2016', '%d-%m-%Y'), STR_TO_DATE('28-02-2017', '%d-%m-%Y'), 3143946717, 'msdiaz13@misena.edu.co', 'César Julio Peña Sánchez ', 7721313 , 'cjpenas@misena.edu.co'),
  ( 221  , 'ZULMA PATRICIA HOLGUIN CONDIA' ,  STR_TO_DATE('21-10-2016', '%d-%m-%Y'), STR_TO_DATE('31-12-2016', '%d-%m-%Y'), 3142304631, 'pvdsecedu@gmail.com', 'ALCALDIA MUNICIPAL', 7702014, 'aducacion@sogamosoboyaca.gov.co'),
  ( 222  , 'LIGIA STELLA AVILA PULIDO ' ,  STR_TO_DATE('8-07-2016', '%d-%m-%Y'), STR_TO_DATE('31-12-2016', '%d-%m-%Y'), 3107608163, 'ligia.avila@correo.policia.gov.co', 'LIGIA STELLA AVILA PULIDO ', 3107608163, 'ligia.avila@correo.policia.go.co'),
  ( 223  , 'NANCY EDITH LARGO SALAS' ,  STR_TO_DATE('5-12-2014', '%d-%m-%Y'), STR_TO_DATE('30-06-2016', '%d-%m-%Y'), 3134411131, 'vivedigital.ectunja@gmail.com', 'CARCEL DISTRITAL INPEC TUNJA', 7433575, 'ec.tunja@inpec.gov.co'),
  ( 224  , 'ANGELICA PEÑA Y CARLOS RODRIGUEZ' ,  STR_TO_DATE('1-03-2016', '%d-%m-%Y'), STR_TO_DATE('30-12-2016', '%d-%m-%Y'), 3168912846, 'pvd@villadeleyva-boyaca.gov.co', 'CARLOS ARTURO RODRIGUEZ', 3103083287, 'tics@villadeleyva-boyaca.gov.co'),
  ( 225  , 'ARNOBER LADINO TREJOS' ,  STR_TO_DATE('1-01-2015', '%d-%m-%Y'), STR_TO_DATE('31-12-2016', '%d-%m-%Y'), 3146059154, 'arnovert@hotmail.com', 'EDUARD FERNANDO MESA F', 3146111515, 'alcaldia@supia-caldas.gov.co'),
  ( 226  , 'malory g. otalvaro sanchez ' ,  STR_TO_DATE('30-09-2016', '%d-%m-%Y'), STR_TO_DATE('30-11-2016', '%d-%m-%Y'), 3192883307, 'maloryot26@gmail.com', 'natalia cardona ', 3148017484, '|ncardona@sedcaldas.gov.co'),
  ( 227  , 'Carlos Andrés Renteria borja' ,  STR_TO_DATE('5-05-2016', '%d-%m-%Y'), STR_TO_DATE('5-08-2016', '%d-%m-%Y'), 3207739925, 'carb1995@live.com', 'Ariosto cordoba', 310450653, 'gerenciatic@quibdo-choco.gov.co'),
  ( 228  , 'Javier Alberto Palacios Palacios' ,  STR_TO_DATE('22-02-2016', '%d-%m-%Y'), STR_TO_DATE('2-12-2016', '%d-%m-%Y'), 3146346583, 'ing.javierpalacios@gmail.com', 'Karen Viviana Lozano Gomez', 3112029765, 'kavilogo@hotmail.com'),
  ( 229  , 'RUTH ELAINE HURTADO LARGACHA' ,  STR_TO_DATE('3-05-2016', '%d-%m-%Y'), STR_TO_DATE('6-12-2016', '%d-%m-%Y'), 3137435402, 'cashur2013@hotmail.com', 'sedchocó', 3112029765, 'karen.lozano@sedchoco.gov.co'),
  ( 230  , 'alexis criollo cortes' ,  STR_TO_DATE('15-01-2016', '%d-%m-%Y'), STR_TO_DATE('30-12-2016', '%d-%m-%Y'), 3134674691, 'alexiscortes9502@hotmail.com', 'meyer alexander suarez ', 3146612334, 'alcaldia@cordoba-quindio.gov.co'),
  ( 231  , 'JORGE ALEXANDER QUEVEDO HERRERA' ,  STR_TO_DATE('7-10-2016', '%d-%m-%Y'), STR_TO_DATE('21-12-2016', '%d-%m-%Y'), 3233624155, 'jquevedoh@gmail.com', 'Carlos Mario Ocampo Martinez', 3103941134, 'cmom24@gmail.com'),
  ( 232  , 'ALEXANDER HERRERA TEJADA' ,  STR_TO_DATE('2-01-2016', '%d-%m-%Y'), STR_TO_DATE('21-11-2016', '%d-%m-%Y'), 3175222928, 'filandiapvd@gmail.com', 'Martha Liliana Manzur Botero', 3116076088, 'contactenos@filandia-quindio.gov.co'),
  ( 233  , 'Andrés Hernando Zambrano Cardona ' ,  STR_TO_DATE('1-03-2016', '%d-%m-%Y'), STR_TO_DATE('31-10-2016', '%d-%m-%Y'), 3104372211, 'bibliotecologo2000@gmail.com', 'Jhonatan Marín', 7672168, 'contactenos@genova-quindio.gov.co'),
  ( 234  , 'fredy alexander arbelaez giraldo' ,  STR_TO_DATE('25-04-2016', '%d-%m-%Y'), STR_TO_DATE('27-12-2016', '%d-%m-%Y'), 3167527340, 'fredya824@hotmail.com', 'maria eugenia rivera', 3122965423, 'maeugeniariverac@gmail.com'),
  ( 235  , 'Diana Paola Bueno Fajardo' ,  STR_TO_DATE('10-10-2016', '%d-%m-%Y'), STR_TO_DATE('20-12-2016', '%d-%m-%Y'), 3205550188, 'dianabuenofajardo@hotmail.com', 'La Gobernacion', 3122965423, 'maeugeniariverac@gmail.com'),
  ( 236  , 'ANDRES ANTONIO RESTREPO RAMIREZ' ,  STR_TO_DATE('12-05-2016', '%d-%m-%Y'), STR_TO_DATE('8-10-2016', '%d-%m-%Y'), 3206310027, 'pvdplustebaida@gmail.com', 'MARIA EUGENIA RIVERA', 3122965423, 'maeugeniariverac@gmail.com'),
  ( 237  , 'LUZ MARINA ARIAS GONZÁLEZ' ,  STR_TO_DATE('16-02-2016', '%d-%m-%Y'), STR_TO_DATE('31-12-2016', '%d-%m-%Y'), 3122301346, 'pvdtapao@montenegro-quindio.gov.co', 'ALEJANDRO URREA OSPINA', 3006760523, 'quindio@mintic.gov.co'),
  ( 238  , 'Jhon Felipe Meneses Reyes' ,  STR_TO_DATE('18-04-2016', '%d-%m-%Y'), STR_TO_DATE('20-12-2016', '%d-%m-%Y'), 3217570413, 'felipemeneses95@gmail.com', 'Maria Eugenia Rivera', 3122965423, 'maeugeniariverac@gmail.com'),
  ( 239  , 'CESAR ARMANDO PARADA VARGAS' ,  STR_TO_DATE('20-04-2016', '%d-%m-%Y'), STR_TO_DATE('21-12-2016', '%d-%m-%Y'), 3102719800, 'pvdplus.tapao@gmail.com', 'María Eugenia Rivera Carmona', 3122965423, 'maeugeniariverac@gmail.com'),
  ( 240  , 'luis alejandro cardona alzate' ,  STR_TO_DATE('5-07-2016', '%d-%m-%Y'), STR_TO_DATE('31-10-2016', '%d-%m-%Y'), 3178813054, 'luis89007698@hotmail.com', 'Sandra patricia vargas padilla', 3148325731, 'gobierno@pijao-quindio.gov.co'),
  ( 241  , 'Diego Alejandro Ocampo' ,  STR_TO_DATE('20-10-2016', '%d-%m-%Y'), STR_TO_DATE('30-12-2016', '%d-%m-%Y'), 3135683541, 'alejozapata96@gmail.com', 'Maria Eugenia Rivera', 3122965423, 'maeugeniariverac@gmail.com'),
  ( 242  , 'Emellyn Toro Ocampo' ,  STR_TO_DATE('18-02-2016', '%d-%m-%Y'), STR_TO_DATE('28-12-2016', '%d-%m-%Y'), 3128196180, 'emellyntoro@gmail.com', 'Alcaldia Municipal de Quimbaya', 7520533, 'alcaldia@quimbaya-quindio.gov.co'),
  ( 243  , 'Carlos Alberto Correa Mejia' ,  STR_TO_DATE('14-09-2016', '%d-%m-%Y'), STR_TO_DATE('28-12-2016', '%d-%m-%Y'), 3152328806, 'pvdmercadoctecnia@gmail.com', 'María Eugenia Rivera', 3122965423, 'maeugeniariverac@gmail.com'),
  ( 244  , 'Jhorlan Alexis Galvez Marquez ' ,  STR_TO_DATE('20-06-2016', '%d-%m-%Y'), STR_TO_DATE('20-11-2016', '%d-%m-%Y'), 3137436604, 'yorlangalvis@live.com', 'Maria Eugenia Rivera ', 3122965423, 'maeugeniarivera@gmail.com'),
  ( 245  , 'Carlos Andrés Moreno' ,  STR_TO_DATE('15-04-2016', '%d-%m-%Y'), STR_TO_DATE('31-12-2016', '%d-%m-%Y'), 3143758592, 'carlos.moreno4318@correo.policia.gov.co', 'Policia Nacional', 1 ,'coordinacionnusefa@hotmail.com'),
  ( 246  , 'olga lucia tabares restrepo' ,  STR_TO_DATE('9-08-2016', '%d-%m-%Y'), STR_TO_DATE('12-12-2016', '%d-%m-%Y'), 3127391533, 'murillotabares@hotmail.com', 'diego fernando bonilla rios ', 3104250820, 'diego.bonilla@pereira.gov.co'),
  ( 247  , 'SORAYA MILENA MORALES SALAZAR' ,  STR_TO_DATE('26-08-2016', '%d-%m-%Y'), STR_TO_DATE('25-12-2016', '%d-%m-%Y'), 3128184766, 'consultora_cc@hotmail.com', 'DIEGO FERNANDO BONILLA RIOS', 3104250820, 'diego.bonilla@pereira.gov.co'),
  ( 248  , 'winder ordoñez ordoñez' ,  STR_TO_DATE('8-09-2016', '%d-%m-%Y'), STR_TO_DATE('27-12-2016', '%d-%m-%Y'), 3148778892, 'windersan@hotmail.com', 'Diego Fernando Bonilla', 3104250820, 'diego.bonilla@alcaldiapereira.gov.co'),
  ( 249  , 'Victoria Eugenia Henao Arboleda ' ,  STR_TO_DATE('8-11-2016', '%d-%m-%Y'), STR_TO_DATE('8-12-2016', '%d-%m-%Y'), 3122651192, 'vivedigitallucytejada@gmail.com', 'Diego Fernando Bonilla ', 3104250820, 'diego.bonilla@gmail.com'),
  ( 250  , 'PAOLA ANDREA GIRALDO SOTO' ,  STR_TO_DATE('30-09-2016', '%d-%m-%Y'), STR_TO_DATE('31-12-2016', '%d-%m-%Y'), 3147851777, 'pao1101gir@gmail.com', 'Jemay Alexander Lopez ', 3113119098, 'jemay.lopez@risaralda.gov.co'),
  ( 251  , 'Jose Manuel Usma Garcia' ,  STR_TO_DATE('17-06-2016', '%d-%m-%Y'), STR_TO_DATE('30-06-2017', '%d-%m-%Y'), 3225854300, 'jusmagarcia_310@hotmail.com', 'Luz Stella Hurtado Mejia', 3136315875, 'sistemas@santarosadecabal-risaralda.gov.co'),
  ( 252  , 'JHONATHAN DUQUE RAMIREZ' ,  STR_TO_DATE('10-06-2015', '%d-%m-%Y'), STR_TO_DATE('31-10-2016', '%d-%m-%Y'), 3105483910, 'j.n.t1236@hotmail.com', 'yemay', 3113119098, 'j.n.t1236@hotmail.com'),
  ( 253  , 'NESTOR DARIO AGUDELO CORREA' ,  STR_TO_DATE('19-01-2016', '%d-%m-%Y'), STR_TO_DATE('17-12-2016', '%d-%m-%Y'), 3147226641, 'nestordarioa@gmail.com', 'KAREN VIVIANA LOZANO', 6718110, 'kaviloga@hotmail.com'),
  ( 254  , 'Edison Quintero  Giraldo' ,  STR_TO_DATE('11-07-2016', '%d-%m-%Y'), STR_TO_DATE('30-12-2016', '%d-%m-%Y'), 3106402286, 'edisonquintero29@hotmail.com', 'Wilson Naranjo', 3128953442, 'seceducacion@sonson-antioquia.gov.co'),
  ( 255  , 'Melissa Osorio Martínez' ,  STR_TO_DATE('1-07-2016', '%d-%m-%Y'), STR_TO_DATE('31-12-2016', '%d-%m-%Y'), 3104908700, 'pvdtamesis@gmaiil.com', 'Maria Elcy', 3148182383, 'salud-educacion@tamesis-antioquia.gov.co'),
  ( 256  , 'Francisco Javier Serna Zapata' ,  STR_TO_DATE('2-01-2016', '%d-%m-%Y'), STR_TO_DATE('31-12-2016', '%d-%m-%Y'), 3113056347, 'cultura@tamesis-antioquia.gov.co', 'francisco Javier Serna Zapata', 3113056347, 'cultura@tamesis-antioquia.gov.co'),
  ( 257  , 'fernando alexis valencia roman' ,  STR_TO_DATE('9-02-2016', '%d-%m-%Y'), STR_TO_DATE('28-12-2016', '%d-%m-%Y'), 3216143167, 'falexis.valencia@udea.edu.co', 'fernando alexis valencia roman', 3216143167, 'secbienestarsocial@tarso-antioquia.gov.co'),
  ( 258  , 'Elasio Rengifo Renteria' ,  STR_TO_DATE('1-04-2016', '%d-%m-%Y'), STR_TO_DATE('30-12-2016', '%d-%m-%Y'), 3116206161, 'elasio.rengifo@turboeducado.gov.co', 'Elasio Rengifo Renteria', 3116206161, 'elasio.rengifo@turboeducado.gov.co'),
  ( 259  , 'Yency Carolina Duque Cardona' ,  STR_TO_DATE('1-07-2016', '%d-%m-%Y'), STR_TO_DATE('31-12-2016', '%d-%m-%Y'), 3187598878, 'yencycarolinaduque@gmail.com', 'Yency Carolina Duque Cardona', 8503280, 'pvdurrao@gmail.com'),
  ( 260  , 'DAHIANNA RESTREPO TANGARIFE ' ,  STR_TO_DATE('1-02-2016', '%d-%m-%Y'), STR_TO_DATE('31-12-2016', '%d-%m-%Y'), 3226074025, 'cuturestrepo@hotmail.com', 'Alcaldia', 3226074025, 'cututrestrepo@hotmail.com'),
  ( 261  , 'JHOJAN DAVID ASPRILLA' ,  STR_TO_DATE('15-01-2016', '%d-%m-%Y'), STR_TO_DATE('31-12-2016', '%d-%m-%Y'), 3104404088, 'yhojand@hotmail.com', 'JHOJAN DAVID ASPRILLA VALOYES', 3104404088, 'contactenos@vigiadelfuerte-antioquia.gov.co'),
  ( 262  , 'MARTA ELENA ALVAREZ PELAEZ' ,  STR_TO_DATE('12-06-2015', '%d-%m-%Y'), STR_TO_DATE('30-12-2016', '%d-%m-%Y'), 3122494479, 'martalpe2012@hotmail.com', 'JAVIER BARRANCO SILVA', 3122872281, 'gobierno@yali-antioquia.gov.co'),
  ( 263  , 'LINA MARIA RUA BERRIO' ,  STR_TO_DATE('8-10-2015', '%d-%m-%Y'), STR_TO_DATE('2-12-2016', '%d-%m-%Y'), 3105409796, 'linarua.01@hotmail.com', 'ALBA LUZ LONDOÑO GARCIA', 3137689613, 'allondonog@yahoo.es'),
  ( 264  , 'EMERSON ALEXANDER LAGARES DIAZ' ,  STR_TO_DATE('19-09-2016', '%d-%m-%Y'), STR_TO_DATE('19-12-2016', '%d-%m-%Y'), 3212168048, 'alexander.lagares@gmail.com', 'JUAN BAUTISTA', 3143781498, 'contactenos@yondo-antioquia.gov.co'),
  ( 265  , 'Angie Melisa Londoño Bedoya' ,  STR_TO_DATE('7-07-2016', '%d-%m-%Y'), STR_TO_DATE('18-12-2016', '%d-%m-%Y'), 3116421259, 'villamariapvd@gmail.com', 'Pablo Andres Jurado ', 3117914626, 'sistemas@villamaria-caldas.gov.co'),
  ( 266  , 'LADY MARCELA TRUJILLO HERRERA' ,  STR_TO_DATE('20-01-2016', '%d-%m-%Y'), STR_TO_DATE('20-12-2016', '%d-%m-%Y'), 3218590211, 'L.MARCELATRUJILLO.H@GMAIL.COM', 'AMANDA TANGARIFE CORREA', 7593252, 'GOBIERNO@SALENTO-QUINDIO.GOV.CO'),
  ( 267  , 'NATALIA MORALES GÓMEZ' ,  STR_TO_DATE('14-03-2016', '%d-%m-%Y'), STR_TO_DATE('29-12-2016', '%d-%m-%Y'), 3206763901, 'natamorales31@hotmail.com', 'GOBERNACION DE RISARALDA', 3398300, 'contactenos@risaralda.gov.co'),
  ( 268  , 'Gabriel hurtado zapata' ,  STR_TO_DATE('19-09-2016', '%d-%m-%Y'), STR_TO_DATE('31-12-2016', '%d-%m-%Y'), 3217003677, 'gabrielhurtado10@hotmail.com', 'Adalberto orozco loaiza', 3163807662, 'grie.santuario@risaralda.gov.co'),
  ( 269  , 'Angel Daian Torres Palacio' ,  STR_TO_DATE('1-04-2016', '%d-%m-%Y'), STR_TO_DATE('30-11-2016', '%d-%m-%Y'), 3135748378, 'torres.palcio@gmail.com', 'Alcaldía de Viterbo Caldas ', 8692338, 'despacho@viterbo-caldas.gov.co'),
  ( 270  , 'Rosa Isabel Acosta Guzman' ,  STR_TO_DATE('10-10-2016', '%d-%m-%Y'), STR_TO_DATE('20-12-2016', '%d-%m-%Y'), 3108719684, 'isabel@liceoquindio.edu.co', 'MARIA EUGENIA RIVERA ', 3122965423, 'maeugeniariverac@gmail.com'),
  ( 271  , 'Emerson Jair Garzon Rodriguez' ,  STR_TO_DATE('1-02-2016', '%d-%m-%Y'), STR_TO_DATE('31-12-2016', '%d-%m-%Y'), 3148919938, 'emersongarzon@outlook.com', 'Emerson Garzon', 3148919938, 'pvd@consaca-narino.gov.co'),
  ( 272  , 'JESUS SEBASTIAN ACOSTA' ,  STR_TO_DATE('1-08-2016', '%d-%m-%Y'), STR_TO_DATE('30-12-2016', '%d-%m-%Y'), 3176755010, 'jesebas.@hotmail.com', 'LUIS CARLOS LUCERO', 3108458609, 'alcaldia@linares-narino.gov.co'),
  ( 273  , 'MARCELA CRIOLLO' ,  STR_TO_DATE('1-07-2016', '%d-%m-%Y'), STR_TO_DATE('30-12-2016', '%d-%m-%Y'), 3233983430, 'mavy84@hotmail.com', 'ROCIÓ BENAVIDES ', 3157155993, 'culturadeporte@narino-narino.gov.co'),
  ( 274  , 'Sandra Judith Enriquez ' ,  STR_TO_DATE('1-09-2016', '%d-%m-%Y'), STR_TO_DATE('31-12-2016', '%d-%m-%Y'), 3178683175, 'sandy-sandrasandrita@hotmail.com', 'David Orlando Arias Trejos ', 3157858753, 'david73-09@hotmail.com'),
  ( 275  , 'SINDY OLAYA CEPEDA' ,  STR_TO_DATE('23-02-2016', '%d-%m-%Y'), STR_TO_DATE('30-01-2016', '%d-%m-%Y'), 3123607558, 'pvdipes@gmail.com', 'IPES-INSTITUTO PARA LA ECONOMIA SOCIAL', 2976030, 'servicioalusuario@ipes.gov.co'),
  ( 276  , 'ANAFEL PACHON' ,  STR_TO_DATE('31-05-2016', '%d-%m-%Y'), STR_TO_DATE('30-10-2016', '%d-%m-%Y'), 3118780447, 'PVDIPESVERACRUZ@GMAIL.COM', 'Carmen Elisa Gomez Garcia', 3112690616, 'cegomezg@ipes.gov.co'),
  ( 277  , 'ANDRES ALARCON MUNEVAR' ,  STR_TO_DATE('1-11-2014', '%d-%m-%Y'), STR_TO_DATE('31-12-2016', '%d-%m-%Y'), 3122969093, 'ANDRES.ALARCON@CORREO.POLICIA.GOV.CO', 'LISETH  CALVO', 3122969093, 'SALUIS.BOGOTA1@GMAIL.COM'),
  ( 278  , 'luz nathalie chinchilla ariza ' ,  STR_TO_DATE('19-05-2016', '%d-%m-%Y'), STR_TO_DATE('31-12-2016', '%d-%m-%Y'), 3108594184, 'luz.chinchilla4522@correo.policia.gov.co', 'DIRECCIÓN DE BIENESTAR SOCIAL COLEGIO NUESTRA SEÑORA DE FÁTIMA ', 3214298186, 'DIBIE AREDU-INVERSIONES<dibie.aredu-inv@policia.gov.co>'),
  ( 279  , 'JOSE BERTULIO PENAGOS DIAZ' ,  STR_TO_DATE('1-01-2016', '%d-%m-%Y'), STR_TO_DATE('31-12-2016', '%d-%m-%Y'), 3004979539, 'bpenagos@participacionbogota.gov.co', 'HUGO ALBERTO CARRILLO GOMEZ', 2417900, 'hcarrillo@participacionbogota.gov.co'),
  ( 280  , 'manuel ramon seña paez' ,  STR_TO_DATE('5-05-2016', '%d-%m-%Y'), STR_TO_DATE('28-10-2017', '%d-%m-%Y'), 3106297991, 'manuel.sena1514@correo.policia.gov.co', 'Policia Nacional', 3106297991, 'dinae.viaca@policia.gov.co'),
  ( 281  , 'FABIAN RESTREPO OSPINA' ,  STR_TO_DATE('1-10-2015', '%d-%m-%Y'), STR_TO_DATE('1-06-2018', '%d-%m-%Y'), 3114922022, 'fabian.restrepo5560@correo.policia.gov.co', 'Policia Nacional', 3114922022, 'fabian.restrepo5560@correo.policia.gov.co'),
  ( 282  , 'HÉCTOR WILLIAM SÁNCHEZ SÁNCHEZ' ,  STR_TO_DATE('26-10-2014', '%d-%m-%Y'), STR_TO_DATE('30-12-2016', '%d-%m-%Y'), 3163758681, 'pvd.engativa@gmail.com', 'HÉCTOR WILLIAM SÁNCHEZ SÁNCHEZ', 3163758681, 'alcaldia_engativa@gobiernobogota.gov.co'),
  ( 283  , 'Luis Hernando Sánchez Castañeda' ,  STR_TO_DATE('1-06-2016', '%d-%m-%Y'), STR_TO_DATE('30-09-2016', '%d-%m-%Y'), 3138598413, 'Luis.sanchez@gobiernobogota.gov.co', 'Sonia Patricia Peñon Niño', 3387000, 'sonia.penon@gobiernobogota.gov.co'),
  ( 284  , 'Andres Molina Londoño' ,  STR_TO_DATE('25-08-2016', '%d-%m-%Y'), STR_TO_DATE('31-12-2016', '%d-%m-%Y'), 3045912873, 'pvdentrenubes@gmail.com', 'Alba Consuelo Castillo', 3108820600, 'consuelo.castillo@ambientebogota.gov.co'),
  ( 285  , 'SERGIO REINEL DIAZ' ,  STR_TO_DATE('1-09-2014', '%d-%m-%Y'), STR_TO_DATE('31-12-2016', '%d-%m-%Y'), 3193387061, 'sdiaz@uaesp.gov.co', 'ADRIANA GARCIA', 3175769543, 'agarcia@uaesp.gov.co'),
  ( 286  , 'EDUARD ANDRES GONZALEZ CRUZ' ,  STR_TO_DATE('17-10-2014', '%d-%m-%Y'), STR_TO_DATE('31-12-2016', '%d-%m-%Y'), 3125263100, 'eduard.gonzalez3243@correo.policia.gov.co', ' FREDY ORLANDO SANCHEZ CAMACHO', 3214295806, 'dibie.elbor-rec@policia.gov.co'),
  ( 287  , 'Fabio Andres Munevar Ruiz ' ,  STR_TO_DATE('31-05-1980', '%d-%m-%Y'), STR_TO_DATE('17-09-2015', '%d-%m-%Y'), 3002470415, 'pvdvillasdrosario@gmail.com', 'IDPAC ', 2417900, 'hcarrillo@participacionbogota.gov.co'),
  ( 288  , 'Efren Rueda Vega' ,  STR_TO_DATE('26-09-2016', '%d-%m-%Y'), STR_TO_DATE('24-03-2017', '%d-%m-%Y'), 3182838162, 'efrenruedavega@gmail.com', 'Efren Rueda Vega', 3182838162, 'puntovivedigital@saludcapital.gov.co'),
  ( 289  , 'MARTA LUCIA MORENO GARCIA' ,  STR_TO_DATE('3-08-2015', '%d-%m-%Y'), STR_TO_DATE('31-12-2016', '%d-%m-%Y'), 3143940540, 'martalu51@hotmail.com', 'FENER DE LOS RIOS', 3143110170, 'sac@sedcaquta.gov.co'),
  ( 290  , 'GERSON WALTER DIAZ HERNANDEZ' ,  STR_TO_DATE('14-04-2014', '%d-%m-%Y'), STR_TO_DATE('29-12-2017', '%d-%m-%Y'), 3108721742, 'gersonwalterdh@gmail.com', 'WYLBER GUSTAVO VELEZ LONDOÑO', 3132610951, 'wylber73@gmail.com'),
  ( 291  , 'Zuleima Torres Salguero' ,  STR_TO_DATE('1-01-2016', '%d-%m-%Y'), STR_TO_DATE('30-12-2016', '%d-%m-%Y'), 3105834590, 'zuleimat13@hotmail.com', 'Cesar Augusto Avila ', 3214491367, 'cesaravila313@gmail.com'),
  ( 292  , 'INGRID LORENA FONSECA HUERTAS' ,  STR_TO_DATE('3-01-2016', '%d-%m-%Y'), STR_TO_DATE('31-12-2016', '%d-%m-%Y'), 3105752426, 'pvd@apulo-cundinamarca.gov.co', 'diego serrano bonilla', 3114922019, 'sistemas@apulo-cundinamarca.gov.co'),
  ( 293  , 'Edwar Danilo Neira Muriel' ,  STR_TO_DATE('14-04-2016', '%d-%m-%Y'), STR_TO_DATE('30-12-2016', '%d-%m-%Y'), 3152242028, 'neira.danilo7@gmail.com', 'Alcaldia Municipal', 3108568770, 'alcaldia@bituima-cundinamarca.gov.co'),
  ( 294  , 'CLAUDIA LORENA ESPITIA CAMARGO' ,  STR_TO_DATE('1-08-2016', '%d-%m-%Y'), STR_TO_DATE('31-12-2016', '%d-%m-%Y'), 3219179773, 'lorenaespitia15@hotmail.com', 'ANGIE VIVIANA GAITAN PASITO', 3214515746, 'dllosocial.bojaca@bojaca-cundinamarca.gov.co'),
  ( 295  , 'SANDRA  MILENA COBOS SIERRA' ,  STR_TO_DATE('2-06-2016', '%d-%m-%Y'), STR_TO_DATE('3-12-2016', '%d-%m-%Y'), 3123153954, 'vivedigitalpluscabrera@gmail.com', 'HECTOR ORLANDO HERNANDE PEREZ', 3112423084, 'iedcabrera@gmail.com'),
  ( 296  , 'BELGICA PEREA' ,  STR_TO_DATE('1-09-2016', '%d-%m-%Y'), STR_TO_DATE('31-12-2016', '%d-%m-%Y'), 3214185586, 'belgicapruiz@hotmail.com', 'ALVARO MOYA SILVA ', 3112326506, 'ALCALDE@CACHIPAY-CUNDINAMARCA.GOV.CO'),
  ( 297  , 'Sandy Sherina Pulgarin Guerrero' ,  STR_TO_DATE('21-07-2016', '%d-%m-%Y'), STR_TO_DATE('5-12-2016', '%d-%m-%Y'), 3223191107, 'puntovivedigitalcaparrapi2015@gmail.com', 'Gobernación de Cundinamarca', 3223191107, 'durrego@cundinamarca.gov.co'),
  ( 298  , 'ZULMA YAMILE GUTIERREZ VANEGAS' ,  STR_TO_DATE('5-02-2016', '%d-%m-%Y'), STR_TO_DATE('24-12-2016', '%d-%m-%Y'), 3223407398, 'zuyaguva@gmail.com', 'GLORIA AMPARO HERNANDEZ', 3142995465, 'Secretariagobierno@caqueza-cundinamarca.gov.co'),
  ( 299  , 'TIRSA RODRIGUEZ MARMOLEJO' ,  STR_TO_DATE('2-02-2016', '%d-%m-%Y'), STR_TO_DATE('16-12-2016', '%d-%m-%Y'), 3118278943, 'vivedigital@carmendecarupa-cundinamarca.gov.co', 'JOHANNA GARZON VILLAMIL', 3115111680, 'desarrollosocial@carmendecarupa-cundinamarca.gov.co'),
  ( 300  , 'Laura Peralta' ,  STR_TO_DATE('21-12-2012', '%d-%m-%Y'), STR_TO_DATE('30-12-2016', '%d-%m-%Y'), 3138348662, 'puntovivedigital@chia.gov.co', 'Jorge Ivan Ortiz', 8844444, 'oficinatic@chia.gov.co'),
  ( 301  , 'Aleida Rocio Lopez Moreno' ,  STR_TO_DATE('3-02-2015', '%d-%m-%Y'), STR_TO_DATE('30-12-2016', '%d-%m-%Y'), 3202794582, 'aleida83@gmail.com', 'Alcaldia Municipal de Chipaque', 3125395440, 'mauriciocultura@hotmail.com'),
  ( 302  , 'CAROLINA PULIDO' ,  STR_TO_DATE('6-09-2016', '%d-%m-%Y'), STR_TO_DATE('6-01-2017', '%d-%m-%Y'), 3134972585, 'carito061592@hotmail.com', 'ALCALDIA MUNICIPAL', 8486806, 'desarrollosostenible@choachi-cundinamarca.gov.co'),
  ( 303  , 'GINNA MARCELA LEON' ,  STR_TO_DATE('1-03-2016', '%d-%m-%Y'), STR_TO_DATE('30-11-2016', '%d-%m-%Y'), 3212486181, 'pvdchoconta@gmail.com', 'NELLY PATRICIA BARRIGA GUTIERREZ', 8561245, 'desarrollosocial@choconta-cundinamarca.gov.co'),
  ( 304  , 'JAIRO HUMBERTO TINJACÁ CARRILLO' ,  STR_TO_DATE('26-10-2016', '%d-%m-%Y'), STR_TO_DATE('30-12-2016', '%d-%m-%Y'), 3103363089, 'pvdpluscucunuba@gmail.com', 'PEDRO ENRIQUE BOJACÁ', 3212659741, 'ied.divinosalvador@gmail.com'),
  ( 305  , 'CESAR AUGUSTO VARGAS' ,  STR_TO_DATE('19-02-2016', '%d-%m-%Y'), STR_TO_DATE('31-12-2016', '%d-%m-%Y'), 3143340096, 'buitragorincon@yahoo.com', 'LENIN ARIZA ', 3174015919, 'planeacion@elcolegio-cundinamarca.gov.co'),
  ( 306  , 'Wilmar Fredy Perez Duarte' ,  STR_TO_DATE('1-06-2016', '%d-%m-%Y'), STR_TO_DATE('1-06-2017', '%d-%m-%Y'), 3124755021, 'wilmar.perez7356@correo.policia.gov.co', 'JOSE NICOLAS AGUDELO CARDONA', 3213293061, 'dinae.viaca@policia.gov.co'),
  ( 307  , 'EDWIN ALEJANDRO RAMIREZ PEREZ' ,  STR_TO_DATE('14-01-2015', '%d-%m-%Y'), STR_TO_DATE('31-12-2030', '%d-%m-%Y'), 3208530287, 'edwinramirezp28@hotmail.com', 'JOHN EDWIN SANCHEZ SANCHEZ', 3134952629, 'john.sanchez@alcaldiafacatativa.gov.co'),
  ( 308  , 'angel alberto quimbayo oviedo' ,  STR_TO_DATE('20-04-2016', '%d-%m-%Y'), STR_TO_DATE('30-11-2016', '%d-%m-%Y'), 3003993760, 'angelalberto76@gmail.com', 'javier betancourt', 3104842781, 'javierbe@ejercito.mil.co'),
  ( 309  , 'Misael Moya Cruz- Raul Rueda Velandia' ,  STR_TO_DATE('1-05-2016', '%d-%m-%Y'), STR_TO_DATE('31-12-2016', '%d-%m-%Y'), 3118777809, 'Pvdfacatativaalcaldia@gmail.com', 'John Edwin Sanchez Sanchez', 3134952629, 'jeshibin@gmail.com'),
  ( 310  , 'Delbis Reinaldo Fernández Hernández' ,  STR_TO_DATE('01-01-2016', '%d-%m-%Y'), STR_TO_DATE('01-01-2016', '%d-%m-%Y'), 3137325853, 'vivefoscatv@hotmail.com', '', 1 , ''),
  ( 311  , 'Luis Alejandro Montenegro García' ,  STR_TO_DATE('16-01-2015', '%d-%m-%Y'), STR_TO_DATE('31-12-2016', '%d-%m-%Y'), 3007898238, 'puntovivedigital@funza-cundinamarca.gov.co', 'Luis Alejandro Montenegro Garcia', 3007898238, 'puntovivedigital@funza-cundinamarca.gov.co'),
  ( 312  , 'MÓNICA ALEJANDRA GARZÓN RENDÓN' ,  STR_TO_DATE('1-08-2016', '%d-%m-%Y'), STR_TO_DATE('30-11-2016', '%d-%m-%Y'), 3222123032, 'puntovivedigitalpluscapellania@gmail.com', 'JORGE ALEJANDRO BRICEÑO CORTES', 3143358598, 'alcaldia@fuquene-cundinamarca.gov.co'),
  ( 313  , 'DIEGO ALEJANDRO GUCHUVO' ,  STR_TO_DATE('11-03-2016', '%d-%m-%Y'), STR_TO_DATE('10-10-2016', '%d-%m-%Y'), 3102114117, 'pvdprogreso@fusagasugacundinamarca.gov.co', 'DIEGO FERNANDO LUNA', 3125220189, 'jefetic@fusagasuga-cundinamarca.gov.co'),
  ( 314  , 'Yamile Bautista Ruiz' ,  STR_TO_DATE('11-03-2016', '%d-%m-%Y'), STR_TO_DATE('31-12-2016', '%d-%m-%Y'), 3112163435, 'pvdplustav@fusagasugacundinamarca.gov.co', 'Diego Fernando Luna Ceballos', 3125220189, 'jefetic@fusagasuga-cundinamarca.gov.co'),
  ( 315  , 'CAROLINA GOMEZ - EDUARDO RIVERA' ,  STR_TO_DATE('19-05-2016', '%d-%m-%Y'), STR_TO_DATE('19-12-2016', '%d-%m-%Y'), 3112154317, 'FUSAPVDBIBLIOTECA@GMAIL.COM', 'DIEGO FERNANDO LUNA CEBALLOS', 3125220189, 'jefetic@fusagasuga-cundinamarca.gov.co'),
  ( 316  , 'Diego Fernando Gonzalez Segura' ,  STR_TO_DATE('2-11-2016', '%d-%m-%Y'), STR_TO_DATE('31-12-2019', '%d-%m-%Y'), 3152626372, 'pvdandaluciacasacultura@gmail.com', 'Diego Fernando Gonzalez Segura', 3152626372, 'pvdandaluciacasacultura@gmail.com'),
  ( 317  , 'DANIEL ESTEBAN SUÁREZ BUSTAMANTE' ,  STR_TO_DATE('15-04-2016', '%d-%m-%Y'), STR_TO_DATE('30-11-2016', '%d-%m-%Y'), 3004012297, 'puntovivedigital@ansermanuevo-valle.gov.co', 'Carlos Wagner', 3217771824, 'sistemas@ansermanuevo-valle.gov.co'),
  ( 318  , 'PAMELA MARIA HOYOS LOPEZ' ,  STR_TO_DATE('1-02-2016', '%d-%m-%Y'), STR_TO_DATE('01-01-2016', '%d-%m-%Y'), 1 , '', '', 1 , ''),
  ( 319  , 'Iván Dario González Benitez' ,  STR_TO_DATE('20-06-2016', '%d-%m-%Y'), STR_TO_DATE('31-12-2016', '%d-%m-%Y'), 3166280068, 'ivan9846@hotmail.com', 'Victor Alfonso varela Pérez', 3122007662, 'sistemas@bolivar-valle.gov.co'),
  ( 320  , 'Francisco Gomez Neira' ,  STR_TO_DATE('24-06-2015', '%d-%m-%Y'), STR_TO_DATE('31-12-2019', '%d-%m-%Y'), 3117679683, 'flgomezn@gmail.com', 'John Rada', 3183529983, 'sistemas@bugalagrande-valle.gov.co'),
  ( 321  , 'JOSE HERMES MENESES MAYORGA' ,  STR_TO_DATE('12-09-2016', '%d-%m-%Y'), STR_TO_DATE('12-12-2016', '%d-%m-%Y'), 3113483929, 'joshermes@gmail.com', 'JOHN ANDREY RADA VILLAFAÑE', 3183529983, 'sistemas@bugalagrande-valle.gov.co'),
  ( 322  , 'PAULO CESAR AGUDELO JIMENEZ' ,  STR_TO_DATE('10-05-2016', '%d-%m-%Y'), STR_TO_DATE('31-12-2016', '%d-%m-%Y'), 3217945165, 'pagudeloj@gmail.com', 'CRISTIAN ANDRES VASQUEZ HENAO', 3165238626, 'sistemas@cartago.gov.co'),
  ( 323  , 'Guillermo Lucio' ,  STR_TO_DATE('2-05-2016', '%d-%m-%Y'), STR_TO_DATE('30-12-2016', '%d-%m-%Y'), 3113782076, 'pvdcartago@gmail.com', 'Cristian Andrés Vásquez Henao', 3165238626, 'sistemas@cartago.gov.co'),
  ( 324  , 'Gustavo Adolfo Paredes Rico' ,  STR_TO_DATE('1-08-2015', '%d-%m-%Y'), STR_TO_DATE('31-12-2016', '%d-%m-%Y'), 3104477359, 'pvdelcerrito@gmail.com', 'Melissa Molina', 3217853277, 'cultura@elcerrito-valle.gov.co'),
  ( 325  , 'LILIANA VILLEGAS' ,  STR_TO_DATE('15-01-2016', '%d-%m-%Y'), STR_TO_DATE('31-12-2016', '%d-%m-%Y'), 3155738573, 'pachita7777@hotmail.com', 'LEONARDO MORENO', 5190969, 'tic@jamundi-valle.gov.co'),
  ( 326  , 'eduard guali' ,  STR_TO_DATE('1-03-2016', '%d-%m-%Y'), STR_TO_DATE('31-12-2016', '%d-%m-%Y'), 3007451196, 'pvdcirovelzco@gmail.com', 'leonardo moreno', 3166943134, 'tic@jamundi-valle.gov.co'),
  ( 327  , 'Maira Alejandra Moreno Daza' ,  STR_TO_DATE('24-05-2016', '%d-%m-%Y'), STR_TO_DATE('24-11-2016', '%d-%m-%Y'), 3157895450, 'alejitap_1015@hotmail.com', 'María Rosario Tasama', 3136526264, 'maria.tasama@palmira.gov.co'),
  ( 328  , 'Paula Andrea Arango Gómez' ,  STR_TO_DATE('01-01-2016', '%d-%m-%Y'), STR_TO_DATE('01-01-2016', '%d-%m-%Y'), 1 , '', '', 1 , ''),
  ( 329  , 'Kenny Posada Gil' ,  STR_TO_DATE('20-06-2016', '%d-%m-%Y'), STR_TO_DATE('31-12-2016', '%d-%m-%Y'), 3127531581, 'kennyposada10@gmail.com', 'Alcaldía Municipal de Tulua', 2339300, 'tic@tulua.gov.co'),
  ( 330  , 'Diego Fernando Callejas Montes' ,  STR_TO_DATE('15-01-2016', '%d-%m-%Y'), STR_TO_DATE('31-12-2016', '%d-%m-%Y'), 3196282395, 'diegodocko45674@gmail.com', 'Carolina Garcia Queseno', 3128329702, 'SALUD@VERSALLES-VALLE.GOV.CO'),
  ( 331  , 'KATERINE HINCAPIE GUTIERREZ' ,  STR_TO_DATE('16-09-2011', '%d-%m-%Y'), STR_TO_DATE('31-12-2019', '%d-%m-%Y'), 3114049696, 'alcaldia@vijes-valle.gov.co', 'KATERINE HINCAPIE GUTIERREZ', 2520280, 'alcaldia@vijes-valle.gov.co'),
  ( 332  , 'ERIKA MARIA ACEVEDO VIERA' ,  STR_TO_DATE('6-09-2016', '%d-%m-%Y'), STR_TO_DATE('30-12-2016', '%d-%m-%Y'), 3167509048, 'puntovivedigital@yotoco-valle.gov.co', 'NUBIOLA ARISTIZABAL', 3507934708, 'alcaldia@Yotoco-valle.gov.co'),
  ( 333  , 'hector fabio sinisterra mesa' ,  STR_TO_DATE('1-02-2016', '%d-%m-%Y'), STR_TO_DATE('28-12-2016', '%d-%m-%Y'), 3103979239, 'pvd.lasfuentes@yumbo.gov.co', 'felipe ramos', 3206829392, 'feliperamos@yumbo.gov.co'),
  ( 334  , 'christhian javier rios cubillos' ,  STR_TO_DATE('2-02-2016', '%d-%m-%Y'), STR_TO_DATE('28-12-2016', '%d-%m-%Y'), 3016079508, 'pvd.cruces@yumbo.gov.co', 'felipe ramos', 3206829392, 'feliperamos@yumbo.gov.co'),
  ( 335  , 'ivan dario mendez' ,  STR_TO_DATE('5-09-2016', '%d-%m-%Y'), STR_TO_DATE('1-12-2016', '%d-%m-%Y'), 3133910753, 'pvd@arauca-arauca.gov.co', 'ingeniera glenda', 3138091196, 'sistemas@arauca-arauca.gov.co'),
  ( 336  , 'JAVIER FERNANDO NAVAS GONZALEZ' ,  STR_TO_DATE('19-05-2016', '%d-%m-%Y'), STR_TO_DATE('19-05-2017', '%d-%m-%Y'), 3015796381, 'janavas19@gmail.com', 'CARLOS ALBERTO CAHUANA LORA', 3506038756, 'carlosc@etraining.co'),
  ( 337  , 'CRISTOBAL AMARIS DIAZ-LISSETTE CAMARGO SALAS' ,  STR_TO_DATE('28-12-2015', '%d-%m-%Y'), STR_TO_DATE('31-12-2016', '%d-%m-%Y'), 3003529391, 'pvdrinconlatino@gmail.com', 'CARLOS CAHUANA', 3506038756, 'carlosc@etraining.co'),
  ( 338  , 'manuel barrios' ,  STR_TO_DATE('26-08-2016', '%d-%m-%Y'), STR_TO_DATE('31-12-2016', '%d-%m-%Y'), 3013769154, 'pvdvillasdesanpablo@gmail.com', 'carlos escalante', 3168300902, 'cescalante@barranquilla.gov.co'),
  ( 339  , 'ENRIQUE CASTELLANOS' ,  STR_TO_DATE('1-01-2016', '%d-%m-%Y'), STR_TO_DATE('15-12-2016', '%d-%m-%Y'), 3005514456, 'puntovivedigitalsalgarptocol@gmail.com', 'Alcaldía municipal de Puerto Colombia', 3183591585, 'sistemas@puertocolombia-atlantico.gov.co'),
  ( 340  , 'SANDRA MILENA PACHON ' ,  STR_TO_DATE('15-03-2016', '%d-%m-%Y'), STR_TO_DATE('31-12-2016', '%d-%m-%Y'), 3173777231, 'pvdplusmhcv@fusagasugacundinamarca.gov.co', 'DIEGO LUNA ', 3125220189, 'jefetic@fusagasuga-cundinamarca.gov.co'),
  ( 341  , 'SIRLEY PAOLA ALVARADO ' ,  STR_TO_DATE('3-02-2016', '%d-%m-%Y'), STR_TO_DATE('31-12-2016', '%d-%m-%Y'), 3203528184, 'puntovivegachala@gmail.com', 'SOFIA CAROLINA AGUILERA', 3125049768, 'sdesarrollosocial2016@gmail.com'),
  ( 342  , 'JAIRO MAURICIO BONILLA TORRES' ,  STR_TO_DATE('4-01-2016', '%d-%m-%Y'), STR_TO_DATE('4-01-2018', '%d-%m-%Y'), 3017752770, 'tjairo@gmail.com', 'C.C  Castro German ', 3017301234, 'esup@armada.mil.co'),
  ( 343  , 'yerid alida lara gonzalez ' ,  STR_TO_DATE('26-04-2016', '%d-%m-%Y'), STR_TO_DATE('31-12-2016', '%d-%m-%Y'), 3186729025, 'yeridlara@gmail.com', 'Silfredo Godoy Chavez ', 3156828676, 'silfredogch@gmail.com'),
  ( 344  , 'eva sandrit morales hernandez' ,  STR_TO_DATE('30-09-2016', '%d-%m-%Y'), STR_TO_DATE('30-12-2016', '%d-%m-%Y'), 3166320480, 'evasanmoher@gmail.com', 'silfredo godoy sanchez', 3156828676, 'silfredogch@gmail.com'),
  ( 345  , 'MARIBIS PATERNINA CRESPO' ,  STR_TO_DATE('2-02-2016', '%d-%m-%Y'), STR_TO_DATE('28-02-2017', '%d-%m-%Y'), 3116805074, 'maribispaternina12@hotmail.com', 'MARIBIS PATERNINA CRESPO', 3116805074, 'maribispaternina12@hotmail.com'),
  ( 346  , 'GABY DANIELA SEGURA CASTAÑEDA' ,  STR_TO_DATE('18-05-2016', '%d-%m-%Y'), STR_TO_DATE('31-12-2016', '%d-%m-%Y'), 3209419591, 'gaby.segura2791@outlook.es', 'ALCALDIA ALMEIDA', 3132020942, 'alcaldia@almeida-boyaca.gov.co'),
  ( 347  , 'Jacinto Gutierrez Laverde' ,  STR_TO_DATE('1-08-2016', '%d-%m-%Y'), STR_TO_DATE('30-11-2016', '%d-%m-%Y'), 3102261413, 'jacintogutierrez4@gmail.com', 'Jacinto Gutierrez Laverde', 3102261413, 'jacintogutierrez4@gmail.com'),
  ( 348  , 'Hernan David Cortes Sierra' ,  STR_TO_DATE('2-02-2016', '%d-%m-%Y'), STR_TO_DATE('31-12-2016', '%d-%m-%Y'), 3118977555, 'tics@belen-boyaca.gov.co', 'Cesar Romero', 3157672742, 'sosorio@fonade.gov.co'),
  ( 349  , 'RUTH JIMENA HERNANDEZ NIÑO' ,  STR_TO_DATE('1-01-2016', '%d-%m-%Y'), STR_TO_DATE('30-12-2016', '%d-%m-%Y'), 3214317460, 'marianhdez31@gmail.com', 'ALCALDÍA BOAVITA', 3106493192, 'alcaldia@boavita-boyaca.gov.co'),
  ( 350  , 'anyela rodriguez' ,  STR_TO_DATE('15-04-2016', '%d-%m-%Y'), STR_TO_DATE('22-12-2016', '%d-%m-%Y'), 3124974262, 'yulied680@gmail.com', 'jorge tiverio tovar cifuentes', 3142800590, 'yulied680@gmail.com'),
  ( 351  , 'OSCAR DUARTE CAÑON' ,  STR_TO_DATE('25-01-2016', '%d-%m-%Y'), STR_TO_DATE('25-11-2016', '%d-%m-%Y'), 3202397978, 'TECNIDUARTE@HOTMAIL.COM', 'ERIKA PEREIRA', 3118615749, 'ALCALDIA@BRICENO-BOYACA.GOV.CO'),
  ( 352  , 'DIANA FERNANDA PARRA MORA' ,  STR_TO_DATE('19-08-2016', '%d-%m-%Y'), STR_TO_DATE('19-01-2017', '%d-%m-%Y'), 3124998249, 'dife97@hotmail.com', 'JOSELIN CUERVO HERNANDEZ', 3112274108, 'obras@campohermoso-boyaca.gov.co'),
  ( 353  , 'Lina Maria Malaver Alvarez' ,  STR_TO_DATE('1-08-2016', '%d-%m-%Y'), STR_TO_DATE('30-12-2016', '%d-%m-%Y'), 3102685671, 'cerinzapvd@gmail.com', 'Maria Elena Rodriguez Martinez', 3103396251, 'hacienda@cerinza-boyaca.gov.co'),
  ( 354  , 'Eduin Mauricio Abril Romero ' ,  STR_TO_DATE('1-07-2016', '%d-%m-%Y'), STR_TO_DATE('30-12-2016', '%d-%m-%Y'), 3213320161, 'pvdchiscas@gmail.com', 'Eduin Mauricio Abril Romero', 3213320161, 'alcaldia@chiscas-boyaca.gov.co'),
  ( 355  , 'ANA YUSMILA MARTINEZ RUIZ' ,  STR_TO_DATE('3-03-2016', '%d-%m-%Y'), STR_TO_DATE('30-12-2016', '%d-%m-%Y'), 3114443601, 'yusmilamartinez32@gmail.com', 'Deissy Carolina Vaca', 3208868927, 'comunicaciones@chivor-boyaca.gov.co'),
  ( 356  , 'Juan Pablo Bohórquez Muñoz' ,  STR_TO_DATE('2-09-2016', '%d-%m-%Y'), STR_TO_DATE('31-12-2016', '%d-%m-%Y'), 3124297092, 'pvdcienega@gmail.com', 'Segundo Guerrero', 3106280348, 'alcaldia@cienega-boyaca.gov.co'),
  ( 357  , 'FRANKLIN ORLANDO MÉNDEZ HERRERA' ,  STR_TO_DATE('23-01-2016', '%d-%m-%Y'), STR_TO_DATE('31-12-2016', '%d-%m-%Y'), 3103447703, 'franko0006@gmail.com', 'JHONATAN JOSE SANCHEZ GOMEZ', 3114407642, 'jhonatan84@gmail.com'),
  ( 358  , 'yenny fernanda bautista largo ' ,  STR_TO_DATE('7-07-2016', '%d-%m-%Y'), STR_TO_DATE('8-12-2016', '%d-%m-%Y'), 3133435203, 'ferbala12@hotmail.com', 'miguel lisandro angulo martinez ', 3002046509, 'langulo@fonade.gov.co'),
  ( 359  , 'Nelly Johanna Marquez Ruiz' ,  STR_TO_DATE('4-01-2016', '%d-%m-%Y'), STR_TO_DATE('31-12-2016', '%d-%m-%Y'), 3102667251, 'johannamarquez27@gmail.com', 'Karol Ricardo Ramirez Silva', 3214351969, 'alcaldia@firavitoba-boyaca.gov.co'),
  ( 360  , 'LUISA FERNANDA VILLAMIL RONCANCIO ' ,  STR_TO_DATE('1-02-2016', '%d-%m-%Y'), STR_TO_DATE('28-12-2016', '%d-%m-%Y'), 3162297854, 'puntovivedigitalgachantiva@gmail.com', 'Claudia Marcela Barajas ', 3127697628, 'uspgachan@gmail.com'),
  ( 361  , 'angel santiago acevedo castro' ,  STR_TO_DATE('13-10-2015', '%d-%m-%Y'), STR_TO_DATE('31-12-2016', '%d-%m-%Y'), 3124872078, 'pvdgaragoab@gmail.com', 'yisel valero', 3156125829, 'yisel.alcaldia@gmail.com'),
  ( 362  , 'NANCY EDITH HERNANDEZ NOVOA' ,  STR_TO_DATE('3-01-2016', '%d-%m-%Y'), STR_TO_DATE('30-11-2016', '%d-%m-%Y'), 3214774265, 'nacyher25@gmail.com', 'ALCALDIA', 3167405348, 'gobierno@guateque-boyaca.gov.co'),
  ( 363  , 'BLANCA MIRYAM GARCIA MORENO' ,  STR_TO_DATE('5-07-2016', '%d-%m-%Y'), STR_TO_DATE('5-12-2016', '%d-%m-%Y'), 3224138465, 'miryamgarcia2010@hotmail.com', 'BENJAMIN EDILSO PIÑEROS ALFONSO', 3134666640, 'alcaldia@guayata-boyaca.gov.con'),
  ( 364  , 'MARIA VICTORIA CARREÑO' ,  STR_TO_DATE('1-08-2016', '%d-%m-%Y'), STR_TO_DATE('31-12-2016', '%d-%m-%Y'), 3208363934, 'vivedigitalguican.boyaca@gmail.com', 'JOHN JAIVER BLANCO LOPEZ', 3144437943, 'jjblancolopez80@gmail.com'),
  ( 365  , 'ANGELA YAZMIN PRECIADO ' ,  STR_TO_DATE('25-01-2016', '%d-%m-%Y'), STR_TO_DATE('25-12-2016', '%d-%m-%Y'), 3144282100, 'yazdc.2231@gmail.com', 'ALEJANDRO MONTOYA', 3202318001, 'sistemas@iza-boyaca.gov.co'),
  ( 366  , 'MILENA ROCIO DUARTE VELANDIA' ,  STR_TO_DATE('15-07-2016', '%d-%m-%Y'), STR_TO_DATE('31-12-2016', '%d-%m-%Y'), 3204557912, 'milenarocio15@hotmail.com', 'JAIME ENRIQUE GALVIS', 7895355, 'alcaldia@lauvita-boyaca.gov.co'),
  ( 367  , 'EDGAR ANDRES AREIZA ALFONSO' ,  STR_TO_DATE('1-06-2016', '%d-%m-%Y'), STR_TO_DATE('31-12-2016', '%d-%m-%Y'), 3108087348, 'EDGAREIZA@HOTMAIL.ES', 'MONICA GUTIERREZ', 3212677510, 'MONICAJGR2013@GMAIL.COM'),
  ( 368  , 'BRAYAN RICARDO ROMERO MURCIA' ,  STR_TO_DATE('7-12-2016', '%d-%m-%Y'), STR_TO_DATE('31-12-2016', '%d-%m-%Y'), 3102548446, 'brayanrm11@hotmail.com', 'CARLOS CASTELLANOS ', 3208523401, 'gobierno@maripi-boyaca.gov.co'),
  ( 369  , 'MRTHA ISABEL GONZALEZ MORENO' ,  STR_TO_DATE('18-08-2016', '%d-%m-%Y'), STR_TO_DATE('18-12-2016', '%d-%m-%Y'), 3214084726, 'dannyalejo_0509@hotmail.com', 'alcaldia municipal', 3134547279, 'gobierno@muzo-boyaca.gov.co'),
  ( 370  , 'LYANNE JULIETH AVILA SAAVEDRA' ,  STR_TO_DATE('4-05-2016', '%d-%m-%Y'), STR_TO_DATE('28-10-2016', '%d-%m-%Y'), 3197985280, 'juliethavila0510@gmail.com', 'Francisco Suarez', 3144309558, 'comunicaciones.nobsa@gmail.com'),
  ( 371  , 'YEIMI LIZETH MORALES BOHORQUEZ' ,  STR_TO_DATE('9-08-2016', '%d-%m-%Y'), STR_TO_DATE('31-12-2016', '%d-%m-%Y'), 3213377113, 'puntovivedigitalpachavita@hotmail.com', 'YEIMI LIZETH MORALES BOHORQUEZ', 3213377113, 'puntovivedigitalpachavita@hotmail.com'),
  ( 372  , 'Karen cardenas ' ,  STR_TO_DATE('1-06-2016', '%d-%m-%Y'), STR_TO_DATE('1-01-2017', '%d-%m-%Y'), 3229457157, 'danielakardenas@gmail.com', 'Mauricio Morales ', 3133488629, 'mamomo2931@hotmail.com'),
  ( 373  , 'Irene Andrieth Rincón Rodriguez' ,  STR_TO_DATE('01-01-2016', '%d-%m-%Y'), STR_TO_DATE('01-01-2016', '%d-%m-%Y'), 3108908056, 'andrieth86@hotmail.com', '', 1 , ''),
  ( 374  , 'Yelixa Karolina Gonzalez Correa' ,  STR_TO_DATE('27-05-2016', '%d-%m-%Y'), STR_TO_DATE('27-12-2016', '%d-%m-%Y'), 3215534542, 'karitopvd@gmail.com', 'Fabian Murillo Marin ', 3105708661, 'pvdprincipal@puertoboyaca-boyaca.gov.co'),
  ( 375  , 'Blanca Irene Rojas Riveros' ,  STR_TO_DATE('11-05-2016', '%d-%m-%Y'), STR_TO_DATE('11-12-2016', '%d-%m-%Y'), 3112184201, 'birenerr7019@hotmail.com', 'Fernando Anzola', 3192023648, 'soportesistemas@gmail.com'),
  ( 376  , 'OSCAR PEÑA' ,  STR_TO_DATE('6-09-2016', '%d-%m-%Y'), STR_TO_DATE('31-12-2016', '%d-%m-%Y'), 3232108719, 'OSJHAPE@GMAIL.COM', 'RICHARD QUIROGA', 3102899718, 'alcaldia@sanjosedepare-boyaca.gov.co'),
  ( 377  , 'MARIBEL ELISA ACEVEDO VALBUENA' ,  STR_TO_DATE('20-06-2015', '%d-%m-%Y'), STR_TO_DATE('31-12-2016', '%d-%m-%Y'), 3224291891, 'maribelelisa@hotmail.com', 'MARIBEL ELISA ACEVEDO VALBUENA', 3224291891, 'maribelelisa@hotmail.com'),
  ( 378  , 'Rudt Yanedt Barrera Castro' ,  STR_TO_DATE('12-01-2016', '%d-%m-%Y'), STR_TO_DATE('30-12-2016', '%d-%m-%Y'), 3227128915, 'byanedt@gmail.com', 'Alcaldia', 3204919138, 'obraspublicas@santarosadeviterbo-boyaca.gov.co'),
  ( 379  , 'flor mayerly suesca paipa' ,  STR_TO_DATE('5-10-2016', '%d-%m-%Y'), STR_TO_DATE('5-04-2017', '%d-%m-%Y'), 3212245580, 'vivedigitalsiachoque@gmail.com', 'Alcaldia de siachoque', 7319168, 'alcaldia@siachoque-boyaca.gov.co'),
  ( 380  , 'MELBY YAMILE CUERVO BARAJAS' ,  STR_TO_DATE('4-01-2016', '%d-%m-%Y'), STR_TO_DATE('31-12-2016', '%d-%m-%Y'), 3223092161, 'yamycb_3112@hotmail.com', 'YOBAN RENET REYES', 3125973997, 'alcaldia@sora-boyaca.gov.co'),
  ( 381  , 'YHERMAN BERNAL SALAMANCA ' ,  STR_TO_DATE('8-03-2016', '%d-%m-%Y'), STR_TO_DATE('31-12-2016', '%d-%m-%Y'), 3173630671, 'yhermanbernal@gmail.com', 'YHERMAN BERNAL SALAMANCA', 3173630671, 'yhermanbernal@gmail.com'),
  ( 382  , 'Diego Eduardo Blanco' ,  STR_TO_DATE('16-06-2015', '%d-%m-%Y'), STR_TO_DATE('15-12-2016', '%d-%m-%Y'), 3125658305, 'deblanco7@misena.edu.co', 'Alcaldia Susacon', 3125658305, 'deblanco7@misena.edu.co'),
  ( 383  , 'ANGIE LORENA GONZALEZ SERRANO' ,  STR_TO_DATE('7-01-2016', '%d-%m-%Y'), STR_TO_DATE('31-12-2016', '%d-%m-%Y'), 3219865942, 'vivedigitaltenza@gmail.com', 'JHON ALEXANDER LOPEZ MENDOZA', 3013374143, 'alcaldia@tenza-boyaca.gov.co'),
  ( 384  , 'andres felipe valiente' ,  STR_TO_DATE('3-08-2016', '%d-%m-%Y'), STR_TO_DATE('31-12-2016', '%d-%m-%Y'), 3212551417, 'af.valientea@gmail.com', 'hector miguel larrota', 3102432469, 'sistemas@toca-boyaca.gov.co'),
  ( 385  , 'GEOVANNY ALFREDO MOGOLLON RIVERA' ,  STR_TO_DATE('23-02-2016', '%d-%m-%Y'), STR_TO_DATE('23-12-2016', '%d-%m-%Y'), 3105825999, 'tics.tota2016@gmail.com', 'GEOVANNY ALFREDO MOGOLLON RIVERA', 3105825999, 'tics.tota2016@gmail.com'),
  ( 386  , 'DAYANNA CAROLINA MONROY BAUTISTA' ,  STR_TO_DATE('25-05-2016', '%d-%m-%Y'), STR_TO_DATE('25-10-2016', '%d-%m-%Y'), 3185483587, 'dayannamonroy08@hotmail.com', 'JAVIER MORENO MORENO ', 3144120559, 'planeacion@turmeque-boyaca.gov.co'),
  ( 387  , 'CARLOS  ENRIQUE  SANCHEZ  MEDINA' ,  STR_TO_DATE('8-01-2016', '%d-%m-%Y'), STR_TO_DATE('31-12-2016', '%d-%m-%Y'), 3203969200, 'tutaboyaca@hotmail.com', 'YENNI  GARCIA', 3123554148, 'secretariageneral@tuta-boyaca.gov.co'),
  ( 388  , 'faber alfinger dueñas carvajal' ,  STR_TO_DATE('1-03-2016', '%d-%m-%Y'), STR_TO_DATE('30-12-2016', '%d-%m-%Y'), 3204286323, 'faber_1960@hotmail.com', 'Carlos Saul Reyes Estupiñan', 3203005727, 'gialcebry@gmail.com'),
  ( 389  , 'Nancy Milena Heredia Gonzalez' ,  STR_TO_DATE('1-07-2016', '%d-%m-%Y'), STR_TO_DATE('31-12-2016', '%d-%m-%Y'), 3123765377, 'namihego@hotmail.com', 'Benjamín Martinez Huertas', 3102017940, 'benjaminmarhu@yahoo.es'),
  ( 390  , 'JEANNDRY EDUAR IBICA GOMEZ' ,  STR_TO_DATE('31-03-2016', '%d-%m-%Y'), STR_TO_DATE('15-12-2016', '%d-%m-%Y'), 3112328159, 'pvdaguazuljorgeeliecergaitan@gmail.com', 'JAVIER LEONARDO BONILLA', 3214536251, 'educacioncultura@aguazul-casanare.gov.co'),
  ( 391  , 'Nelson Obeimer Soler Cardenas' ,  STR_TO_DATE('22-08-2016', '%d-%m-%Y'), STR_TO_DATE('22-11-2016', '%d-%m-%Y'), 3123929812, 'manicasanarepvd@gmail.com', 'Laura Jimena Perez Aguirre', 3132427178, 'tic@mani-casanare.gov.co'),
  ( 392  , 'DIEGO ANDRES CENDALES ROMERO' ,  STR_TO_DATE('11-06-2015', '%d-%m-%Y'), STR_TO_DATE('27-01-2017', '%d-%m-%Y'), 3213233318, 'diacenda@gmail.com', 'JOHN EDWARD SILVA ARENAS', 3118599600, 'johnsilva87@hotmail.com'),
  ( 393  , 'Andres Felipe Acosta Bohorquez' ,  STR_TO_DATE('8-03-2016', '%d-%m-%Y'), STR_TO_DATE('27-01-2017', '%d-%m-%Y'), 3186003941, 'pvdtecnicomonterrey@gmai.com', 'John Edward Silva', 3118599600, 'johnsilva87@hotmail.com'),
  ( 394  , 'Tatiana Heredia' ,  STR_TO_DATE('4-02-2016', '%d-%m-%Y'), STR_TO_DATE('26-12-2016', '%d-%m-%Y'), 3134291319, 'nunchiapvd@gmail.com', 'Tatiana Heredia', 3134291319, 'nunchiapvd@gmail.com'),
  ( 395  , 'James Eduardo Abella Curcho' ,  STR_TO_DATE('26-08-2016', '%d-%m-%Y'), STR_TO_DATE('25-12-2016', '%d-%m-%Y'), 3103138661, 'jamescurcho@gmail.com', 'Didier Torres Corce', 3115354124, 'cultura@pazdeariporo-casanare.gov.co'),
  ( 396  , 'Jerson Javier tarache rodriguez' ,  STR_TO_DATE('4-08-2016', '%d-%m-%Y'), STR_TO_DATE('18-12-2016', '%d-%m-%Y'), 3213116553, 'checho_91_8@hotmail.com', 'Nancy Susana espitia ', 3143308941, 'generalygobierno@pore-casanare.gov.co'),
  ( 397  , 'LEIDY YOHANA PEREZ DIAZ ' ,  STR_TO_DATE('5-09-2016', '%d-%m-%Y'), STR_TO_DATE('16-10-2016', '%d-%m-%Y'), 3105523797, 'yiyis0725@gmail.com', 'FERNEY MARTINEZ RAMIREZ ', 3143145382, 'fmartinezr55@gmail.com'),
  ( 398  , 'JOSE ANTONIO PRIETO SILVA' ,  STR_TO_DATE('24-02-2016', '%d-%m-%Y'), STR_TO_DATE('23-11-2016', '%d-%m-%Y'), 3132325751, 'antonyprieto721@hotmail.com', 'LEIDY KACTERINE GUALTEROS ', 6370011, 'gobierno@sanluisdepalenque-casanare.gov.co'),
  ( 399  , 'Monica Yisandra Moreno Buitrago' ,  STR_TO_DATE('18-04-2016', '%d-%m-%Y'), STR_TO_DATE('17-12-2016', '%d-%m-%Y'), 3127518420, 'monikyisandra_96@hotmail.com', 'Alcaldia Municipal de Tauramena', 6247113, 'desarrollosocial@tauramena-casanare.gov.co'),
  ( 400  , 'ANDRES BARRERA' ,  STR_TO_DATE('15-03-2016', '%d-%m-%Y'), STR_TO_DATE('23-12-2016', '%d-%m-%Y'), 3219271023, 'pvdpvillanueva@gmail.com', 'Nelson Romero', 3208576092, 'desarrollosocial@villanueva-casanare.gov.co'),
  ( 401  , 'florelvi Cristiano Hormaza' ,  STR_TO_DATE('6-03-2016', '%d-%m-%Y'), STR_TO_DATE('6-03-2019', '%d-%m-%Y'), 3123865389, 'florelvy2010@gmail.com', 'Luz Stella Sanchez Ramirez', 3142981372, 'direcciontic@yopal-casanare.gov.co'),
  ( 402  , 'Fabiola  Carrillo  Mejia' ,  STR_TO_DATE('21-04-2016', '%d-%m-%Y'), STR_TO_DATE('21-12-2016', '%d-%m-%Y'), 3017864940, 'fabiolacm10@hotmail.com', 'Maria  Paola  Hernandez', 3015014855, 'mariapacostah@hotmail.com'),
  ( 403  , 'Neider Manuel Choperena Tejada ' ,  STR_TO_DATE('4-02-2016', '%d-%m-%Y'), STR_TO_DATE('5-11-2016', '%d-%m-%Y'), 3215945699, 'neichop@hotmail.com', 'Albeiro Torres', 3135099279, 'educacion@ayapel-cordoba.gov.co'),
  ( 404  , 'HERNAN DARIO MENDOZA' ,  STR_TO_DATE('12-04-2016', '%d-%m-%Y'), STR_TO_DATE('30-12-2016', '%d-%m-%Y'), 3114308334, 'hmendozasuarez@gmail.com', 'HERNAN M4ENDOZA', 3114308334, 'hmendozasuarez@gmail.com'),
  ( 405  , 'EDWIN TORRES AVILA' ,  STR_TO_DATE('21-09-2016', '%d-%m-%Y'), STR_TO_DATE('21-11-2016', '%d-%m-%Y'), 3107314504, 'edwint.avila666@gmail.com', 'ARICELIS PEREZ OSORIO', 3104325289, 'ari890715@hotmail.com'),
  ( 406  , 'JAVIER MONTES HERNANDEZ' ,  STR_TO_DATE('7-06-2016', '%d-%m-%Y'), STR_TO_DATE('7-03-2016', '%d-%m-%Y'), 3002157407, 'javiermh04@gmail.com', 'JAIME ENRIQUE CÁRDENAS BARRIOS', 5940407, 'jcarden1@fonade.gov.co'),
  ( 407  , 'Dorelis Galindo Durango ' ,  STR_TO_DATE('1-12-2016', '%d-%m-%Y'), STR_TO_DATE('11-03-2016', '%d-%m-%Y'), 3127941544, 'dorelisgalindo@gmail.com', 'Harold Maussa Rivas ', 3226141267, 'haroldmaussa@gmail.com'),
  ( 408  , 'oscar fabian rodriguez castro' ,  STR_TO_DATE('14-02-2016', '%d-%m-%Y'), STR_TO_DATE('26-12-2016', '%d-%m-%Y'), 3204139479, 'fabiancho93kz@hotmail.com', 'felipe', 3192447297, 'secretariaeducacion@gachancipa-cundinamarca.gov'),
  ( 409  , 'ALEJANDRO MAURICIO PUPO MEJIA' ,  STR_TO_DATE('1-05-2016', '%d-%m-%Y'), STR_TO_DATE('31-12-2016', '%d-%m-%Y'), 3104158442, 'alejandropupomejia@hotmail.com', 'ALCALDIA DISTRACCION', 3106118560, 'alcaldia@distraccion-laguajira.gov.co'),
  ( 410  , 'Mildreth Malena Romero Ortiz' ,  STR_TO_DATE('2-11-2015', '%d-%m-%Y'), STR_TO_DATE('30-12-2016', '%d-%m-%Y'), 3043484749, 'mildrethmalenaromeroortiz@gmail.com', 'Michell Diaz', 7759302, 'alcaldia@hatonuevolaguajira.gov.co'),
  ( 411  , 'maireth farina romero ascanio' ,  STR_TO_DATE('2-05-2016', '%d-%m-%Y'), STR_TO_DATE('2-11-2016', '%d-%m-%Y'), 301204545, 'mairethfarinaromero@hotmail.com', 'fredy  jose mariano palacio duran', 3165271937, 'secretariodeplaneacionlajagua@gmail.com'),
  ( 412  , 'Luis Humberto Cervantes Cajar' ,  STR_TO_DATE('21-05-2016', '%d-%m-%Y'), STR_TO_DATE('30-12-2016', '%d-%m-%Y'), 3012507374, 'lucerca@hotmail.es', 'Lazaro Palacio', 3004058547, 'lazaro.palacio@gmail.com'),
  ( 413  , 'Efren Ortiz Ureche' ,  STR_TO_DATE('4-01-2016', '%d-%m-%Y'), STR_TO_DATE('30-12-2016', '%d-%m-%Y'), 3184937834, 'adalith84@hotmail.com', 'Lilian De Luque Brujea', 3016057816, 'contactenos@manaure-laguajira.gov.co'),
  ( 414  , 'Islein Johana Gaitan Niño' ,  STR_TO_DATE('8-03-2016', '%d-%m-%Y'), STR_TO_DATE('31-12-2016', '%d-%m-%Y'), 3107693765, 'secretariaTIC@castillalanueva.gov.co', 'Alcaldia de castilla la nueva', 6750075, 'alcaldia@castillalanueva.gov.co'),
  ( 415  , 'LUIS VICENTE CRUZ TRIANA ' ,  STR_TO_DATE('4-02-2016', '%d-%m-%Y'), STR_TO_DATE('30-12-2016', '%d-%m-%Y'), 3156620726, 'vivedigital948@gmail.com', 'RUBEN DARIO GONZALEZ ', 3115969217, 'vivedigital948@gmail.com'),
  ( 416  , 'LUISA FERNANDA GARZON AMADO' ,  STR_TO_DATE('24-10-2016', '%d-%m-%Y'), STR_TO_DATE('24-12-2016', '%d-%m-%Y'), 3116937631, 'luisaf025@hotmail.com', 'JUAN CARLOS FLORES', 3008508224, 'sistemas@sanmartin-meta.gov.co'),
  ( 417  , 'angelica ruiz gonzalez' ,  STR_TO_DATE('4-10-2016', '%d-%m-%Y'), STR_TO_DATE('30-12-2016', '%d-%m-%Y'), 3144609725, 'puntosvivedigital@villavicencio.gov.co', 'Jeisson stiven Garcia Celeita', 3007843890, 'sistemas@villavicencio.gov.co'),
  ( 418  , 'JOHN BLADIMIR' ,  STR_TO_DATE('1-10-2014', '%d-%m-%Y'), STR_TO_DATE('15-10-2016', '%d-%m-%Y'), 3102257230, 'john.parrales@hotmail.com', 'John Bladimir Parrales', 3102257230, 'john.parrales@hotmail.com'),
  ( 419  , '01-01-2016' ,  STR_TO_DATE('01-01-2016', '%d-%m-%Y'), STR_TO_DATE('01-01-2016', '%d-%m-%Y'), 01-01-2016, '01-01-2016', 'ELKIN ARENAS', 3114446063, ''),
  ( 420  , 'ALVARO MENDOZA MONCADA' ,  STR_TO_DATE('31-10-2016', '%d-%m-%Y'), STR_TO_DATE('31-12-2016', '%d-%m-%Y'), 3205860716, 'amen1123@gmail.com', 'ANGEL EVELIO ALBARRACIN RUBIO', 3142335213, 'planeacion@arboledas-nortedesantander.gov.co'),
  ( 421  , 'YULIAN ANDRES LOZADA VELASCO' ,  STR_TO_DATE('1-09-2016', '%d-%m-%Y'), STR_TO_DATE('30-11-2016', '%d-%m-%Y'), 3222676852, 'YULIANANDRESLOZADA@GMAIL.COM', 'ALCALDIA BOCHALEMA', 3204744339, 'ALCALDIA@BOCHALEMA-NORTEDESANTANDER.GOV.CO'),
  ( 422  , 'Yulany Matilde Quintero Torrado ' ,  STR_TO_DATE('5-10-2016', '%d-%m-%Y'), STR_TO_DATE('1-11-2016', '%d-%m-%Y'), 3208893575, 'pvdcachira@gmail.com', 'lius alberto zapata ', 3125155213, 'pvdcachira@gmail.com'),
  ( 423  , 'yeni marcela garcia vera ' ,  STR_TO_DATE('31-10-2016', '%d-%m-%Y'), STR_TO_DATE('30-11-2019', '%d-%m-%Y'), 3224468625, 'yennivera27@hotmail.com', 'alcaldía cacota ', 5290010, 'contactenos@cacota-nortedesantander.gov.co'),
  ( 424  , 'Felix Enrique González Gómez' ,  STR_TO_DATE('10-05-2016', '%d-%m-%Y'), STR_TO_DATE('28-12-2016', '%d-%m-%Y'), 3114486024, 'chinacotapvd@gmail.com', 'Felix Enrique González Gómez', 3114486024, 'chinacotapvd@gmail.com'),
  ( 425  , 'Benjamin López Villamizar' ,  STR_TO_DATE('5-09-2016', '%d-%m-%Y'), STR_TO_DATE('30-12-2016', '%d-%m-%Y'), 3209414106, 'puntovivedigitalchitaga@gmail.com', 'Luis Eduardo Duran', 3188678225, 'eduardo.duran@nortedesantander.gov.co'),
  ( 426  , 'Jesus John Quiñones Castro' ,  STR_TO_DATE('19-02-2016', '%d-%m-%Y'), STR_TO_DATE('19-02-2017', '%d-%m-%Y'), 3228880493, 'jesus.quinones1177@correo.policia.gov.co', 'Mayor Carlos Andres Losada Gomez', 3219595188, 'carlos.losada@correo.policia.gov.co'),
  ( 427  , 'LUIS ALEXANDER BECERRA ALBARRACIN' ,  STR_TO_DATE('01-01-2016', '%d-%m-%Y'), STR_TO_DATE('01-01-2016', '%d-%m-%Y'), 3114979450, 'L.ALEXANDER888@GMAIL.COM', '', 1 , ''),
  ( 428  , 'MARTIN EMILIO TORRES SANCHEZ' ,  STR_TO_DATE('14-09-1993', '%d-%m-%Y'), STR_TO_DATE('1-1-0001', '%d-%m-%Y'), 3134635293, 'matosa98@hotmail.com', 'martin emilio torres sanchez', 3134635293, 'matosa98@hotmail.com'),
  ( 429  , 'CARLOS HURTADO NUÑEZ' ,  STR_TO_DATE('1-09-2016', '%d-%m-%Y'), STR_TO_DATE('30-09-2016', '%d-%m-%Y'), 3138807162, 'educacion@elzulia-nortedesantander.gov.co', 'alcaldía municipal del zulia', 5789444, 'educacion@elzulia-nortedesantander.gov.co'),
  ( 430  , 'jose esneider duran perez' ,  STR_TO_DATE('8-02-2016', '%d-%m-%Y'), STR_TO_DATE('31-01-2017', '%d-%m-%Y'), 3103079061, 'mande51@hotmail.com', 'milciades pinzon pinzon', 3103079061, 'alcaldia@hacari-nortedesantander.gov.co; mande51@hotmail.com'),
  ( 431  , 'jesus eduardo garcia garcia' ,  STR_TO_DATE('1-07-2016', '%d-%m-%Y'), STR_TO_DATE('31-12-2016', '%d-%m-%Y'), 3105722012, 'jesuseduardog383@gmail.com', 'alcaldia municpal', 3134215276, 'laplayadebelen-@nortedesantander.gov.co'),
  ( 432  , 'SAIRA YOFANY DELGADO PARADA' ,  STR_TO_DATE('15-07-2016', '%d-%m-%Y'), STR_TO_DATE('31-12-2016', '%d-%m-%Y'), 3186694689, 'saira2014.d@hotmail.com', 'EVELIO VALENCIA PEÑALOZA', 3123952346, 'alcaldia@labateca-nortedesantander.gov.co'),
  ( 433  , 'Didier Ruiz Velasquez' ,  STR_TO_DATE('2-02-2016', '%d-%m-%Y'), STR_TO_DATE('15-12-2016', '%d-%m-%Y'), 3107841967, 'didierrv20@hotmail.com', 'Gobernacion- Comfanorte', 5823455, 'pvdpatios2016@gmail.com'),
  ( 434  , 'wilker Anderson rodriguez capacho' ,  STR_TO_DATE('8-04-2016', '%d-%m-%Y'), STR_TO_DATE('30-12-2016', '%d-%m-%Y'), 3213051835, 'gel@pamplona-santander.gov.co', 'Wilker Anderson Rodriguez Capacho', 3213051835, 'gel@pamplona-esantander.gov.co'),
  ( 435  , 'cesar andelfo' ,  STR_TO_DATE('5-05-2016', '%d-%m-%Y'), STR_TO_DATE('8-12-2016', '%d-%m-%Y'), 3203533831, 'fernandezcruz.cesar187@gmail.com', 'nancy teresa capacho mirand', 3107646028, 'terecami_2286@hotmail.com'),
  ( 436  , 'sandra johanna caicedo serrano' ,  STR_TO_DATE('11-07-2016', '%d-%m-%Y'), STR_TO_DATE('30-12-2016', '%d-%m-%Y'), 3125433928, 'gel_pvd@ragonvalia-nortedesantander.gov.co', 'CRISTHIAN ALIEBRO ORDUZ', 3112687986, 'secretariadeplaneacion@ragonvalia-nortedesantander.gov.co'),
  ( 437  , '01-01-01' ,  STR_TO_DATE('01-01-01', '%d-%m-%Y'), STR_TO_DATE('01-01-01', '%d-%m-%Y'), 01-01-01, '01-01-01', 'Juan Zafra', 3212715416, 'contactenos@salazardelaspalmas-nortedesantander.gov.co'),
  ( 438  , 'MARTIN ALONSO MACHUCA' ,  STR_TO_DATE('17-05-2016', '%d-%m-%Y'), STR_TO_DATE('31-12-2016', '%d-%m-%Y'), 3125700596, 'martinalonso74@hotmail.com', 'ING. ANGELICA ACEVEDO', 3203413235, 'planeacion@sancayetano-nortedesantander.gov.co'),
  ( 439  , 'MAYNORTH ARCENIO NIÑO SAAVEDRA' ,  STR_TO_DATE('4-01-2016', '%d-%m-%Y'), STR_TO_DATE('30-12-2016', '%d-%m-%Y'), 3208571091, 'contactenos@santiago-nortedesantander.gov.co', 'NELSON CAMACHO ORTIZ', 3208554572, 'contactenos@santiago-nortedesantander.gov.co'),
  ( 440  , 'MARTHA EUCARIS JAUREGUI' ,  STR_TO_DATE('1-11-2016', '%d-%m-%Y'), STR_TO_DATE('30-12-2016', '%d-%m-%Y'), 3124321644, 'matatai1964@hotmail.es', 'ALCALDIA MUNICIPAL DE TOLEDO', 3123486214, 'jalabeto@hotmail.com'),
  ( 441  , 'Humberto Mariño Prada' ,  STR_TO_DATE('18-06-2015', '%d-%m-%Y'), STR_TO_DATE('31-12-2016', '%d-%m-%Y'), 3115173536, 'vivedigital@gmail.com', 'Humberto Mariño Prada', 3115173536, 'vivedigitalvr@gmail.com'),
  ( 442  , 'FREDY YESID HILARION BOJACA' ,  STR_TO_DATE('24-06-2015', '%d-%m-%Y'), STR_TO_DATE('31-12-2016', '%d-%m-%Y'), 3114525937, 'FREYEHIBO@GMAIL.COM', 'CARLOS MAURICIO PRIETO VARGAS', 3133991313, 'SECGOBIERNO@GACHETA-CUNDINAMARCA.GOV.CO'),
  ( 443  , 'Jhon Alexander Beltran Beltran' ,  STR_TO_DATE('18-01-2016', '%d-%m-%Y'), STR_TO_DATE('30-12-2016', '%d-%m-%Y'), 3133014396, 'jhongorro09@gmail.com', 'Lidia Consuelo Garzón Bermudez', 3142852090, 'alcaldia@gama-cundinamarca.gov.co'),
  ( 444  , 'Maria Isabel Lasso Delgado ' ,  STR_TO_DATE('12-01-2016', '%d-%m-%Y'), STR_TO_DATE('31-12-2016', '%d-%m-%Y'), 3133760436, 'mary_il20@hotmail.com', 'Yakeline Martinez ', 3115299688, 'secretaria.educacionculturaydeporte@aipe.huila.go'),
  ( 445  , 'Sergio Zambrano Lancheros' ,  STR_TO_DATE('23-05-2016', '%d-%m-%Y'), STR_TO_DATE('30-12-2016', '%d-%m-%Y'), 3142107831, 'puntovivedigitalbarbosa@gmail.com', 'Municipio de Barbosa', 3142107831, 'comunicaciones@barbosa-santander.gov.co'),
  ( 446  , 'edgar mauricio silva larrota ' ,  STR_TO_DATE('18-01-2016', '%d-%m-%Y'), STR_TO_DATE('30-12-2016', '%d-%m-%Y'), 3103077682, 'pvivedigital.barichara@gmail.com', 'alcaldía municipal de barichara ', 377267052, 'contactenos@barichara-santander.gov.co'),
  ( 447  , 'DAYANA MARIA MUÑOZ' ,  STR_TO_DATE('2-07-2016', '%d-%m-%Y'), STR_TO_DATE('26-12-2016', '%d-%m-%Y'), 3202034595, 'DAYANARRT@GMAIL.COM', 'SERGIO CAJIAS ', 3103493061, 'socajias@gmail.com'),
  ( 448  , 'Aydeé Bautista Duarte' ,  STR_TO_DATE('8-07-2016', '%d-%m-%Y'), STR_TO_DATE('27-12-2016', '%d-%m-%Y'), 3177543033, 'pvdcafemadrid@bucaramanga.gov.co', 'Sergio Oswaldo Cajias', 3103493061, 'socajias@gmail.com'),
  ( 449  , 'Leidy Rocio Fonseca Moreno' ,  STR_TO_DATE('8-07-2016', '%d-%m-%Y'), STR_TO_DATE('27-12-2016', '%d-%m-%Y'), 3203946614, 'pvdmorrorico@bucaramanga.gov.co', 'Sergio Oswaldo Cajias ', 3103493061, 'scajias@bucaramanga.gov.co'),
  ( 450  , 'ELKIN GIOVANNY PLATA FLOREZ' ,  STR_TO_DATE('8-07-2016', '%d-%m-%Y'), STR_TO_DATE('27-12-2016', '%d-%m-%Y'), 3166701162, 'pvdpromocionsocial@bucaramanga.gov.co', 'SERGIO CAJIAS', 3103493061, 'scajias@bucaramanga.gov.co'),
  ( 451  , 'DEICY VIANNEY CARRILLO CENEJOA' ,  STR_TO_DATE('8-07-2016', '%d-%m-%Y'), STR_TO_DATE('27-12-2016', '%d-%m-%Y'), 3213272748, 'pvdcolsantander@bucaramanga.gov.co', 'SERGIO OSWALDO CAJIAS ', 3103493061, 'socajias@gmail.com'),
  ( 452  , 'Mauricio Reyes Tarazona' ,  STR_TO_DATE('1-01-2014', '%d-%m-%Y'), STR_TO_DATE('31-12-2018', '%d-%m-%Y'), 3167499449, 'mauricio.reyes4314@correo.policia.gov.co', 'Policia Nacional de Colombia', 3167499449, 'mebuc.nusefa-rectoria@policia.gov.co'),
  ( 453  , 'NANCY MILENA CARVAJAL GONZALEZ' ,  STR_TO_DATE('18-09-2015', '%d-%m-%Y'), STR_TO_DATE('30-12-2016', '%d-%m-%Y'), 3192027706, 'nmpaulis@gmail.com', 'CARLOS ALBERTO ROMERO RAMIREZ', 3103340392, 'secre.general@cerrito-santander.gov.co'),
  ( 454  , 'andrey caceres rivera' ,  STR_TO_DATE('15-02-2016', '%d-%m-%Y'), STR_TO_DATE('15-12-2016', '%d-%m-%Y'), 3204157314, 'caceresan_@hotmail.com', 'planeacion municipal', 3108136921, 'planeacion@coromoro-santander.gov.co'),
  ( 455  , 'ADRIANA GOMEZ MARIN ' ,  STR_TO_DATE('2-02-2016', '%d-%m-%Y'), STR_TO_DATE('28-12-2016', '%d-%m-%Y'), 3108823012, 'adrigoma18@outlook.com', 'carlos alberto gonzales menese ', 3118924297, 'tics@elcarmendechucuri.gov.co'),
  ( 456  , 'DIANA MARCELA BALAGUERA BASTILLA' ,  STR_TO_DATE('7-04-2016', '%d-%m-%Y'), STR_TO_DATE('31-12-2016', '%d-%m-%Y'), 3134647365, 'encinopvd@gmail.com', 'RUTH HERMINDA MORENO FLOREZ', 3115910029, 'gobierno@encino-santander.gov.co'),
  ( 457  , 'Lisseth tatiana Pinto-Rosalba Esther Pedraza Mendez' ,  STR_TO_DATE('2-05-2016', '%d-%m-%Y'), STR_TO_DATE('30-12-2016', '%d-%m-%Y'), 3004986601, 'lissethtp@hotmail.com', 'Francisco Javier Sequeda', 3005904101, 'delegadoterritorial@gmail.com'),
  ( 458  , 'Silvia Juliana Serrano Pacheco' ,  STR_TO_DATE('9-02-2016', '%d-%m-%Y'), STR_TO_DATE('8-11-2016', '%d-%m-%Y'), 3115140536, 'serranosilvia01@gmail.com', 'Silvia Juliana Serrano Pacheco', 3115140536, 'serranosilvia01@gmail.com'),
  ( 459  , 'JUAN MANUEL DAZA RODRIGUEZ' ,  STR_TO_DATE('11-04-2016', '%d-%m-%Y'), STR_TO_DATE('16-12-2016', '%d-%m-%Y'), 3202424339, 'JMDRODRIGUEZ2223@GMAIL.COM', 'EDWIN GUERRERO', 3165251999, 'planeacion@landazuri-santander.gov.co'),
  ( 460  , 'MAYRA ALEJANDRA ESTUPIÑAN GOMEZ ' ,  STR_TO_DATE('11-04-2016', '%d-%m-%Y'), STR_TO_DATE('31-12-2016', '%d-%m-%Y'), 3208773050, 'alejandra20salamanca@gmail.com', 'ISAIAS MEJIA PILONIETA ', 3138859943, 'oficinadedesarrollo@ocamonte-sanatnder.gov.co'),
  ( 461  , 'rosa maria silva ' ,  STR_TO_DATE('2-02-2016', '%d-%m-%Y'), STR_TO_DATE('25-12-2016', '%d-%m-%Y'), 3143033279, 'rosamariasilva0996@gmail.com', 'oscar daniel galindo ', 3502979033, 'oscarddaniell@hotmail.com'),
  ( 462  , 'Horacio Orostegui Cala' ,  STR_TO_DATE('1-08-2016', '%d-%m-%Y'), STR_TO_DATE('27-12-2016', '%d-%m-%Y'), 3114975564, 'orostegui1994@hotmail.com', 'Alirio Garzon Saavedra', 3174294761, 'alcaldia@palmar-santander.gov.co'),
  ( 463  , 'DAVINSON FABIAN GONZLEZ QUITIAN' ,  STR_TO_DATE('2-08-2016', '%d-%m-%Y'), STR_TO_DATE('30-12-2016', '%d-%m-%Y'), 3175873858, 'QUIRFOS@HOTMAIL.COM', 'harol marcelo moreno', 3115618521, 'planeacion@puertoparra-santander.gov.co'),
  ( 464  , 'LILIANA GUTIERREZ MORALES ' ,  STR_TO_DATE('9-04-2016', '%d-%m-%Y'), STR_TO_DATE('5-12-2016', '%d-%m-%Y'), 3057298041, 'lilianagutierrez388379@gmail.com', 'ARMANDO MEDRANO ', 3175045945, 'secretariaprivada@rionegro-.gov.co'),
  ( 465  , 'Ronald Alberto Guevara Moreno ' ,  STR_TO_DATE('1-08-2016', '%d-%m-%Y'), STR_TO_DATE('28-10-2016', '%d-%m-%Y'), 3152604227, 'ronaldoragem@hotmail.com', 'Mario Uribe ', 3185321879, 'desarroloeindustria@sabanadetorres-santander.gov.co'),
  ( 466  , 'Duvánd de Jesús Benavides Archila' ,  STR_TO_DATE('19-07-2016', '%d-%m-%Y'), STR_TO_DATE('29-12-2016', '%d-%m-%Y'), 3219421554, 'duvisytu890617@gmail.com', 'Olga Cenobia Tavera', 3208366063, 'gobierno@santahelenadelopon-santander.gov.co'),
  ( 467  , 'Hector Javier Martinez Toledo' ,  STR_TO_DATE('15-08-2016', '%d-%m-%Y'), STR_TO_DATE('15-12-2016', '%d-%m-%Y'), 3156000738, 'lic.hectorjaviermartineztoledo@gmail.com', 'Charles Rojas Acosta', 7272580, 'gobierno@socorro-santander.gov.co'),
  ( 468  , 'ALVARO YAMID AGUDELO SANDOVAL' ,  STR_TO_DATE('26-07-2016', '%d-%m-%Y'), STR_TO_DATE('31-12-2016', '%d-%m-%Y'), 3102577484, 'ayas_381@hotmail.com', 'DAYANA LOPEZ MARTINEZ', 3214985170, 'dayanalopez_0804@hotmail.com'),
  ( 469  , 'YURI PAULIN ARCINIEGAS RAMIREZ' ,  STR_TO_DATE('30-03-2016', '%d-%m-%Y'), STR_TO_DATE('26-12-2016', '%d-%m-%Y'), 3178523770, 'yuripaulin_2016@hotmail.com', 'Mario Eduardo Hernandez', 3134345180, 'alcaldia@surata-santander.gov.co'),
  ( 470  , 'LORENA RUEDA RIOS' ,  STR_TO_DATE('4-01-2016', '%d-%m-%Y'), STR_TO_DATE('30-12-2016', '%d-%m-%Y'), 3202452210, 'pvd@valledesanjose-santander.gov.co', 'CRISTIAN RICARDO SALAZAR GARCIA', 3118896683, 'hacienda@valledesanjose-santander.gov.co'),
  ( 471  , 'leidy Velasco Güiza' ,  STR_TO_DATE('1-08-2016', '%d-%m-%Y'), STR_TO_DATE('30-11-2016', '%d-%m-%Y'), 3214469155, 'leidyta.vg01@hotmail.com', 'ALCALDIA VELEZ', 3214442671, 'umata@velez-santander.gov.co'),
  ( 472  , 'Arnulfo Ariza Barrera' ,  STR_TO_DATE('1-01-2016', '%d-%m-%Y'), STR_TO_DATE('31-12-2017', '%d-%m-%Y'), 3118128402, 'arnulfo.ariza@correo.policia.gov.co', 'policía nacional de colombia', 977564004, 'esvel.direc@correo.policia.gov.co'),
  ( 473  , 'LIZZETH YOHANNA VIVIESCAS MARISCAL' ,  STR_TO_DATE('11-01-2016', '%d-%m-%Y'), STR_TO_DATE('28-11-2016', '%d-%m-%Y'), 3115264623, 'dannavivi@hotmail.com', 'MATEO SARMIENTO', 3506546568, 'planeacionvillanueva.gov.co@gmail.com'),
  ( 474  , 'Rocío Díaz Fonseca' ,  STR_TO_DATE('11-07-2016', '%d-%m-%Y'), STR_TO_DATE('31-10-2016', '%d-%m-%Y'), 3157529553, 'rociodiazfonseca@outlook.com', 'Laura Linares Pineda', 3165219879, 'alcaldia@zapatoca-santander.gov.co'),
  ( 475  , 'adela tamara medina' ,  STR_TO_DATE('10-04-2016', '%d-%m-%Y'), STR_TO_DATE('10-07-2016', '%d-%m-%Y'), 3003132359, 'adelatamara44@gmial.com', 'alcaldia de  sampués', 2838994, 'alcaldid@sampues-sucre.gov.co'),
  ( 476  , 'ERASMO JOSE OTERO JARAVA' ,  STR_TO_DATE('01-01-2016', '%d-%m-%Y'), STR_TO_DATE('01-01-2016', '%d-%m-%Y'), 3013289549, 'erasmotero@hotmail.com', '', 1 , ''),
  ( 477  , 'Francisco javier alvira suaza' ,  STR_TO_DATE('25-08-2016', '%d-%m-%Y'), STR_TO_DATE('25-12-2016', '%d-%m-%Y'), 3118746849, 'falviras@gmail.com', 'Jhon Alexander Vera Peña', 3102069472, 'alexvera11@hotmail.com'),
  ( 478  , 'Jhon Stiven Perdomo Muñoz' ,  STR_TO_DATE('5-10-2016', '%d-%m-%Y'), STR_TO_DATE('31-12-2016', '%d-%m-%Y'), 3158143038, 'stiven_perdomo@outlook.es', 'Nidia Puentes Arias', 3173320223, 'educacion-social@campoalegre-huila.gov.co'),
  ( 479  , 'JEFFERSON CARVAJAL RINCON' ,  STR_TO_DATE('13-09-2016', '%d-%m-%Y'), STR_TO_DATE('31-12-2016', '%d-%m-%Y'), 3195838535, 'jdcarvajal98@outlook.com', 'YANETH MENESES', 3175106125, 'yaneth.meneses@huila.gov.co'),
  ( 480  , 'LICETH TORRES VELASQUEZ' ,  STR_TO_DATE('5-10-2016', '%d-%m-%Y'), STR_TO_DATE('31-12-2016', '%d-%m-%Y'), 3125964803, 'puntovivedigitalgarzon@gmail.com', 'WILSON LOMBANA', 3218116777, 'sistemas@garzon-huila.gov.co'),
  ( 481  , 'EDWIN GERARDO BENAVIDES SARRIAS' ,  STR_TO_DATE('13-09-2016', '%d-%m-%Y'), STR_TO_DATE('31-12-2016', '%d-%m-%Y'), 3132138354, 'fadhus@outlook.com', 'YANETH CECILIA MENESES', 3175106125, 'yaneth.cecilia@huila.gov.co'),
  ( 482  , 'JHON ANDERSON YUNDA GOMEZ' ,  STR_TO_DATE('27-09-2016', '%d-%m-%Y'), STR_TO_DATE('31-12-2016', '%d-%m-%Y'), 3112304247, 'YUNDAGOMEZ@HOTMAIL.COM', 'BRAYAN VELEÑO', 3168737389, 'alexbelenogarcia@gmail.com'),
  ( 483  , 'KARIMEN DANIELA LOSADA IQUINAS' ,  STR_TO_DATE('13-09-2016', '%d-%m-%Y'), STR_TO_DATE('31-12-2016', '%d-%m-%Y'), 3143286008, 'nanii2108@hotmail.com', 'YANET MENESES', 3175106125, 'brayanalexander@hotmail.com'),
  ( 484  , 'YANETH CECILIA DURAN ORTIZ' ,  STR_TO_DATE('9-09-2016', '%d-%m-%Y'), STR_TO_DATE('15-12-2016', '%d-%m-%Y'), 3134801731, 'pvdmunicipal@girardot-cundinamarca.gov.co', 'JOSE MAURICIO VELASQUEZ TRUJILLO', 3206635777, 'sistemas@girardot-cundinamarca.gov.co'),
  ( 485  , 'GICETH CARDOZO PEÑA' ,  STR_TO_DATE('27-04-2016', '%d-%m-%Y'), STR_TO_DATE('6-12-2016', '%d-%m-%Y'), 3196524165, 'yirzha24@gmail.com', 'giceth cardozopeña', 3196524165, 'yirzha24@gmail.com'),
  ( 486  , 'LAURA ROCIO GONZALEZ RODRIGUEZ' ,  STR_TO_DATE('1-04-2016', '%d-%m-%Y'), STR_TO_DATE('30-09-2016', '%d-%m-%Y'), 3146971675, 'pvdalvaradoplus@outlook.es', 'BERTULFO PEREZ CABEZAS', 3015877238, 'iegeneralenriquecaicedo@hotmail.com'),
  ( 487  , 'karen geraldin dominguez' ,  STR_TO_DATE('7-02-2016', '%d-%m-%Y'), STR_TO_DATE('1-12-2016', '%d-%m-%Y'), 3133133807, 'kagedo17@gmail.com', 'olga marina moreno bonilla', 3162737717, 'analu-0211@hotmail.com'),
  ( 488  , 'LUZ ESTELLA CADENA GAITAN' ,  STR_TO_DATE('1-04-2015', '%d-%m-%Y'), STR_TO_DATE('31-12-2016', '%d-%m-%Y'), 3143588198, 'luzteca2010@hotmail.com', 'ANGELICA MARIA SOTO', 3184489161, 'gobierno@armeroguayabal-tolima.gov.co'),
  ( 489  , 'Julieth Oviedo ' ,  STR_TO_DATE('3-10-2016', '%d-%m-%Y'), STR_TO_DATE('31-12-2016', '%d-%m-%Y'), 3143081492, 'pvdplusarmero@gmail.com', 'Angelica Maria Soto ', 3184489161, 'gobierno@armeroguayabal-tolima.gov.co'),
  ( 490  , 'Yuli Andrea Viana Diaz' ,  STR_TO_DATE('2-02-2016', '%d-%m-%Y'), STR_TO_DATE('31-12-2016', '%d-%m-%Y'), 3165371669, 'yuliavianad2120@gmail.com', 'Jader Armenl Ochoa Mappe', 2240042, 'jaderochoa@hotmail.com'),
  ( 491  , 'yilberth alexis torres del rio' ,  STR_TO_DATE('12-01-2016', '%d-%m-%Y'), STR_TO_DATE('31-12-2016', '%d-%m-%Y'), 3133271977, 'torresdelrio2@gmail.com', 'Jnny Mendez Suarez', 3142367045, 'sistemas@cajamarca-tolima.gov.co'),
  ( 492  , 'Daniel Alejandro Figueredo Pineda' ,  STR_TO_DATE('24-10-2016', '%d-%m-%Y'), STR_TO_DATE('26-12-2016', '%d-%m-%Y'), 3202048684, 'pvdcarmendeapicalatolima@gmail.com', 'Clara Marcela Calderón Patiño', 3112713898, 'malcelac10@gmail.com'),
  ( 493  , 'Cabo Tercero. Andres Paz' ,  STR_TO_DATE('01-01-2016', '%d-%m-%Y'), STR_TO_DATE('01-01-2016', '%d-%m-%Y'), 3015524422, 'Andres.paz@armada.mil.co', '', 1 , ''),
  ( 494  , 'Andrea MArtinez Muñoz' ,  STR_TO_DATE('18-05-2015', '%d-%m-%Y'), STR_TO_DATE('31-12-2016', '%d-%m-%Y'), 3013742856, 'andreamartinezm20@hotmail.com', 'Carlos Cahuana', 3506038756, 'carlosc@etraining.co'),
  ( 495  , 'Yasmine Esther Mendoza Arellana' ,  STR_TO_DATE('20-05-2016', '%d-%m-%Y'), STR_TO_DATE('31-12-2016', '%d-%m-%Y'), 3116635889, 'yasmineesthermendoza@yahoo.es', 'Carlos Escalante', 3168300902, 'cescalante@barranquilla.gov.co'),
  ( 496  , 'Milena Escorcia' ,  STR_TO_DATE('28-10-2016', '%d-%m-%Y'), STR_TO_DATE('31-12-2016', '%d-%m-%Y'), 3005004540, 'mileescorcia252009@hotmail.com', 'Erica Delgado', 3008102944, 'edelgado@atlantico.gov.co'),
  ( 497  , 'keiters hamburger' ,  STR_TO_DATE('18-10-2016', '%d-%m-%Y'), STR_TO_DATE('30-12-2016', '%d-%m-%Y'), 3187580487, 'admpvdgalpa@gamil.com', 'heidy suarez', 3006596011, 'heysua913@hotmail.com'),
  ( 498  , 'Edgar Jose Sanjuan Zarate' ,  STR_TO_DATE('16-10-2016', '%d-%m-%Y'), STR_TO_DATE('31-12-2016', '%d-%m-%Y'), 3015471334, 'susanahija26@gmail.com', 'Erica Delgado', 3008102944, 'edelgado@atlantico.gov.co'),
  ( 499  , 'CARLOS EDUARDO CABARCAS SARMIENTO' ,  STR_TO_DATE('4-10-2016', '%d-%m-%Y'), STR_TO_DATE('31-12-2016', '%d-%m-%Y'), 3046620396, 'EL.CACASA152008@HOTMAIL.COM', 'Erika Patricia Delgado', 3106412692, 'edelgado@atlantico.gov.co'),
  ( 500  , 'Yeison Cepeda' ,  STR_TO_DATE('01-01-2016', '%d-%m-%Y'), STR_TO_DATE('01-01-2016', '%d-%m-%Y'), 3007097518, 'ycepeda.94@gmail.com', '', 1 , ''),
  ( 501  , 'Antonio De Avila Marenco' ,  STR_TO_DATE('13-10-2016', '%d-%m-%Y'), STR_TO_DATE('25-01-2017', '%d-%m-%Y'), 3023161226, 'antonio.deavila1989@gmail.com', 'Orlando Maldonado', 3135663761, 'contactenos@santotomas-atlantico.gov.co'),
  ( 502  , 'Guido Marchena' ,  STR_TO_DATE('22-08-2016', '%d-%m-%Y'), STR_TO_DATE('31-12-2016', '%d-%m-%Y'), 3016793828, 'pvdpluspumarejo@gmail.com', 'Yair Niebles', 3015723814, 'comunicaciones@soledad-atlantico.gov.co'),
  ( 503  , 'Jair Jimenez ' ,  STR_TO_DATE('9-08-2016', '%d-%m-%Y'), STR_TO_DATE('31-12-2016', '%d-%m-%Y'), 3053665345, 'pvdplussoledad@gmail.com', 'Carlos Cotera', 3003899674, 'comunicaciones@soledad-atlantico.gov.co'),
  ( 504  , 'MARIA FERNANDA GARCIA DIAZ' ,  STR_TO_DATE('1-08-2016', '%d-%m-%Y'), STR_TO_DATE('31-12-2016', '%d-%m-%Y'), 3125055922, 'fercha9586@hotmail.com', 'FABIAN HURTADO', 3125700245, 'ingfabhur@hotmail.com'),
  ( 505  , 'Leivis Yohana Varon Cano' ,  STR_TO_DATE('1-04-2016', '%d-%m-%Y'), STR_TO_DATE('31-07-2016', '%d-%m-%Y'), 3184485042, 'leivisjvc@outlook.es', 'Jose Ricardo Barrera Rodriguez', 3208404332, 'planeacion@chaparral-tolima.gov.co'),
  ( 506  , 'LEIVIS YOHANA VARON CANO' ,  STR_TO_DATE('1-04-2016', '%d-%m-%Y'), STR_TO_DATE('31-07-2016', '%d-%m-%Y'), 3184485042, 'leivisjvc@outlook.es', 'JOSE RICARDO BARRERA RODRIGUEZ', 3208404332, 'planeacion@chaparral-tolima.gov.co'),
  ( 507  , 'JUAN CAMILO CAMPOS ARMERO' ,  STR_TO_DATE('19-02-2016', '%d-%m-%Y'), STR_TO_DATE('01-01-2016', '%d-%m-%Y'), 3053336423, '', '', 1 , ''),
  ( 508  , 'SANDY MILENA PACHEO RAMIREZ' ,  STR_TO_DATE('14-01-2016', '%d-%m-%Y'), STR_TO_DATE('14-10-2016', '%d-%m-%Y'), 3108579337, 'shajuorpa@gmail.com', 'ALINA YADIRA TORRES TORRES', 3212037145, 'salud@dolores-tolima.gov.co'),
  ( 509  , 'FRANK SAAH' ,  STR_TO_DATE('26-05-2016', '%d-%m-%Y'), STR_TO_DATE('27-09-2016', '%d-%m-%Y'), 3103670533, 'ingfranksaah@hotmail.com', 'marcela ', 3003266461, 'mmeza@sedcartagena.gov.co'),
  ( 510  , 'CESAR FERNANDO VASQUEZ TRUCCO' ,  STR_TO_DATE('24-06-2015', '%d-%m-%Y'), STR_TO_DATE('23-10-2016', '%d-%m-%Y'), 3008951211, 'ingenierocvasquez@gmail.com', 'MARCELA MEZA ALMEIDA', 3003266461, 'marcelapmezaa@gmail.com'),
  ( 511  , 'Wilmar Bossio' ,  STR_TO_DATE('01-01-2016', '%d-%m-%Y'), STR_TO_DATE('01-01-2016', '%d-%m-%Y'), 3183891737, '', '', 1 , ''),
  ( 512  , 'jorge kamell yaspe' ,  STR_TO_DATE('5-01-2015', '%d-%m-%Y'), STR_TO_DATE('31-12-2016', '%d-%m-%Y'), 3205928361, 'jorgekamell@hotmail.com', 'edgardo ahumada', 3008102554, 'eahumada@sedbolivar.gov.co'),
  ( 513  , 'Jose Eduardo Perez Centeno' ,  STR_TO_DATE('20-05-2015', '%d-%m-%Y'), STR_TO_DATE('31-12-2016', '%d-%m-%Y'), 3165355522, 'ing.joseperezcenteno@gmail.com', 'Secretaria de Educacion Departamental de Bolivar', 3008102554, 'eahumada@sedbolivar.gov.co'),
  ( 514  , 'John Albarracin' ,  STR_TO_DATE('01-01-2016', '%d-%m-%Y'), STR_TO_DATE('01-01-2016', '%d-%m-%Y'), 3167860791, '', '', 1 , ''),
  ( 515  , 'YADIRA SERRANO ORDOÑEZ' ,  STR_TO_DATE('31-10-2016', '%d-%m-%Y'), STR_TO_DATE('4-11-2016', '%d-%m-%Y'), 3182219973, 'yaseor1562@hotmail.com', 'GEOVANI COGOLLO MORENO', 3016562807, 'yova1313@hotmail.com'),
  ( 516  , 'CESAR HUMBERTO MURILLO CUELLAR' ,  STR_TO_DATE('12-12-2015', '%d-%m-%Y'), STR_TO_DATE('12-12-2023', '%d-%m-%Y'), 3184858199, 'cesarmurillocuellar@gmail.com', 'JAIME NUÑEZ', 3125221195, 'contactenos@tunja-boyaca.gov.co'),
  ( 517  , 'LUZ MARINA LOPEZ WILCHES ' ,  STR_TO_DATE('23-09-2015', '%d-%m-%Y'), STR_TO_DATE('31-12-2016', '%d-%m-%Y'), 3105803818, 'pvdplusinem@gmail.com', 'Luis Eduardo Molina Flórez ', 7406392, 'inemcat1@yahoo.es'),
  ( 518  , 'Cesar Julian Velasquez Bernal' ,  STR_TO_DATE('1-04-2016', '%d-%m-%Y'), STR_TO_DATE('30-09-2016', '%d-%m-%Y'), 3142736087, 'jv_julian518@hotmail.com', 'Agustin Acosta Rodriguez', 7262535, 'Talentohumano@chiquinquira-boyaca.gov.co'),
  ( 519  , 'ALBA MARCELA VELANDIA PANQUEVA' ,  STR_TO_DATE('11-04-2016', '%d-%m-%Y'), STR_TO_DATE('10-10-2016', '%d-%m-%Y'), 3229076981, 'marcelavelandia96@gmail.com', 'AGUSTIN ACOSTA', 3114797843, 'talentohumano@chiquinquira-boyaca.gov.co'),
  ( 520  , 'KEVIN MATEO ROLDAN DAZA' ,  STR_TO_DATE('12-10-2016', '%d-%m-%Y'), STR_TO_DATE('30-11-2016', '%d-%m-%Y'), 3195862328, 'kmroca@hotmail.com', 'Adriana Jiseth Munevar Fagua ', 3167405348, 'secretariagobiernoguateque2016@gmail.com'),
  ( 521  , 'carlos hernan barragan beltran' ,  STR_TO_DATE('1-03-2016', '%d-%m-%Y'), STR_TO_DATE('16-12-2016', '%d-%m-%Y'), 3202131314, 'ingcarlosbarragan@hotmail.com', 'francisco suarez', 3142309558, 'contactenos@nobsa-boyaca.gov.co'),
  ( 522  , 'ANDREA DEL PILAR VARGAS COMETA' ,  STR_TO_DATE('9-04-2015', '%d-%m-%Y'), STR_TO_DATE('19-11-2016', '%d-%m-%Y'), 3148962148, 'anpiva09@hotmail.com', 'Secretaria de Educación del Cauca', 8244201, 'info@sedcauca.gov.co'),
  ( 523  , 'SUSAN PULIDO' ,  STR_TO_DATE('3-03-2016', '%d-%m-%Y'), STR_TO_DATE('31-10-2016', '%d-%m-%Y'), 3166234154, 'PVDP.PAIPA@GMAIL.COM', 'SONIA MILENA NIÑO ALBA', 3102360241, 'TICPAIPA@GMAIL.COM'),
  ( 524  , 'Luis Miguel Martinez Rodriguez' ,  STR_TO_DATE('1-07-2016', '%d-%m-%Y'), STR_TO_DATE('30-09-2016', '%d-%m-%Y'), 3132636195, 'mluis9188@gmail.com', 'ALCALDIA DE SAMACA', 7372095, 'contactenos@samaca.boyaca.gov.co'),
  ( 525  , 'YalileOrduz Perez' ,  STR_TO_DATE('23-10-2016', '%d-%m-%Y'), STR_TO_DATE('22-09-2016', '%d-%m-%Y'), 3115071709, 'yalileop@hotmail.com', 'SECRETARIA DE EDUCACION Y CULTURA SOGAMOSO', 7720262, 'educacion@sogamoso-boyaca.gov.co'),
  ( 526  , 'NANCY HELENA PEREZ PATIÑO' ,  STR_TO_DATE('24-10-2016', '%d-%m-%Y'), STR_TO_DATE('31-12-2016', '%d-%m-%Y'), 3213650342, 'nanaperez1985@gmail.com', 'JOSE LUIS PATIÑO MOLANO', 3207880562, 'joseluispconsultor@gmail.com'),
  ( 527  , 'César Orlando Alfonso' ,  STR_TO_DATE('1-06-2016', '%d-%m-%Y'), STR_TO_DATE('31-12-2016', '%d-%m-%Y'), 3212255277, 'alfonsocesar63@gmail.com', 'Luis Carlos Sierra', 3208263836, 'xxxxxx@xxxx.com'),
  ( 528  , 'Jose Luis Berdugo' ,  STR_TO_DATE('10-02-2016', '%d-%m-%Y'), STR_TO_DATE('10-12-2016', '%d-%m-%Y'), 3138296094, 'joseluisberdugo1393@gmail.com', 'Nelson Javier Garcia Castellanos', 7879090, 'contactenos@tasco-boyaca.gov.co'),
  ( 529  , 'NIDIA ROCIO ABRIL SANCHEZ' ,  STR_TO_DATE('18-08-2016', '%d-%m-%Y'), STR_TO_DATE('18-12-2016', '%d-%m-%Y'), 3115678872, 'nabrilsanchez@gmail.com', 'CRISTIAN NEIRA', 3132705320, 'pvd@togui-boyaca.gov.co'),
  ( 530  , 'jose arley velasquez' ,  STR_TO_DATE('1-04-2016', '%d-%m-%Y'), STR_TO_DATE('31-12-2016', '%d-%m-%Y'), 3204190844, 'josemita13@gmail.com', 'monica marcela gutierrez', 3162991240, 'monica_5045@hotmail.com'),
  ( 531  , 'LILIANA OYUELA SANABRIA' ,  STR_TO_DATE('12-02-2016', '%d-%m-%Y'), STR_TO_DATE('30-12-2016', '%d-%m-%Y'), 3202589473, 'loyuela15@itfip.edu.co', 'LUIS ALBERTO VASQUEZ GUERRA', 3168346969, 'lvasquez@itfip.edu.co'),
  ( 532  , 'JOSE ERNESTO VARGAS MANCILLA' ,  STR_TO_DATE('1-04-2016', '%d-%m-%Y'), STR_TO_DATE('31-08-2016', '%d-%m-%Y'), 3132553705, 'vivedigitalespinal@gmail.com', 'MONICA MARCELA GUTIERREZ', 3162991240, 'monica_5045@hotmail.com'),
  ( 533  , 'elizabeth arcila arcila' ,  STR_TO_DATE('2-02-2016', '%d-%m-%Y'), STR_TO_DATE('3-11-2016', '%d-%m-%Y'), 3118581376, 'vivedigital@falan-tolima.gov.co', 'alcaldia falan', 3118581376, 'alcaldia@falan-tolima.gov.co'),
  ( 535  , 'Esperanza Melo Yepes' ,  STR_TO_DATE('18-04-2016', '%d-%m-%Y'), STR_TO_DATE('31-12-2016', '%d-%m-%Y'), 3143695262, 'emelo@itfip.edu.co', 'Luis Alberto Vásquez Guerra', 3168346969, 'lvasquez@itfip.edu.co'),
  ( 536  , 'MARIA ALEJANDRA RAMIREZ' ,  STR_TO_DATE('17-06-2015', '%d-%m-%Y'), STR_TO_DATE('5-08-2016', '%d-%m-%Y'), 3125555841, 'vivedigitalfresnotolima@hotmail.com', 'john cesar morales', 3125555841, 'johncesarmorales@hotmail.com'),
  ( 537  , 'paola gonzalez ' ,  STR_TO_DATE('15-02-2016', '%d-%m-%Y'), STR_TO_DATE('31-12-2016', '%d-%m-%Y'), 3144634471, 'NGONZALEZ07@itfip.edu.co', 'NGONZALEZ07@itfip.edu.co', 3168346969, 'NGONZALEZ07@itfip.edu.co'),
  ( 538  , 'LUISA FERNANDA GUZMAN' ,  STR_TO_DATE('16-03-2016', '%d-%m-%Y'), STR_TO_DATE('31-12-2016', '%d-%m-%Y'), 3123170982, 'lguzmang89@gmail.com', 'ROBINSON MOLANO BARRIOS', 3112376252, 'robinson.molano@hotmail.com'),
  ( 539  , 'Clara Ines Chilito Caicedo' ,  STR_TO_DATE('1-04-2016', '%d-%m-%Y'), STR_TO_DATE('31-12-2016', '%d-%m-%Y'), 3105248915, 'clara.139@hotmail.com', 'Monica Rojas', 3104621138, 'monika.rojas.c@gmail.com'),
  ( 540  , 'CARLOS ESCOBAR' ,  STR_TO_DATE('1-04-2016', '%d-%m-%Y'), STR_TO_DATE('31-12-2016', '%d-%m-%Y'), 3103761814, 'carlosescobar1980@yahoo.com', 'FUNDACION C.E.I', 3154200171, 'fundacioncei@hotmail.com'),
  ( 541  , 'NOHRA JIMENA MOSQUERA SANCHEZ' ,  STR_TO_DATE('1-04-2016', '%d-%m-%Y'), STR_TO_DATE('31-12-2016', '%d-%m-%Y'), 3113541515, 'nohrajimenamosqueras@gmail.com', 'MONICA ROJAS', 3104621138, 'monika.rojas.c@gmail.com'),
  ( 542  , 'Harold Muñoz Burbano' ,  STR_TO_DATE('1-06-2015', '%d-%m-%Y'), STR_TO_DATE('01-01-2016', '%d-%m-%Y'), 3124046363, 'haroldmunoz46@gmail.com', '', 1 , ''),
  ( 543  , 'Didier Camilo Mina Mera' ,  STR_TO_DATE('1-08-2016', '%d-%m-%Y'), STR_TO_DATE('12-07-2016', '%d-%m-%Y'), 3136095356, 'dicamime11@gmail.com', 'Gloria Amparo Ramos De Guaza', 3207976969, 'ienercaloto@hotmail.com'),
  ( 544  , 'BARBARA VALENCIA CASTRILLON' ,  STR_TO_DATE('8-08-2016', '%d-%m-%Y'), STR_TO_DATE('31-12-2016', '%d-%m-%Y'), 3113812575, 'valencita15@hotmail.com', 'HELMER GAMBOA', 8258753, 'escipionjaramillo@yahoo.es'),
  ( 545  , 'JONATHAN ARIAS DURAN' ,  STR_TO_DATE('4-01-2016', '%d-%m-%Y'), STR_TO_DATE('31-12-2016', '%d-%m-%Y'), 3186238824, 'pvdpluscorinto@gmail.com', 'ALEXANDER ORTIZ', 3164903463, 'manuel.alexander.ortiz@gmail.com'),
  ( 546  , 'Cristian Fabian Arciniegas Rico' ,  STR_TO_DATE('01-01-2016', '%d-%m-%Y'), STR_TO_DATE('01-01-2016', '%d-%m-%Y'), 3206870591, 'arciniegasrico89@gmail.com', '', 1 , ''),
  ( 547  , 'JUAN CARLOS GIRON ESPINOSA' ,  STR_TO_DATE('1-02-2016', '%d-%m-%Y'), STR_TO_DATE('31-12-2016', '%d-%m-%Y'), 3127951578, 'puntovivedigitalmiranda@gmail.com', 'JUAN CARLOS GIRON ESPINOSA', 3127951578, 'espinosa882@hotmail.com'),
  ( 548  , 'maria del pilar alvarez' ,  STR_TO_DATE('27-08-2016', '%d-%m-%Y'), STR_TO_DATE('27-12-2016', '%d-%m-%Y'), 3117632176, 'pilar-68@hotmail.com', 'alcaldia', 8250099, 'alcaldia@piendamo-cauca.gov.co'),
  ( 549  , 'Edinson Gonzalez' ,  STR_TO_DATE('1-03-2016', '%d-%m-%Y'), STR_TO_DATE('30-12-2016', '%d-%m-%Y'), 3165674043, 'pvdpluslamilagrosa@gmail.com', 'Carlos Tobar', 3006940720, 'educacion@puertotejada-cauca.gov.co'),
  ( 550  , 'Jhonny Alejandro Franco Beodya' ,  STR_TO_DATE('30-09-2016', '%d-%m-%Y'), STR_TO_DATE('28-12-2016', '%d-%m-%Y'), 3105445454, 'fernadezguerrapvd@gmail.com', 'Carlos arrechea', 3116308199, 'sistemas@santanderdequilichao-cauca.gov.co'),
  ( 551  , 'HUGO ARMANDO COBO MANJARRES' ,  STR_TO_DATE('1-05-2016', '%d-%m-%Y'), STR_TO_DATE('31-12-2016', '%d-%m-%Y'), 3206535622, 'h_cobo@hotmail.com', 'CARLOS ARRECHEA', 3116308199, 'sistemas@santanderdequilichao-cauca.gov.co'),
  ( 552  , 'manuel ceron lopez' ,  STR_TO_DATE('8-02-2016', '%d-%m-%Y'), STR_TO_DATE('16-12-2016', '%d-%m-%Y'), 3207664451, 'macelo_777@hotmail.com', 'maria victoria fernandez', 0, 'educacion@silvia.gov.co'),
  ( 553  , 'Carlos Mendoza' ,  STR_TO_DATE('27-05-2016', '%d-%m-%Y'), STR_TO_DATE('31-12-2016', '%d-%m-%Y'), 3145886012, 'yaledys2013@hotmail.com', 'Maria Paola Acosta Hernandez', 3015014855, 'mariapacostah@hotmail.com'),
  ( 554  , 'Huguez Manuel Maya Forero' ,  STR_TO_DATE('27-05-2016', '%d-%m-%Y'), STR_TO_DATE('26-12-2016', '%d-%m-%Y'), 3104969895, 'hmmaya_77@hotmail.com', 'Fabian Alberto Araque Zuta', 3185112954, 'fabia_araque10@hotmail.com'),
  ( 555  , 'luz dary campo gallego' ,  STR_TO_DATE('27-05-2016', '%d-%m-%Y'), STR_TO_DATE('31-12-2016', '%d-%m-%Y'), 3045307034, 'vivedigitalcasd@hotmail.com', 'fabian araque', 3185112954, 'fabian_araque10@hotmail.com'),
  ( 556  , 'fabian sepulveda' ,  STR_TO_DATE('1-04-2016', '%d-%m-%Y'), STR_TO_DATE('31-12-2016', '%d-%m-%Y'), 3178412833, 'fabiansep.js0510@hotmail.com', 'alvaro jose rosado', 3178412833, 'fabiansep.js0510@hotmail.com'),
  ( 557  , 'Diana Milena Sabogal Busto ' ,  STR_TO_DATE('2-05-2016', '%d-%m-%Y'), STR_TO_DATE('2-12-2016', '%d-%m-%Y'), 3137249492, 'dianasabogal@outlook.cl', 'Alvaro José Rosado', 3153352957, 'tic@cesar.gov.co'),
  ( 558  , 'mauris rosario arias pallares' ,  STR_TO_DATE('5-05-2016', '%d-%m-%Y'), STR_TO_DATE('5-12-2016', '%d-%m-%Y'), 3104428393, 'ivannanicolle06172010@hotmail.com', 'alvaro jose rosado', 3153352957, 'tic@cesar.gov.co'),
  ( 559  , 'jhonatan perez muñoz' ,  STR_TO_DATE('27-04-2016', '%d-%m-%Y'), STR_TO_DATE('27-12-2016', '%d-%m-%Y'), 3188830914, 'jhon13.6@hotmail.com', 'ALVARO ROSADO ', 3153352957, 'jhon13.6@hotmail.com'),
  ( 560  , 'ANY MILLET ROLON OSORIO ' ,  STR_TO_DATE('2-05-2016', '%d-%m-%Y'), STR_TO_DATE('31-12-2016', '%d-%m-%Y'), 3135140770, 'anyrolon@gmail.com', 'GOBERNACION DEL CESAR ', 5940407, 'jcarden1@fonade.gov.co'),
  ( 561  , 'ARNULFO ESTRADA MARTINEZ' ,  STR_TO_DATE('29-02-2016', '%d-%m-%Y'), STR_TO_DATE('30-11-2016', '%d-%m-%Y'), 3016735231, 'aresma74@gmail.com', 'Jhader Cano Martinez', 3225694319, 'jcano@monteria.gov.co'),
  ( 562  , 'MARIA TERESA VERTEL GONZALEZ' ,  STR_TO_DATE('28-01-2016', '%d-%m-%Y'), STR_TO_DATE('15-12-2020', '%d-%m-%Y'), 3017713593, 'MARIATVG1510@GMAIL.COM', 'JHADER CANO', 3225694319, 'JCANO@MONTERIA.GOV.CO'),
  ( 563  , 'DIANA PATRICIA PEREZ MONTES' ,  STR_TO_DATE('2-08-2016', '%d-%m-%Y'), STR_TO_DATE('31-12-2016', '%d-%m-%Y'), 3113949261, 'diana-perez1981@hotmail.com', 'RICARDO FABIAN PASTRANA MUÑOZ', 3103689967, 'director.tic.@cordoba.gov.co'),
  ( 564  , 'MYRIAM MARÍA ROMERO GARCÉS' ,  STR_TO_DATE('16-08-2016', '%d-%m-%Y'), STR_TO_DATE('30-12-2016', '%d-%m-%Y'), 3126363448, 'mirogar2010@hotmail.com', 'RICARDO PASTRANA', 3103689967, 'director.tic@cordoba.gov.co'),
  ( 565  , 'ROCIO DE  JESUS ALVAREZ  VERGARA' ,  STR_TO_DATE('22-07-2015', '%d-%m-%Y'), STR_TO_DATE('30-12-2016', '%d-%m-%Y'), 3006441816, 'amoryvida1816@gmail.com', 'Libia Esther Otero  Zuñiga', 3145352223, 'libiotsu58@hotmail.com'),
  ( 566  , 'luis carlos serge oviedo' ,  STR_TO_DATE('8-07-2016', '%d-%m-%Y'), STR_TO_DATE('31-12-2016', '%d-%m-%Y'), 3007320866, 'luisserge2015@gmail.com', 'alcaldia municipal', 3157800734, 'luismontielo@hotmail.com'),
  ( 567  , 'MARÍA VICTORIA GUZMÁN CANTERO' ,  STR_TO_DATE('20-07-2015', '%d-%m-%Y'), STR_TO_DATE('31-12-2016', '%d-%m-%Y'), 3145143062, 'maviguca1201@hotmail.com', 'Ricardo Pastrana', 3103689967, 'Cordova@mintic.gov.co'),
  ( 568  , 'HEBER ENRIQUE DE HOYOS MENDOZA ' ,  STR_TO_DATE('6-05-2016', '%d-%m-%Y'), STR_TO_DATE('31-12-2016', '%d-%m-%Y'), 3002581982, 'heber-310@hotmail.com', 'instituto tecnico agricola ', 3002581980, 'ieital@hotmail.com'),
  ( 569  , 'MARICELA TEJADA ' ,  STR_TO_DATE('6-11-2015', '%d-%m-%Y'), STR_TO_DATE('31-12-2016', '%d-%m-%Y'), 3218444236, 'calida15@hotmail.com', 'RICARDO PASTRANA', 3103689967, 'director.tic@cordoba.gov.co'),
  ( 570  , 'Amparo del Socorro Arroyo Diaz' ,  STR_TO_DATE('01-01-2016', '%d-%m-%Y'), STR_TO_DATE('01-01-2016', '%d-%m-%Y'), 3126376980, 'ee_12358000078301@hotmail.com', '', 1 , ''),
  ( 571  , 'Jesús Manuel Morelo Diaz' ,  STR_TO_DATE('8-03-2016', '%d-%m-%Y'), STR_TO_DATE('31-12-2016', '%d-%m-%Y'), 3004019886, 'jmorelodiaz@gmail.com', 'Ricardo Pastrana', 3103689967, 'director.tic@cordoba.gov.co'),
  ( 572  , 'Daniel Elias Pozo Puerta ' ,  STR_TO_DATE('1-03-2016', '%d-%m-%Y'), STR_TO_DATE('31-12-2016', '%d-%m-%Y'), 3114343828, 'dapepu20@gmail.com', 'Juan Carlos Diaz Oquendo ', 3162726970, 'oquendo1223@gmail.com'),
  ( 573  , 'Yomara Ines Espitia Sanchez' ,  STR_TO_DATE('13-09-2015', '%d-%m-%Y'), STR_TO_DATE('31-12-2016', '%d-%m-%Y'), 3136903364, 'xioespi1002@outlook.com', 'Ricardo Pastrana', 3103689967, 'director.tic@cordoba.gov.co'),
  ( 574  , 'JOSE LUIS HERNANDEZ' ,  STR_TO_DATE('15-06-2015', '%d-%m-%Y'), STR_TO_DATE('31-12-2018', '%d-%m-%Y'), 3127450463, 'jhosepherbe@hotmail.com', 'RICARDO PASTRANA', 3103689967, 'director.tic@cordoba.gov.co'),
  ( 575  , 'jaiber morales ' ,  STR_TO_DATE('21-09-2016', '%d-%m-%Y'), STR_TO_DATE('21-12-2016', '%d-%m-%Y'), 3135155733, 'jaimor420@hotmail.com', 'tuchin cordoba ', 3113924273, 'luzperez141@hotmail.com'),
  ( 576  , 'Óscar Giraldo González' ,  STR_TO_DATE('23-01-2015', '%d-%m-%Y'), STR_TO_DATE('31-12-2016', '%d-%m-%Y'), 3103119352, 'giraldo14293xk15@gmail.com', 'Alcaldía Municipal Herveo ', 2539087, 'alcaldia@herveo-tolima.gov.co'),
  ( 577  , 'OLGA SANTANA' ,  STR_TO_DATE('1-06-2016', '%d-%m-%Y'), STR_TO_DATE('31-12-2016', '%d-%m-%Y'), 3046291603, 'olgasantanaagredo@gmail.com', 'Lina Rocio Barreto', 3166180946, 'secretariadesalud@honda-tolima.gov.co'),
  ( 578  , 'DIEGO MAURICIO RAMIREZ SALAZAR' ,  STR_TO_DATE('1-07-2016', '%d-%m-%Y'), STR_TO_DATE('31-12-2016', '%d-%m-%Y'), 3137079510, 'dimao10@hotmail.com', 'SANDRA NEIRA', 1 , 'planeacion@honda-tolima.gov.co'),
  ( 579  , 'Marco Tulio Mejia Jaramillo' ,  STR_TO_DATE('27-01-2015', '%d-%m-%Y'), STR_TO_DATE('30-12-2016', '%d-%m-%Y'), 3195679885, 'matumeja@hotmail.com', 'Maria Antonieta Gamboa Sandoval', 3138938812, 'msandoval_gamboa_5329@hotmail.com'),
  ( 580  , 'SANDRA LILIANA CABEZAS OSPINA' ,  STR_TO_DATE('16-11-2014', '%d-%m-%Y'), STR_TO_DATE('23-11-2016', '%d-%m-%Y'), 3223099308, 'puntovicedigitalefac@gmail.com', 'Maria Antonia Gamboa', 3138938812, 'msandoval_gamboa_5329@hotmail.com'),
  ( 581  , 'Intendente EDWAR SENID BEJARANO MEDINA' ,  STR_TO_DATE('2-09-2016', '%d-%m-%Y'), STR_TO_DATE('5-12-2016', '%d-%m-%Y'), 3124483625, 'edwar.bejarano@correo.policia.gov.co', 'POLICIA NACIONAL', 3124483625, 'edwar.bejarano@correo.policia.gov.co'),
  ( 582  , 'OSCAR BAUTISTA GUEVARA' ,  STR_TO_DATE('4-06-2016', '%d-%m-%Y'), STR_TO_DATE('3-07-2017', '%d-%m-%Y'), 3057284421, 'oscarbautista799@gmail.com', 'TATIANA MARGARITA MONTES LOPEZ', 215085, 'tmontes@fonade.gov.co'),
  ( 583  , 'YULI ANDREA PALENCIA' ,  STR_TO_DATE('16-09-2016', '%d-%m-%Y'), STR_TO_DATE('24-12-2016', '%d-%m-%Y'), 3214257533, 'pvdplusfase2@girardot-cundinamarca.gov.co', 'JOSE MAURICIO VELAZQUEZ', 3209635777, 'sistemas@girardot-cundinamarca.gov.co'),
  ( 584  , 'LUIS MIGUEL QUINTANA CANO' ,  STR_TO_DATE('14-09-2016', '%d-%m-%Y'), STR_TO_DATE('22-12-2016', '%d-%m-%Y'), 3202122697, 'quintana8416@gmail.com', 'JOSE MAURICIO VELASQUEZ TRUJILLO', 3143955977, 'pvdpluslase7@girardot-cundinamarca.gov.co'),
  ( 585  , 'MARIA NOELIA LOPEZ CHAVEZ' ,  STR_TO_DATE('16-09-2016', '%d-%m-%Y'), STR_TO_DATE('30-12-2016', '%d-%m-%Y'), 3186399051, 'puntovivedigitalguacheta2014@gmail.com', 'PABLO ENRIQUE QUICAZAN BALLESTEROS', 3144458456, 'alcaldia@guacheta-cundinamarca.gov.co'),
  ( 586  , 'David Alberto Arias Beltran' ,  STR_TO_DATE('16-05-2016', '%d-%m-%Y'), STR_TO_DATE('31-12-2016', '%d-%m-%Y'), 3206392034, 'davidalarias@hotmail.com', 'Eduardo Rojas', 3132975755, 'orojas@fonade.gov.co'),
  ( 587  , 'YULY ROCIO CIFUENTES' ,  STR_TO_DATE('17-05-2016', '%d-%m-%Y'), STR_TO_DATE('31-12-2016', '%d-%m-%Y'), 3134075962, 'campvdguaduas@gmail.com', 'WILSON PEÑALOZA', 3123761211, 'sistemas@guaduas-cundinamarca.gov.co'),
  ( 588  , 'Milton Fabian Moreno Quededo' ,  STR_TO_DATE('4-05-2016', '%d-%m-%Y'), STR_TO_DATE('4-10-2016', '%d-%m-%Y'), 3107814527, 'pvdplus@gutierrez-cundinamarca.gov.co', 'instituciongutierrez@yahoo.es', 8489116, 'gel@gutierrez-cundinamarca.gov.co'),
  ( 589  , 'Matilde Wilches' ,  STR_TO_DATE('01-01-2016', '%d-%m-%Y'), STR_TO_DATE('01-01-2016', '%d-%m-%Y'), 3214871012, 'matildewilches@gmail.com', '', 1 , ''),
  ( 590  , 'FREDY ALONSO BADILLO SOTO' ,  STR_TO_DATE('10-02-2016', '%d-%m-%Y'), STR_TO_DATE('30-12-2016', '%d-%m-%Y'), 3118014500, 'lamesapvd@gmail.com', 'CARLOS HUMBERTO CASTRO ', 3112646778, 'sistemas@lamesa-cundinamarca.gov.co'),
  ( 591  , 'leonardo calderon carpintero' ,  STR_TO_DATE('1-04-2016', '%d-%m-%Y'), STR_TO_DATE('31-12-2016', '%d-%m-%Y'), 3124133616, 'vivedigitalpluslapalma@gmail.com', 'escuela normal superior de la divina providencia', 8505360, 'normallapalmacund@gmail.com'),
  ( 592  , 'PAULA ARTUNDUAGA' ,  STR_TO_DATE('1-09-2014', '%d-%m-%Y'), STR_TO_DATE('31-12-2016', '%d-%m-%Y'), 3214595252, 'andrea132931@hotmail.com', 'ANDRES ARIAS', 3014435956, 'planeacion@lapena.gov.co'),
  ( 593  , 'Angelica Beltran Beltran' ,  STR_TO_DATE('4-07-2016', '%d-%m-%Y'), STR_TO_DATE('30-12-2016', '%d-%m-%Y'), 3115142518, 'vivedigital@macheta-cundinamarca.gov.co8', 'Daisy jurany Hernandez Bautista', 918569251, 'contactenos@macheta-cundinamarca.gov.co'),
  ( 594  , 'Javier Jouseph Morales Blanco' ,  STR_TO_DATE('11-01-2016', '%d-%m-%Y'), STR_TO_DATE('31-12-2016', '%d-%m-%Y'), 3212566735, 'javierjousephmorales@hotmail.es', 'Alcaldía de Madrid Cundinamarca', 8250028, 'alcaldia@madrid-cundinamarca.gov.co'),
  ( 596  , 'edgar duarte' ,  STR_TO_DATE('12-04-2016', '%d-%m-%Y'), STR_TO_DATE('31-12-2016', '%d-%m-%Y'), 3102585662, 'pvdcortijo@gmail.com', 'angelica medina', 3102585662, 'pvdcortijo@gmail.com'),
  ( 597  , 'Adriana Patricia Osorio Mahecha' ,  STR_TO_DATE('3-05-2016', '%d-%m-%Y'), STR_TO_DATE('30-09-2016', '%d-%m-%Y'), 3003712088, 'adrioso29@hotmail.com', 'Maria Antonia Gamboa', 3138938812, 'grupoinformaticaalcaldiaibague@gmail.com'),
  ( 598  , 'EDGAR GONZALEZ' ,  STR_TO_DATE('1-07-2016', '%d-%m-%Y'), STR_TO_DATE('24-10-2016', '%d-%m-%Y'), 3114426746, 'edgar.gonzalez.cont@tolima.gov.co', 'EDGAR GONZALEZ', 3114426746, 'edgar.gonzalez.cont@tolima.gov.co'),
  ( 599  , 'Carlos Mario Poveda' ,  STR_TO_DATE('6-04-2016', '%d-%m-%Y'), STR_TO_DATE('6-10-2016', '%d-%m-%Y'), 3206496155, 'capoveda92@gmail.com', 'Maria Antonia Gamboa', 3138938812, 'msandoval_gamboa_5329@hotmail.com'),
  ( 600  , 'guiomar rocio guzman cervera' ,  STR_TO_DATE('3-03-2016', '%d-%m-%Y'), STR_TO_DATE('30-12-2016', '%d-%m-%Y'), 3157920474, 'guiomarcervera@gmail.com', 'maria antonia gamboa sandoval', 3138938812, 'msandoval_gamboa_5329@hotmail.com'),
  ( 601  , 'John Freddy Lugo luna' ,  STR_TO_DATE('28-02-2016', '%d-%m-%Y'), STR_TO_DATE('30-12-2016', '%d-%m-%Y'), 3158156726, 'john.luna@hotmail.com', 'María Antonia Gamboa ', 3138938812, 'msandoval_gamboa_5329@hotmail.com'),
  ( 602  , 'Juan Camilo Franco Perdomo' ,  STR_TO_DATE('8-04-2016', '%d-%m-%Y'), STR_TO_DATE('30-12-2016', '%d-%m-%Y'), 3183903832, 'pvdpluscarlosllerasrestrepo@gmail.com', 'María Antonieta Gamboa Sandoval', 3138938812, 'msandoval_gamboa5329@hotmail.com'),
  ( 603  , 'MABEL CRISTINA HERNANDEZ FORERO' ,  STR_TO_DATE('3-05-2016', '%d-%m-%Y'), STR_TO_DATE('3-11-2016', '%d-%m-%Y'), 3168197467, 'pvdferiasibague@gmail.com', 'ING. MARIA ANTONIA GAMBOA SALDOVAL', 3138938812, 'msandoval_gamboa_5329@hotmail.com'),
  ( 604  , 'YEXICA ALEXANDRA LOPEZ CAMACHO' ,  STR_TO_DATE('20-06-2016', '%d-%m-%Y'), STR_TO_DATE('31-12-2016', '%d-%m-%Y'), 3106139280, 'ylopez@mintic.gov.co', 'MINTIC', 3106139280, 'ylopez@mintic.gov.co'),
  ( 606  , 'JOHN KEMMER ACOSTA MALDONADO' ,  STR_TO_DATE('6-10-2016', '%d-%m-%Y'), STR_TO_DATE('31-12-2016', '%d-%m-%Y'), 3106134365, 'pvdesufamadrid@gmail.com', 'Jennifer Mendoza', 3014351927, 'jennifer.mendoza@fac.mil.co'),
  ( 607  , 'LAMBERT GERARDO ARCHBOLD MONSALVO' ,  STR_TO_DATE('7-03-2016', '%d-%m-%Y'), STR_TO_DATE('7-10-2016', '%d-%m-%Y'), 3177728918, 'puntovivedigitalprovidencia@gmail.com', 'ARGELIS HOOKER NEWBALL', 3175111787, 'ARGELIS.HOOKER@GMAIL.COM'),
  ( 608  , 'camilo alfonso parra carreño' ,  STR_TO_DATE('7-04-2016', '%d-%m-%Y'), STR_TO_DATE('23-12-2016', '%d-%m-%Y'), 3175668946, 'pvdepmscsai@gmail.com', 'Patricia Puello meriño', 3208657700, 'epcsanandres@inpec.gov.co'),
  ( 609  , 'Jarby Vanegas Arias' ,  STR_TO_DATE('17-05-2016', '%d-%m-%Y'), STR_TO_DATE('22-11-2016', '%d-%m-%Y'), 3173779465, 'PVDSarieBay@sanandres.gov.co', 'Jarby Vanegas Arias', 3173779465, 'PVDSarieBay@sanandres.gov.co'),
  ( 610  , 'Jose Alejandro Martinez Yara' ,  STR_TO_DATE('18-01-2016', '%d-%m-%Y'), STR_TO_DATE('31-12-2016', '%d-%m-%Y'), 3108608126, 'alejandro_maya@outlook.com', 'Edison Alvaro Diaz Gaitan ', 3143709700, 'gobiernoenlinea@icononzo-tolima.gov.co'),
  ( 611  , 'Luis Vargas' ,  STR_TO_DATE('1-08-2016', '%d-%m-%Y'), STR_TO_DATE('30-11-2016', '%d-%m-%Y'), 3124885761, 'viveplus@itc.edu.co', 'escuela tecnologica instituto tecnico central', 3443000, 'viveplus@itc.edu.co'),
  ( 612  , 'JUAN CARLOS LINARES BARATO' ,  STR_TO_DATE('12-04-2016', '%d-%m-%Y'), STR_TO_DATE('31-12-2016', '%d-%m-%Y'), 3215157461, 'juan.linares@esmic.edu.co', '', 1 , ''),
  ( 613  , 'jesus alberto lozano matta' ,  STR_TO_DATE('29-02-2016', '%d-%m-%Y'), STR_TO_DATE('25-10-2016', '%d-%m-%Y'), 3213734089, 'yesuslo@hotmail.com', 'jesus alberto lozano matta', 3213734089, 'yesuslo@hohtmail.com'),
  ( 614  , 'Daniel Molina' ,  STR_TO_DATE('1-01-2016', '%d-%m-%Y'), STR_TO_DATE('31-12-2016', '%d-%m-%Y'), 3143479382, 'puntovivedigital@gmail.com', 'Leandro Sanchez', 3143214335, 'juliocesar1606@hotmail.com'),
  ( 615  , 'john alexander orozco restrepo' ,  STR_TO_DATE('4-02-2015', '%d-%m-%Y'), STR_TO_DATE('31-12-2016', '%d-%m-%Y'), 3159282768, 'orozcojohn69@gmail.com', 'john alexander orozco', 3159282768, 'escab@ejercito.mil.co'),
  ( 616  , 'DIEGO ANDRES OSPINA' ,  STR_TO_DATE('5-02-2001', '%d-%m-%Y'), STR_TO_DATE('30-12-2016', '%d-%m-%Y'), 3114409324, 'diego.ospina@unad.edu.co', 'Wilson Sarria', 3204095079, 'wilson.sarria@unad.edu.co'),
  ( 617  , 'JOHN ALEXANDER OVIEDO MANCERA' ,  STR_TO_DATE('14-06-2012', '%d-%m-%Y'), STR_TO_DATE('21-09-2083', '%d-%m-%Y'), 3204806423, 'jonavi04@gmail.com', 'JOHN ALEXANDER OVIEDO MANCERA', 3204806423, 'coordinador.pvd@gmail.com'),
  ( 618  , 'ESNEIDER HOME LOZANO' ,  STR_TO_DATE('7-06-2016', '%d-%m-%Y'), STR_TO_DATE('7-12-2016', '%d-%m-%Y'), 3193093577, 'HOMEESNEIDER@GMAIL.COM', 'I.E ACEVEDO Y GOMEZ', 3114802802, 'ineacego@hotmail.es'),
  ( 619  , 'SIMON AROS YAGUE' ,  STR_TO_DATE('01-01-2016', '%d-%m-%Y'), STR_TO_DATE('01-01-2016', '%d-%m-%Y'), 3102935660, 'simonaros@hotmail.com', '', 1 , ''),
  ( 620  , 'Pedro Pablo Hidalgo Bejarano' ,  STR_TO_DATE('1-09-2016', '%d-%m-%Y'), STR_TO_DATE('1-01-2016', '%d-%m-%Y'), 3118075475, 'piterpol1023@gmail.com', 'Diana Marcela Rodrigues Zuares ', 3222703114, 'contactenos@medina-cundinamarca.gov.co'),
  ( 621  , 'ibeth morales' ,  STR_TO_DATE('17-10-2014', '%d-%m-%Y'), STR_TO_DATE('15-12-2016', '%d-%m-%Y'), 3013054306, 'ibeth720@hotmail.com', 'angela garcia', 8295613, 'direcciondeprospectiva@mosquera-cundinamarca.gov.co'),
  ( 622  , 'KEVIN JOSE CARDENAS CARRILLO' ,  STR_TO_DATE('6-01-2016', '%d-%m-%Y'), STR_TO_DATE('31-12-2016', '%d-%m-%Y'), 3008943863, 'puntovivedigital.ipc@gmail.com', 'jose de jesus gamez pimienta', 3012040963, 'jj2gamezp315@gmail.com'),
  ( 630  , 'Julio Hernández Arroyave' ,  STR_TO_DATE('25-01-2016', '%d-%m-%Y'), STR_TO_DATE('6-06-2040', '%d-%m-%Y'), 3175604786, 'julioe12@hotmail.com', 'Alexis Varela', 3007521416, 'alexvarela18@hotmail.com'),
  ( 631  , 'VICTOR HUGO SALGADO LINERO' ,  STR_TO_DATE('1-08-2016', '%d-%m-%Y'), STR_TO_DATE('31-12-2016', '%d-%m-%Y'), 3126425765, 'vihusali@hotmail.com', 'Sergio E. Valenzuela Robayo', 3168826364, 'sergioevalenzuelar@gmail.com'),
  ( 632  , 'Edwin Pertuz Torres' ,  STR_TO_DATE('28-06-2016', '%d-%m-%Y'), STR_TO_DATE('31-12-2016', '%d-%m-%Y'), 3205584448, 'charlysmanuel2016@hotmail.com', 'I. E. Departamental Fossy Marcos Maria', 3004560233, 'morenoquinto1977@hotmail.es'),
  ( 633  , 'LISETH ANAYA PACHECO' ,  STR_TO_DATE('12-07-2016', '%d-%m-%Y'), STR_TO_DATE('31-12-2016', '%d-%m-%Y'), 3223279290, 'anpalimi@gmail.com', 'SERGIO VALENZUELA ', 3168826364, 'sergiovalenzuelar@gmail.com'),
  ( 634  , 'Benjamin Jose Socarras Polo' ,  STR_TO_DATE('11-07-2016', '%d-%m-%Y'), STR_TO_DATE('31-12-2016', '%d-%m-%Y'), 3013443679, 'bjspsocarras@gmail.com', 'Hugo Fonseca MArtinez', 3103500561, 'liceosantander@yahoo.es'),
  ( 635  , 'Belkis Bianis López Martínez' ,  STR_TO_DATE('27-09-2016', '%d-%m-%Y'), STR_TO_DATE('31-12-2016', '%d-%m-%Y'), 3103640943, 'lorencitapuntovive@hotmail.com', 'Sergio E. Valenzuela Robayo', 3168826364, 'sergioevalenzuelar@gmail.com'),
  ( 636  , 'CESAR VIZCAINO CRESPO' ,  STR_TO_DATE('11-07-2016', '%d-%m-%Y'), STR_TO_DATE('31-12-2016', '%d-%m-%Y'), 3216087494, 'cesarinvizcaino@gmail.com', 'SERGIO VALENZUELA', 3168826364, 'sergiovalenzuelar@gmail.com'),
  ( 637  , 'ADALBERTO MERIÑO PEREZ' ,  STR_TO_DATE('11-07-2016', '%d-%m-%Y'), STR_TO_DATE('31-12-2016', '%d-%m-%Y'), 3014976322, 'adalberto.112009@hotmail.com', 'SERGIO VALENZUELA', 3168826364, 'sergioevalenzuelar@gmail.com'),
  ( 638  , 'LUIS CARLOS CANTILLO TORRES ' ,  STR_TO_DATE('17-08-2016', '%d-%m-%Y'), STR_TO_DATE('31-12-2016', '%d-%m-%Y'), 3046120937, 'pellocato26@gmail.com', 'Sergio valenzuela ', 3168826364, 'sergiovalenzuelar@gmai.com'),
  ( 639  , 'ROBERTO FONSECA ALVAREZ' ,  STR_TO_DATE('11-07-2016', '%d-%m-%Y'), STR_TO_DATE('31-12-2016', '%d-%m-%Y'), 3017480579, 'robertf0812@gmail.com', 'sergio valenzuela', 3168826364, 'sergioevalenzuelar@gmail.com'),
  ( 640  , 'Elmis Senen Davila Peña' ,  STR_TO_DATE('17-08-2016', '%d-%m-%Y'), STR_TO_DATE('31-12-2016', '%d-%m-%Y'), 3017137947, 'elmisszennem04@gmail.com', 'I.E.T.D Pijiño del Carmen Magdalena', 3017137947, 'pvdpluspijino2016@outlook.es'),
  ( 641  , 'ALEXANDER RAFAEL CARDENAS ARIAS' ,  STR_TO_DATE('11-07-2016', '%d-%m-%Y'), STR_TO_DATE('31-12-2016', '%d-%m-%Y'), 3114274394, 'alcaar1@yahoo.es', 'DEPARTAMENTO DE MAGDALENA', 3168826364, 'sergioevalenzuelar@gmail.com'),
  ( 642  , 'Ángel de Jesús Rojas de la Rosa' ,  STR_TO_DATE('01-01-2016', '%d-%m-%Y'), STR_TO_DATE('01-01-2016', '%d-%m-%Y'), 3115427422, 'Angeir2602@hotmail.com', '', 1 , ''),
  ( 643  , 'Yarima silva paba' ,  STR_TO_DATE('11-07-2016', '%d-%m-%Y'), STR_TO_DATE('31-12-2016', '%d-%m-%Y'), 3207711617, 'yarima192016@gmail.com', 'Carlos Alberto Acuña medina', 3006778605, 'carlosalber71@hotmail.com'),
  ( 644  , 'yesica paola guerra cerpa' ,  STR_TO_DATE('5-09-2016', '%d-%m-%Y'), STR_TO_DATE('31-12-2016', '%d-%m-%Y'), 3022576083, 'yesicapaola@gmail.com', 'pedro elias catalan rojas', 3145557098, 'pecaro22@gmail.com'),
  ( 645  , 'pabloemilio hernandez sabalza' ,  STR_TO_DATE('11-07-2016', '%d-%m-%Y'), STR_TO_DATE('31-12-2016', '%d-%m-%Y'), 3005461929, 'blakito_16@hotmail.com', 'sergio valenzuela', 3168826364, 'sergioevalenzuelar@gmail.com'),
  ( 646  , 'YULIANIS DE LA ROSA' ,  STR_TO_DATE('11-07-2016', '%d-%m-%Y'), STR_TO_DATE('31-12-2016', '%d-%m-%Y'), 3126680378, 'yude2016@hotmail.com', 'SERIO VALENZUELA', 3168826364, 'sergioevalenzuelar@gmail.com'),
  ( 647  , 'JORGE  SANCHEZ MORALES' ,  STR_TO_DATE('11-07-2016', '%d-%m-%Y'), STR_TO_DATE('31-12-2016', '%d-%m-%Y'), 3002383529, 'baldo2805@hotmail.com', 'SERGIO VALENZUELAR', 3168826364, 'sergiovalenzuelar@gmail.com'),
  ( 648  , 'Mauro Jose Garcia perez' ,  STR_TO_DATE('11-07-2016', '%d-%m-%Y'), STR_TO_DATE('11-12-2016', '%d-%m-%Y'), 3024631960, 'mauroj191@hotmail.es', 'sergio valenzuela ', 3168826364, 'sergioevalenzuelar@gmail.com'),
  ( 649  , 'Andres Mauricio Garzon Cruz' ,  STR_TO_DATE('1-08-2015', '%d-%m-%Y'), STR_TO_DATE('1-08-2018', '%d-%m-%Y'), 3204667688, 'franciscoarangovivedigitalplus@gmail.com', 'HUGO ORTIZ', 3102096714, 'huleorca@hotmail.com'),
  ( 650  , 'ARMEL RODRIGO SOLANO LOZANO' ,  STR_TO_DATE('5-01-2015', '%d-%m-%Y'), STR_TO_DATE('6-01-2020', '%d-%m-%Y'), 3204571549, 'rodrisol848@gmail.com', 'HUGO LEONARDO ORTIZ', 3138891760, 'huleorca@hotmail.com'),
  ( 651  , 'HECTOR CALDERON' ,  STR_TO_DATE('14-03-2016', '%d-%m-%Y'), STR_TO_DATE('13-10-2016', '%d-%m-%Y'), 3214126335, 'PVDPLUSACACIAS@GMAIL.COM', 'OSCAR GUARNIZO', 3164607197, 'TIC@acacias-meta.gov.co'),
  ( 652  , 'Andres Sierra' ,  STR_TO_DATE('14-07-2016', '%d-%m-%Y'), STR_TO_DATE('29-12-2016', '%d-%m-%Y'), 3214786278, 'andres.sierra20@gmail.com', 'German Cespedes ', 3219840797, 'germancespedes1@gmail.com'),
  ( 653  , 'CARLOS CARMONA' ,  STR_TO_DATE('1-09-2016', '%d-%m-%Y'), STR_TO_DATE('31-12-2016', '%d-%m-%Y'), 3213274552, 'carloscarmo24@hotmail.com', 'CLARA CASTRO MACHUCA', 3208501145, 'informatica@puertolopez-meta.gov.co'),
  ( 654  , 'juan pablo castañeda ayala ' ,  STR_TO_DATE('1-04-2016', '%d-%m-%Y'), STR_TO_DATE('31-12-2016', '%d-%m-%Y'), 3204247860, 'jp.fotosdigital@hotmail.com', 'juan pablo castañeda ayala ', 3204247860, 'puntovivedigitalpto.lleras01@gmail.com'),
  ( 655  , 'Luis Carvajal' ,  STR_TO_DATE('22-07-2016', '%d-%m-%Y'), STR_TO_DATE('30-12-2016', '%d-%m-%Y'), 3124906340, 'restrepovivedigital@gmail.com', 'Cesar Robayo', 3103439780, 'despacho@alcaldiarestrepo.gov.co'),
  ( 656  , 'aceneyda ruiz ' ,  STR_TO_DATE('29-07-2016', '%d-%m-%Y'), STR_TO_DATE('28-12-2016', '%d-%m-%Y'), 3132335712, 'cenaida_18@hotmail.com', 'alcaldía municipal', 3132335712, 'pvdplussanjuanarama@gmail.com'),
  ( 657  , 'Efrain Aldana Cantor' ,  STR_TO_DATE('14-09-2016', '%d-%m-%Y'), STR_TO_DATE('31-12-2016', '%d-%m-%Y'), 3147958692, 'puntovivedigital@vistahermosa-meta.gov.co', 'Deisy Melo Novoa', 3102657463, 'contactenos@vistahermosa-meta.gov.co'),
  ( 658  , 'Yenny Liliana Chaves Solarte ' ,  STR_TO_DATE('15-06-2016', '%d-%m-%Y'), STR_TO_DATE('15-12-2016', '%d-%m-%Y'), 3152633438, 'yenychaves@hotmail.com', 'JHONATAN HUERTAS', 3013706039, 'sistemasdeinformacion@pasto.gov.co'),
  ( 659  , 'Paola Andrea Zuñiga Tobar' ,  STR_TO_DATE('1-03-2016', '%d-%m-%Y'), STR_TO_DATE('30-11-2016', '%d-%m-%Y'), 3162834635, 'puntovivedigitalinem@gmail.com', 'Edgar Guerrero', 3173791865, 'proyectosti@alcaldiapasto.gov.co'),
  ( 660  , 'José Antonio Castillo Belalcázar' ,  STR_TO_DATE('1-09-2015', '%d-%m-%Y'), STR_TO_DATE('1-10-2018', '%d-%m-%Y'), 3117182991, 'jose.castillo@iemlibertad.edu.co', 'Jhonatan Huertas', 3013706039, 'sistemasdeinformacion@pasto.gov.co'),
  ( 661  , 'Emilson Fabian Muñoz Ñañez' ,  STR_TO_DATE('1-11-2016', '%d-%m-%Y'), STR_TO_DATE('31-12-2016', '%d-%m-%Y'), 3137776294, 'emfa123@hotmail.com', 'Fabian Guerrero Mora', 3117499259, 'secretariadegobierno@lacruz-narino.gov.co'),
  ( 662  , 'Edgar Andres Bolaños Riascos' ,  STR_TO_DATE('1-05-2016', '%d-%m-%Y'), STR_TO_DATE('1-05-2100', '%d-%m-%Y'), 3103628811, 'andresbr.2706@gmail.com', 'Floriberto Suarez', 3164383079, 'floriberto2007@hotmail.com'),
  ( 663  , 'Diego Armando Acosta Solarte ' ,  STR_TO_DATE('1-01-2016', '%d-%m-%Y'), STR_TO_DATE('30-11-2016', '%d-%m-%Y'), 3173866904, 'aguitadj@hotmail.com', 'Luis Carlos Lucero Caicedo ', 3105223048, 'alcaldia@linaresnarino.gov.co'),
  ( 664  , 'MILENA ROSERO' ,  STR_TO_DATE('4-10-2016', '%d-%m-%Y'), STR_TO_DATE('26-12-2016', '%d-%m-%Y'), 3178585223, 'milenapvdplus@gmail.com', 'RICARDO MISNAZA', 3155402695, 'ricardomisnaza@gmail.com'),
  ( 666  , 'Cristian Alexis Urbano ' ,  STR_TO_DATE('20-09-2016', '%d-%m-%Y'), STR_TO_DATE('20-12-2016', '%d-%m-%Y'), 3213563174, 'thekitty28666@gmail.com', 'osmar', 1, 'sanpablopvd2@gmail.com'),
  ( 667  , 'Richard Yovany Getial Ortega' ,  STR_TO_DATE('30-07-2016', '%d-%m-%Y'), STR_TO_DATE('31-12-2016', '%d-%m-%Y'), 3215607066, 'ricardete77@hotmail.com', 'Genith Anama ', 3003777598, 'secretariadeeducacion@xnsantacruz-nario-crb.gov.co'),
  ( 668  , 'Juan Dario Bolaños Cardenas' ,  STR_TO_DATE('1-02-2016', '%d-%m-%Y'), STR_TO_DATE('30-12-2016', '%d-%m-%Y'), 3156299817, 'jbjuancardenas@gmail.com', 'Alcaldía Municipal de Túquerres', 3156299817, 'educacioncultura@tuquerres-narino.gov.co'),
  ( 669  , 'ESPERANZA ARIAS' ,  STR_TO_DATE('8-09-2015', '%d-%m-%Y'), STR_TO_DATE('9-09-2016', '%d-%m-%Y'), 3125323839, 'esperanza025@hotmail.com', 'luis Eduardo Duran', 3188678225, 'Eduardo.duran@nortedesantander.gov.co'),
  ( 670  , 'YOVANNA GRANADOS JURADO' ,  STR_TO_DATE('10-10-2015', '%d-%m-%Y'), STR_TO_DATE('15-11-2025', '%d-%m-%Y'), 3166271830, 'yovagrana2015@hotmail.com', 'PAOLA MONTENEGRO', 3013164807, 'yepa0026@gmail.com'),
  ( 671  , 'Jorge Humberto Martinez' ,  STR_TO_DATE('15-05-2015', '%d-%m-%Y'), STR_TO_DATE('30-11-2016', '%d-%m-%Y'), 3203359329, 'humbertom5757@gmail.com', 'Jesus Maria Rodriguez Baron', 3202731308, 'churoba@hotmail.com'),
  ( 672  , 'SORAIDA MONTAGUT OJEDA' ,  STR_TO_DATE('10-06-2015', '%d-%m-%Y'), STR_TO_DATE('30-12-2016', '%d-%m-%Y'), 3203853722, 'soraida23montagut@gmail.com', 'LUIS EDUARDO DURAN CORREDOR', 3188678225, 'eduardo.duran@nortedesantander.gov.co'),
  ( 673  , 'Nestor Orlando Meneses' ,  STR_TO_DATE('4-12-2015', '%d-%m-%Y'), STR_TO_DATE('4-12-2016', '%d-%m-%Y'), 3132066846, 'tecnopluselcarmen@gmail.com', 'Wendy Johanna Villamizar Sarabia', 3118008919, 'tecnopluselcarmen@gmail.com'),
  ( 674  , 'Edgar Ortega Gomez - Edgar Eduardo Tarazon' ,  STR_TO_DATE('01-01-2016', '%d-%m-%Y'), STR_TO_DATE('01-01-2016', '%d-%m-%Y'), 3203442096 - 3202921761, 'edgarortega1@hotmail.com; edg73@hotmail.com', '', 1 , ''),
  ( 675  , 'Mayra Liliana Garcia Navarro' ,  STR_TO_DATE('5-10-2015', '%d-%m-%Y'), STR_TO_DATE('5-10-2016', '%d-%m-%Y'), 3168080999, 'mayra_lilianag@hotmail.com', 'Mayra Liliana García Navarro', 3168080999, 'mayra_lilianag@hotmail.com'),
  ( 676  , 'Milton Parada Botia' ,  STR_TO_DATE('25-07-2016', '%d-%m-%Y'), STR_TO_DATE('27-12-2016', '%d-%m-%Y'), 3004440677, 'botiamilton@hotmail.com', 'gobernación de norte de santander', 5710290, 'gobernacion@nortedesantander.gov.co'),
  ( 677  , 'isabel gonzalez' ,  STR_TO_DATE('11-01-2016', '%d-%m-%Y'), STR_TO_DATE('16-12-2016', '%d-%m-%Y'), 3112940867, 'punto.vive.itpc2@gmail.com', 'Miguel Lisandro Angulo Martínez', 3002046509, 'langulo@fonade.gov.co'),
  ( 678  , 'CARMEN YANETH EUGENIO PARADA' ,  STR_TO_DATE('1-07-2015', '%d-%m-%Y'), STR_TO_DATE('31-12-2017', '%d-%m-%Y'), 3153828169, 'yagenia15@hotmail.com', 'LUIS EDUARDO DURAN', 3188678225, 'eduardo.duran@nortedesantander.gov.co'),
  ( 679  , 'ANYI LILIANA PEREZ FLOREZ' ,  STR_TO_DATE('28-06-2016', '%d-%m-%Y'), STR_TO_DATE('28-10-2016', '%d-%m-%Y'), 3106608889, 'anyi2003perez@gmail.com', 'ALCALDIA MUNICIPAL', 3103455084, 'henval16@hotmail.com'),
  ( 680  , 'ANDREA DEL PILAR SOTO BACCA' ,  STR_TO_DATE('1-04-2016', '%d-%m-%Y'), STR_TO_DATE('30-06-2016', '%d-%m-%Y'), 3228630802, 'andepisoba_84@yahoo.es', 'LUIS EDUARDO DURAN', 3188678225, 'eduardo.duran@nortedesantander.gov.co'),
  ( 681  , 'Jesus Antonio Leon' ,  STR_TO_DATE('1-04-2016', '%d-%m-%Y'), STR_TO_DATE('30-12-2016', '%d-%m-%Y'), 3144368576, 'termortor@hotmail.com', 'Maria Angelica Rincon', 3142755578, 'alcaldiateorama@hotmail.com'),
  ( 682  , 'Jonathan Andres Castro - Diego Jaimes' ,  STR_TO_DATE('01-01-2016', '%d-%m-%Y'), STR_TO_DATE('01-01-2016', '%d-%m-%Y'), 3057676927 - 3107587555, 'shadowcastro2008@gmail.com; ', '', 1 , ''),
  ( 683  , 'Luis Octavio Gelvez Albarracin' ,  STR_TO_DATE('10-07-2015', '%d-%m-%Y'), STR_TO_DATE('4-05-2030', '%d-%m-%Y'), 3102870879, 'octaviogelves1967@hotmail.com', 'Eduardo Duran', 3138733495, 'puntovivedigital@nortedesantander.gov.co'),
  ( 684  , 'Diana carolina pinilla Guevara ' ,  STR_TO_DATE('2-02-2016', '%d-%m-%Y'), STR_TO_DATE('15-12-2016', '%d-%m-%Y'), 3125650442, 'pvdplusmosquera@gmail.com', 'Angela García ', 8295613, 'direcciondeprospectiva@mosquera-cundinamarca.gov.co'),
  ( 685  , 'ALBA BENAVIDES HERNANDEZ' ,  STR_TO_DATE('2-05-2016', '%d-%m-%Y'), STR_TO_DATE('15-12-2016', '%d-%m-%Y'), 3132601687, 'puntovivedigitalmosquera@gmail.com', 'Angela Garcia', 3202675280, 'direcciondeprospectiva@mosquera-cundinamarca.gov.co'),
  ( 686  , 'WILLIAM FERNANDO CAICEDO PINZÓN' ,  STR_TO_DATE('2-01-2015', '%d-%m-%Y'), STR_TO_DATE('31-12-2019', '%d-%m-%Y'), 3209717029, 'pvd@nemocon-cundinamarca.gov.co', 'CRISTIAN CAMILO CARRILLO', 8544161, 'secretariadegobierno@nemocon-cundinamarca.gov.co'),
  ( 687  , 'LUIS ALBERTO BAZURTO PEREZ' ,  STR_TO_DATE('4-07-2013', '%d-%m-%Y'), STR_TO_DATE('31-12-2019', '%d-%m-%Y'), 3186940713, 'PVDNILO@NILO-CUNDINAMARCA.GOV.CO', 'LUIS ALBERTO BAZURTO PEREZ', 3186940713, 'LUCHOBP23@HOTMAIL.COM'),
  ( 688  , 'ERIKA ORTIZ' ,  STR_TO_DATE('19-08-2016', '%d-%m-%Y'), STR_TO_DATE('30-12-2016', '%d-%m-%Y'), 3118343217, 'vivedigital@emsub.edu.co', 'IGNACIO ALEXANDER ROSERO CHAMORRO ', 3102122570, 'rosero190982@gmail.com'),
  ( 689  , 'lizeth anyelinny salazar narvaez ' ,  STR_TO_DATE('1-02-2016', '%d-%m-%Y'), STR_TO_DATE('1-12-2016', '%d-%m-%Y'), 3215992074, 'lizeth-93N@hotmail.com', 'adriana lorena obando', 3103060458, 'gobierno@nocaima-cundinamarca.gov.co'),
  ( 690  , 'yenny zorany rodriguez arias' ,  STR_TO_DATE('5-09-2016', '%d-%m-%Y'), STR_TO_DATE('26-12-2016', '%d-%m-%Y'), 3102624683, 'zorany1205@gmail.com', 'junior vega', 3112587456, 'junior.vega@paime.cund.gov.co'),
  ( 691  , 'YORDAN EFREN ROA MARTINEZ' ,  STR_TO_DATE('15-06-2015', '%d-%m-%Y'), STR_TO_DATE('30-12-2016', '%d-%m-%Y'), 3115958779, 'puntovivedigital@paratebueno-cumdinamarca.gov.co', 'NADIA CATALINA REINA DIAZ', 3142698426, 'saludyeducacion@paratebueno-cundinamarca.gov.co'),
  ( 692  , 'DIEGO FLOREZ MALAGON' ,  STR_TO_DATE('5-09-2016', '%d-%m-%Y'), STR_TO_DATE('30-12-2016', '%d-%m-%Y'), 3123187247, 'dflorezm19@hotmail.com', 'DIEGO FLOREZ MALAGON', 3123187247, 'puntovivedigitalplus@pasca-cundinamarca.gov.co'),
  ( 693  , 'Javier Romero Clavijo' ,  STR_TO_DATE('2-05-2016', '%d-%m-%Y'), STR_TO_DATE('6-03-2017', '%d-%m-%Y'), 3108143959, 'locorome@hotmail.com', 'Eduardo Rojas', 3132975755, 'orojas@fonade.gov.co'),
  ( 694  , 'Brayan Quiroga' ,  STR_TO_DATE('01-01-2016', '%d-%m-%Y'), STR_TO_DATE('01-01-2016', '%d-%m-%Y'), 3146428838, 'braquiva@gmail.com', '', 1 , ''),
  ( 695  , 'ERIKA PAOLA MOYA SIERRA' ,  STR_TO_DATE('3-10-2016', '%d-%m-%Y'), STR_TO_DATE('30-12-2016', '%d-%m-%Y'), 3126201170, 'quebradanegrapvd@gmail.com', 'Diana Stella Aristizabal Hernandez', 3125698656, 'gobierno@quebradanegra-cundinamarca.gov.co'),
  ( 696  , 'wilmar leonardo ramos moreno ' ,  STR_TO_DATE('29-02-2016', '%d-%m-%Y'), STR_TO_DATE('29-12-2016', '%d-%m-%Y'), 3203106059, 'puntoplusquetame10@hotmail.com', 'diana yamile urrego reyes', 3057996720, 'durrego@cundinamarca.gov.co'),
  ( 697  , 'wilmar leonardo ramos' ,  STR_TO_DATE('29-02-2016', '%d-%m-%Y'), STR_TO_DATE('29-12-2016', '%d-%m-%Y'), 3203106059, 'puntoplusquetame10@hotmail.com', 'diana yamile urrego reyes', 3057996720, 'durrego@cundinamarca.gov.co'),
  ( 698  , 'Javier David Ramirez Martin' ,  STR_TO_DATE('28-09-2016', '%d-%m-%Y'), STR_TO_DATE('27-12-2016', '%d-%m-%Y'), 3118430747, 'sistemaschavi1@gmail.com', 'AURA LILI GONZALEZ MUÑOZ', 3108692154, 'sistemaschavi1@gmail.com'),
  ( 699  , 'FELICIANO GODOY BONILLA' ,  STR_TO_DATE('7-01-2016', '%d-%m-%Y'), STR_TO_DATE('31-12-2016', '%d-%m-%Y'), 3209233489, 'fgodoyfeliciano@gmail.com', '',3209233489, 'puntovivedigital@ricaurte-cundinamarca.gov.co'),
  ( 700  , 'yesenia muñoz' ,  STR_TO_DATE('1-08-2016', '%d-%m-%Y'), STR_TO_DATE('31-12-2016', '%d-%m-%Y'), 3214202253, 'capumania@gmail.com', 'claudia garcia', 3166279511, 'alcaldia@sanantoniodeltequendama-cundinamarca.gov.co'),
  ( 701  , 'paola jimenez ' ,  STR_TO_DATE('19-09-2014', '%d-%m-%Y'), STR_TO_DATE('8-11-2016', '%d-%m-%Y'), 3046626535, 'yulipaojs@hotmail.com', 'dora peñaloza', 3114771334, 'dosipemo@gmail.com'),
  ( 702  , 'Andrés Leonardo Moreno Moreno' ,  STR_TO_DATE('2-02-2016', '%d-%m-%Y'), STR_TO_DATE('31-12-2016', '%d-%m-%Y'), 3123949790, 'pvdsanfranciscodesales@gmail.com', 'Andrés Leonardo Moreno Moreno', 3123949790, 'pvdsanfranciscodesales@gmail.com'),
  ( 703  , 'ANYI AYALA' ,  STR_TO_DATE('2-05-2016', '%d-%m-%Y'), STR_TO_DATE('31-12-2016', '%d-%m-%Y'), 3132260001, 'VIVEDIGITALSANJUANDERIOSECO@GMAIL.COM', 'MAIRA SILVA CAMPOS', 3103418672, 'VIVEDIGITALSANJUANDERIOSECO@GMAIL.COM'),
  ( 705  , 'CARLOS ALBERTO MESA RODRIGUEZ' ,  STR_TO_DATE('1-02-2015', '%d-%m-%Y'), STR_TO_DATE('25-08-2016', '%d-%m-%Y'), 3166274105, 'carlos.mesa@correo.policia.gov.co', '', 1, ''),
  ( 706  , 'Nicolás Jhair De la Rans Bonilla' ,  STR_TO_DATE('14-08-2014', '%d-%m-%Y'), STR_TO_DATE('30-12-2016', '%d-%m-%Y'), 3185390720, 'pvd@silvania-cundinamarca.gov.co', 'Armando Rincón ', 3013196035, 'secretariadegobierno@silvania-cundinamarca.gov.co'),
  ( 707  , 'Danny Rivera Moreno' ,  STR_TO_DATE('8-07-2016', '%d-%m-%Y'), STR_TO_DATE('27-12-2016', '%d-%m-%Y'), 3203251476, 'pvdtecnologico@bucaramanga.gov.co', 'Javier Cáceres ', 3156850212, 'pvdtecnologico@bucaramanga.gov.co'),
  ( 708  , 'CARLOS CIRO SNABRIA RUIZ' ,  STR_TO_DATE('6-02-2015', '%d-%m-%Y'), STR_TO_DATE('31-12-2020', '%d-%m-%Y'), 3118332089, 'cacisar1010@hotmail.com; inscomercio@gmail.com', 'ING. HERNAN RAMIREZ', 3176578734, 'hramirez@santander.gov.co'),
  ( 709  , 'BLANCA ISABEL ORTIZ CAMACHO' ,  STR_TO_DATE('8-04-2016', '%d-%m-%Y'), STR_TO_DATE('7-09-2016', '%d-%m-%Y'), 3173670604, 'blaisort@gmail.com', 'CARLOS ALBERTO MENDOZA', 3174302287, 'carlos.mendoza@barrancabermeja.gov.co'),
  ( 710  , 'Claudia Patricia Acevedo Gonzalez' ,  STR_TO_DATE('8-09-2016', '%d-%m-%Y'), STR_TO_DATE('7-12-2016', '%d-%m-%Y'), 3144424708, 'caya_12@hotmail.com', 'Laura Arevalo', 3502677389, 'laura.arevalo@barrancabermeja.gov.co'),
  ( 711  , 'ines camargo sarmiento' ,  STR_TO_DATE('8-04-2016', '%d-%m-%Y'), STR_TO_DATE('7-09-2016', '%d-%m-%Y'), 3166978045, 'alext8907@hotmail.com', 'carlos mendoza ', 3174302287, 'carlos.mendoza@barrancabermeja.gov.co'),
  ( 712  , 'GERMAN LOZADA DURAN' ,  STR_TO_DATE('19-06-1989', '%d-%m-%Y'), STR_TO_DATE('1-1-0001', '%d-%m-%Y'), 3133422722, 'german.eduardo.lozada@hotmail.com', 'COLEGIO INTEGRADO LAS MERCEDES ', 3107535740, 'coinlame@hotmail.com'),
  ( 713  , 'NELSONALEXANDER VILLAMIL ARIAS' ,  STR_TO_DATE('7-08-2016', '%d-%m-%Y'), STR_TO_DATE('5-12-2016', '%d-%m-%Y'), 3155538918, 'villamilnelson14@gmail.com', 'centro tabacalero ', 3155538918, 'villamilnelson14@gmail.com'),
  ( 714  , 'Juan Sebastián Barajas Angarita' ,  STR_TO_DATE('7-09-2016', '%d-%m-%Y'), STR_TO_DATE('20-12-2016', '%d-%m-%Y'), 3163510711, 'sebastianbarajas006@gmail.com', 'Alcaldía de piedecuesta', 3165317375, 'sonia.cruz00622@gmail.com'),
  ( 715  , 'NAYIBE PARRA VIRVIESCAS' ,  STR_TO_DATE('28-02-2015', '%d-%m-%Y'), STR_TO_DATE('10-07-2018', '%d-%m-%Y'), 3115413619, 'napavir10@hotmail.com', 'ING. HERNAN RAMIREZ', 3176578734, 'hramirez@santander.gov.co'),
  ( 716  , 'Jeison Rodolfo Niño Lizcao' ,  STR_TO_DATE('25-01-2016', '%d-%m-%Y'), STR_TO_DATE('23-12-2016', '%d-%m-%Y'), 3156448977, 'j3lizcano@gmail.com', 'Colegio Oficial Avelina Moreno', 7272800, 'coamsocorro70@hotmail.com'),
  ( 717  , 'Yulian Mantilla Diaz' ,  STR_TO_DATE('19-01-2015', '%d-%m-%Y'), STR_TO_DATE('10-12-2016', '%d-%m-%Y'), 3164357181, 'yulianmantilla@hotmail.com', 'Instituto Técnico Santo Tomás', 6252057, 'itstzapatoca@hotmail.com'),
  ( 718  , 'angie de hoyos' ,  STR_TO_DATE('3-08-2016', '%d-%m-%Y'), STR_TO_DATE('30-11-2016', '%d-%m-%Y'), 3005772721, 'angie.dehoyos@cecar.edu.co', ' Lorena Fortich Tulena', 3007946323, 'lfortich@gmail.com'),
  ( 719  , 'Enrique Torres Sehuanez' ,  STR_TO_DATE('3-08-2016', '%d-%m-%Y'), STR_TO_DATE('2-12-2016', '%d-%m-%Y'), 3006027878, 'enrique.torress@cecar.edu.co', ' Lorena Fortich Tulena', 3007946323, 'lfortich@gmail.com'),
  ( 720  , 'Jesus David Enamorado Rios y Xiomara Hernandez Urzola' ,  STR_TO_DATE('16-07-2015', '%d-%m-%Y'), STR_TO_DATE('31-12-2016', '%d-%m-%Y'), 3013079150, 'jenamoradorios@gmail.com', 'Lorena Fortich Tulena', 3007946323, 'lfortich@gmail.com'),
  ( 722  , 'Sargento viceprimero. Luis Montoya; Admin.carlos montalvo' ,  STR_TO_DATE('01-01-2016', '%d-%m-%Y'), STR_TO_DATE('', '%d-%m-%Y'), 3135953214, 'Luis.montoya@armada.mil.co', '', 1 , ''),
  ( 723  , 'JOSE CARLOS CERVERA ALEMÁN' ,  STR_TO_DATE('28-04-2016', '%d-%m-%Y'), STR_TO_DATE('28-04-2018', '%d-%m-%Y'), 3002767173, 'Josepcerveraaleman@gmail.com', 'JUSTINIANO JOSE RICARDO VEGA', 3145420633, 'justirive@yahoo.es'),
  ( 724  , 'Yenis Zapa Casares' ,  STR_TO_DATE('20-11-2016', '%d-%m-%Y'), STR_TO_DATE('01-01-0001', '%d-%m-%Y'), 3116647740, 'yzapa86@gmail.com', 'Gobernación de sucre', 2799470, 'contactenos@sucre.gov.co'),
  ( 725  , 'Sulay Alfonso Cubies' ,  STR_TO_DATE('1-07-2016', '%d-%m-%Y'), STR_TO_DATE('15-12-2016', '%d-%m-%Y'), 3103393405, 'vivedigitalsopo@gmail.com', 'Willian Orlando Prieto Celeita', 3112614233, 'williamsprietoc@outlook.com'),
  ( 726  , 'JUDITH GUERRA ESPINOSA' ,  STR_TO_DATE('14-07-2016', '%d-%m-%Y'), STR_TO_DATE('31-12-2016', '%d-%m-%Y'), 3123705521, 'judithguerra2@hotmail.com', 'ALCALDIA MUNICIPAL DE TABIO', 864-7270, 'alcaldia@tabio-cundinamarca.gov.co'),
  ( 727  , 'David Carrillo Diaz' ,  STR_TO_DATE('17-02-2016', '%d-%m-%Y'), STR_TO_DATE('31-12-2016', '%d-%m-%Y'), 3134911777, 'david.dcd82@gmail.com', 'Alcaldia De Tenjo', 3106189808, 'institucional@tenjo-cundinamarca.gov.co'),
  ( 728  , 'Luis Bernardo Rodriguez' ,  STR_TO_DATE('1-03-2016', '%d-%m-%Y'), STR_TO_DATE('31-12-2016', '%d-%m-%Y'), 3163073104, 'casnaro@gmail.com', 'Alcaldia de Tenjo', 8646806, 'contactenos@tenjo-cundinamarca.gov.co'),
  ( 729  , 'JORGE  DARIO  RODRIGUEZ BELTRAN' ,  STR_TO_DATE('5-01-2016', '%d-%m-%Y'), STR_TO_DATE('30-12-2016', '%d-%m-%Y'), 3123269527, 'pvdigital@tibacuy-cundinamarca.gov.co', '3123269827', 8668158, 'alcaldia@tibacuy-cundinamarca.gov.co'),
  ( 730  , 'Rubiela Vargas Rivera' ,  STR_TO_DATE('13-09-2016', '%d-%m-%Y'), STR_TO_DATE('31-12-2016', '%d-%m-%Y'), 3142889409, 'rubielavargas12@hotmail.com', 'Yanetth Cecilia Meneses', 3175106125, 'yaneth.meneses@huila.gov.co'),
  ( 731  , 'Diana Carolina Alarcon' ,  STR_TO_DATE('26-09-2016', '%d-%m-%Y'), STR_TO_DATE('27-12-2016', '%d-%m-%Y'), 3183256621, 'diana.alarcon@alcaldianeiva.gov.co', 'Alcaldia de Neiva', 3183256621, 'talentohumano@alcaldiadeneiva.gov.co'),
  ( 732  , 'GERMAN ENRIQUE CONTRERAS CERQUERA' ,  STR_TO_DATE('15-09-2014', '%d-%m-%Y'), STR_TO_DATE('31-12-2016', '%d-%m-%Y'), 3157381342, 'german.contreras8298@correo.policia.gov.co', 'DORA LILIA PACHECO OVIEDO', 3214298199, 'dora.pacheco@correo.policia.gov.co'),
  ( 733  , 'FABIAN ARMANDO MOTTA PATIÑO' ,  STR_TO_DATE('18-02-2016', '%d-%m-%Y'), STR_TO_DATE('28-12-2016', '%d-%m-%Y'), 3172337288, 'fabian-motta@hotmail.com', 'alcaldía de neiva', 8726200, 'alcaldia@alcaldianeiva.gov.co'),
  ( 734  , 'SONIA PATRICIA VILLARREAL OLAYA' ,  STR_TO_DATE('19-02-2016', '%d-%m-%Y'), STR_TO_DATE('30-12-2016', '%d-%m-%Y'), 3153196373, 'sonia.villarreal@alcaldianeiva.gov.co', 'BRAYAN ALEXANDER BELEÑO', 3114541958, 'brayanbeleno@alcaldianeiva.gov.co'),
  ( 735  , 'JAIRO ANDRES VALVERDE' ,  STR_TO_DATE('20-09-2016', '%d-%m-%Y'), STR_TO_DATE('20-12-2016', '%d-%m-%Y'), 3108048252, 'javm_jairoandres@hotmail.com', 'José Ademir Agudo Ramirez', 3142974528, 'jose.agudo@alcaldianeiva.gov.co'),
  ( 736  , 'yaneth karina palomino calderon' ,  STR_TO_DATE('14-09-2016', '%d-%m-%Y'), STR_TO_DATE('14-09-2016', '%d-%m-%Y'), 3182040769, 'yanethkarinaplaomino@gmail.com', 'José Ademir Agudo Ramirez', 3142974528, 'jose.agudo@alcaldianeiva.gov.co'),
  ( 737  , 'Brayan Alexander Beleño García' ,  STR_TO_DATE('14-10-2016', '%d-%m-%Y'), STR_TO_DATE('30-12-2016', '%d-%m-%Y'), 3168737389, 'brayan.beleno@alcaldianeiva.gov.co', 'Camilo Ernesto Chacón Orozco', 3007439639, 'camilo.chacon@alcaldianeiva.gov.co'),
  ( 738  , 'Julian Trujillo Trujillo' ,  STR_TO_DATE('22-02-2016', '%d-%m-%Y'), STR_TO_DATE('21-09-2016', '%d-%m-%Y'), 3114602007, 'julian.trujillo@alcaldianeiva.gov.co', 'Angel Cruz', 3157801863, 'angel.cruz@alcaldianeiva.gov.co'),
  ( 739  , 'ARGENIX LASSO PERDOMO' ,  STR_TO_DATE('3-10-2014', '%d-%m-%Y'), STR_TO_DATE('31-12-2017', '%d-%m-%Y'), 3154282624, 'argenix.lasso@alcaldianeiva.gov.co', 'Angel Antonio Cruz Esquivel', 3157801863, 'angel.cruz@alcaldianeiva.gov.co'),
  ( 740  , 'WILSON GALARZA' ,  STR_TO_DATE('1-01-2015', '%d-%m-%Y'), STR_TO_DATE('1-01-2015', '%d-%m-%Y'), 3155266241, 'wgalarzar1509@yahoo.es', 'FABIOLA GONZALEZ', 3154098345, 'fabiola.gonzalez@cali.gov.co'),
  ( 741  , 'Jairo Apráez' ,  STR_TO_DATE('1-02-2016', '%d-%m-%Y'), STR_TO_DATE('10-12-2016', '%d-%m-%Y'), 3136575795, 'apraez1@gmail.com', 'esar Augusto Ocoró', 3206959502, 'cesarocorolucumi@gmail.com'),
  ( 742  , 'JULIAN ALBERTO ZUÑIGA VEGA' ,  STR_TO_DATE('1-04-2009', '%d-%m-%Y'), STR_TO_DATE('1-04-2036', '%d-%m-%Y'), 3176429373, 'pintardeoccidente@hotmail.com', 'JULIAN ALBERTO ZUÑIGA VEGA', 4881000, 'pintardeoccidente@hotmail.com'),
  ( 743  , 'Carlos Adonaí Mejía L.' ,  STR_TO_DATE('16-06-2016', '%d-%m-%Y'), STR_TO_DATE('30-12-2016', '%d-%m-%Y'), 3185219673, 'pvdplusmmmallarino@cali.gov.co', 'Esteban Oliveros Montoya', 8959276, 'esteban.oliveros@cali.gov.co'),
  ( 744  , 'Gloria Yecenia García Cárdenas' ,  STR_TO_DATE('23-09-2015', '%d-%m-%Y'), STR_TO_DATE('31-12-2016', '%d-%m-%Y'), 3126267005, 'yesegacia@hotmail.com', 'Yenny Gonzalez ROjas', 3156200317, 'salud@andalucia-valle.gov.co'),
  ( 745  , 'Luis Fernando Urrego' ,  STR_TO_DATE('6-04-2015', '%d-%m-%Y'), STR_TO_DATE('23-11-2016', '%d-%m-%Y'), 3014923107, 'lufercho@gmail.com', 'Ing. Wilson Adier Garcia Abril', 3162548186, 'tic@buga.gov.co'),
  ( 746  , 'OSCAR IVAN VASCO CEDEÑO' ,  STR_TO_DATE('2-09-2016', '%d-%m-%Y'), STR_TO_DATE('30-11-2016', '%d-%m-%Y'), 3163694368, 'oscarvascoc@gmail.com', 'Wilson Garcia', 3162548186, 'tic@buga.gov.co'),
  ( 747  , 'Cesar Adolfo Espinal Escobar' ,  STR_TO_DATE('15-05-2016', '%d-%m-%Y'), STR_TO_DATE('31-12-2016', '%d-%m-%Y'), 3127140800, 'caee1122@gmail.com', 'CRISTIAN EDUARDO ACOSTA MUÑOZ', 3122062568, 'educacion@caicedonia-valle.gov.co'),
  ( 748  , 'CArlos Arturo Bedoya Valencia ' ,  STR_TO_DATE('1-02-2016', '%d-%m-%Y'), STR_TO_DATE('31-12-2016', '%d-%m-%Y'), 3162847816, 'biocarlos747@hotmail.com', 'Paola Alfonzo', 6200000, 'paola.alfonzo@valledelcauca.gov.co'),
  ( 749  , 'cristian camilo gallego gomez' ,  STR_TO_DATE('20-01-2016', '%d-%m-%Y'), STR_TO_DATE('26-12-2016', '%d-%m-%Y'), 3188998266, 'gallo_1985@hotmail.com', 'maritza sabala rodriguez', 3016910481, 'mzabala@fonade.gov.co'),
  ( 750  , 'Carlos Eduardo Ramos Escobar' ,  STR_TO_DATE('1-06-2016', '%d-%m-%Y'), STR_TO_DATE('31-12-2016', '%d-%m-%Y'), 3154742541, 'cramosescobar@outlook.com', 'Dora Alba Bolivar Sanchez', 3128313461, 'dbolivarsanchez@gmail.com'),
  ( 751  , 'Stiven Valencia ' ,  STR_TO_DATE('3-06-2016', '%d-%m-%Y'), STR_TO_DATE('3-09-2016', '%d-%m-%Y'), 3113669626, 'stivenvalencia15@gmail.com', 'Javier Hoyos Maldonado', 3206651898, 'bienestarsocial@eldovio-valle.gov.co'),
  ( 752  , 'OSCAR F GALVIS' ,  STR_TO_DATE('1-02-2016', '%d-%m-%Y'), STR_TO_DATE('30-12-2016', '%d-%m-%Y'), 3104571176, 'ogalvisruiz@yahoo.es', 'alcaldia florida - valle', 3207674423, 'conctactenos@florida-valle.gov.co'),
  ( 753  , 'GENRY GUERRERO GRANOBLES' ,  STR_TO_DATE('25-04-2016', '%d-%m-%Y'), STR_TO_DATE('31-12-2016', '%d-%m-%Y'), 3147967977, 'henry-puntoguacari@outlook.com', 'FREDY ALBERTO DIAZ DOMINGUEZ', 3122976738, 'frediaz53@gmail.com'),
  ( 754  , 'DIANA MARCELA CASTILLO GOMEZ' ,  STR_TO_DATE('1-08-2016', '%d-%m-%Y'), STR_TO_DATE('1-11-2016', '%d-%m-%Y'), 3108467134, 'lacumbrevivedigital@gmail.com', 'ORLANDO HUNG', 3105591114, 'gobiernomunicipal@lacumbre-valle.gov.co'),
  ( 755  , 'David Andres Bueno ' ,  STR_TO_DATE('1-03-2016', '%d-%m-%Y'), STR_TO_DATE('15-12-2016', '%d-%m-%Y'), 3147762252, 'dagood07@gmail.com', 'cristian herrera', 3187600731, 'khris.david@hotmail.com'),
  ( 756  , 'Diana Patricia Rios Patiño' ,  STR_TO_DATE('1-02-2016', '%d-%m-%Y'), STR_TO_DATE('31-12-2016', '%d-%m-%Y'), 3207240150, 'dianatri150@gmail.com', 'Edna Margarita Fernandez Secretaria de Desarrollo Social', 2202165, 'alcaldia@lavictoria-valle.gov.co'),
  ( 757  , 'JENNY MARCELA LONDOÑO ' ,  STR_TO_DATE('31-07-2015', '%d-%m-%Y'), STR_TO_DATE('31-12-2018', '%d-%m-%Y'), 3207364239, 'juandy_1311@hotmail.com', 'paola alonso', 3207364239, 'juandy_1311@hotmail.com'),
  ( 758  , 'yaneire velasco' ,  STR_TO_DATE('4-05-2016', '%d-%m-%Y'), STR_TO_DATE('31-12-2016', '%d-%m-%Y'), 3136377565, 'yavema@hotmail.com', 'Institucion Educativa Jorge Eliecer Gaitan', 2522415, 'jorgeeliecergaitanrestrepo@yahoo.com'),
  ( 759  , 'GERALDYN DOSSMAN HOLGUIN' ,  STR_TO_DATE('12-08-2015', '%d-%m-%Y'), STR_TO_DATE('31-12-2016', '%d-%m-%Y'), 3217583900, 'pvdplus.roldanillo@hotmail.com', 'ANA MARIA RODRIGUEZ LOZANO', 3128956566, 'normalsuperior.jorgeisaacs@gmail.com'),
  ( 760  , 'Mauricio Salamando Rios' ,  STR_TO_DATE('11-02-2016', '%d-%m-%Y'), STR_TO_DATE('30-12-2016', '%d-%m-%Y'), 3114072026, 'mauricios0903@hotmail.com', 'Carlos Fernando Ramos', 3188604592, 'algorramos@gmail.com'),
  ( 761  , 'edwin andres osorio loaiza' ,  STR_TO_DATE('1-04-2016', '%d-%m-%Y'), STR_TO_DATE('31-12-2016', '%d-%m-%Y'), 3136442780, 'osorioedwin29@hotmail.com', 'Oberney Yagarí Gonzalez', 3113589696, 'educacion@trujillo-valle.gov.co'),
  ( 762  , 'WILMER VELASQUEZ' ,  STR_TO_DATE('1-02-2016', '%d-%m-%Y'), STR_TO_DATE('31-12-2016', '%d-%m-%Y'), 3182126009, 'pvdcdo@fundatic.co', 'ALCALDIA MUNICIPAL', 2339300, 'tic@tulua.gov.co'),
  ( 763  , 'alexander terranova' ,  STR_TO_DATE('1-02-2016', '%d-%m-%Y'), STR_TO_DATE('31-12-2016', '%d-%m-%Y'), 3116232128, 'pvdgdp@fundatic.co', 'alcaldia de tulua', 57+2339300, 'tic@tulua.gov.co'),
  ( 764  , 'YURI ANDREA JURADO' ,  STR_TO_DATE('01-01-2016', '%d-%m-%Y'), STR_TO_DATE('01-01-2016', '%d-%m-%Y'), 3152679837, 'DAVIDCOMANDOAGUILA77@OUTLOOK.COM', '', 1 , ''),
  ( 765  , 'diego fernando garcia reyes' ,  STR_TO_DATE('23-02-2016', '%d-%m-%Y'), STR_TO_DATE('23-12-2016', '%d-%m-%Y'), 3137063450, 'diego19278@hotmail.com', 'luis felipe ramos', 3137338591, 'feliperamos@yumbo.gov.co'),
  ( 766  , 'LIZETH CHAVES BUITRON ' ,  STR_TO_DATE('15-02-2016', '%d-%m-%Y'), STR_TO_DATE('26-12-2016', '%d-%m-%Y'), 3104171070, 'lizeth-1818@hotmail.com', 'LUIS FELIPE RAMOS ', 3206829392, 'feliperamos@yumbo.gov.co'),
  ( 767  , 'jairo libreros ballesteros' ,  STR_TO_DATE('20-04-2015', '%d-%m-%Y'), STR_TO_DATE('31-12-2016', '%d-%m-%Y'), 3015767184, 'jaliba26@misena.edu.co', 'gobernación valle del cauca', 3164204828, 'paola.alfonso@misena.edu.co'),
  ( 768  , 'anderson pelaez' ,  STR_TO_DATE('4-08-2015', '%d-%m-%Y'), STR_TO_DATE('31-12-2016', '%d-%m-%Y'), 3017013825, 'pvdplusnormallahacienda@gmail.com', 'carlos escalante', 3168300902, 'cescalante@barranquilla.gov.co'),
  ( 769  , 'DUVAN CAMILO RIVEROS TRUJILLO' ,  STR_TO_DATE('8-09-2016', '%d-%m-%Y'), STR_TO_DATE('7-10-2016', '%d-%m-%Y'), 3118109118, 'pvdplusbraulio@gmail.com', 'MARIO ALONSO AYALA', 3204635151, 'marioayalar@yahoo.com'),
  ( 770  , 'JUAN MAGDIEL SANCHEZ' ,  STR_TO_DATE('4-04-2016', '%d-%m-%Y'), STR_TO_DATE('5-08-2016', '%d-%m-%Y'), 3208574945, 'magdiel347@gmail.com', 'Mario Alonzo Ayala', 3204635151, 'marioayalar@yahoo.com'),
  ( 771  , 'Andrea Carolina Garzon Huerfano ' ,  STR_TO_DATE('7-04-2016', '%d-%m-%Y'), STR_TO_DATE('9-12-2016', '%d-%m-%Y'), 3138654571, 'pvdplumanjiaguazul@gmail.com', 'Leonardo Bonilla', 3214536251, 'educacioncultura@aguazulcasanare.gov.co'),
  ( 772  , 'ELVIS ALEXANDER CUESTA MORENO' ,  STR_TO_DATE('10-05-2016', '%d-%m-%Y'), STR_TO_DATE('31-12-2016', '%d-%m-%Y'), 3194356681, 'cuestaelvis@gmail.com', 'JAVIER LEONARDO BONILLA SEPULVEDA', 3193540474, 'educacioncultura@aguazul-casanare.gov.co'),
  ( 773  , 'ELSY CAROLINA VARGAS ACOSTA' ,  STR_TO_DATE('1-09-2016', '%d-%m-%Y'), STR_TO_DATE('31-12-2016', '%d-%m-%Y'), 3124190395, 'karo9435@hotmail.com', 'CAROLL LORENA PIÑEROS CORDON', 3203599906, 'accionsocial@chameza-casanare.gov.co'),
  ( 774  , 'Jorge Eduardo Rojas Villa' ,  STR_TO_DATE('14-03-2016', '%d-%m-%Y'), STR_TO_DATE('13-01-2017', '%d-%m-%Y'), 3105521875, 'pvdpmonterrey@gmail.com', 'John Edward Silva Arenas', 3118599600, 'Johnsilva78@hotmail.com'),
  ( 775  , 'Leopoldo cocinero caballero' ,  STR_TO_DATE('17-08-2016', '%d-%m-%Y'), STR_TO_DATE('16-12-2016', '%d-%m-%Y'), 3134942359, 'leopoldo_1124@hotmail.com', 'Mildred fonseca', 3134942359, 'leopoldo_1124@hotmail.com'),
  ( 776  , 'Miguel Ángel Valor Cahueño' ,  STR_TO_DATE('26-08-2016', '%d-%m-%Y'), STR_TO_DATE('25-12-2016', '%d-%m-%Y'), 3106286246, 'mianvac@hotmail.com', 'Mildred Fonseca Niño', 3125805026, 'jaslene2006@hotmail.com'),
  ( 777  , 'eriksson julian rodriguez arias' ,  STR_TO_DATE('5-09-2016', '%d-%m-%Y'), STR_TO_DATE('28-12-2016', '%d-%m-%Y'), 3124696436, 'pvdpsabanalarga@gmail.com', 'MARIA GOYENECHE CUEVAS', 3002365502, 'enlacesena@sabanalarga-casanare.gov.co'),
  ( 778  , 'MILLER HAWIN AMAYA CASTAÑEDA ' ,  STR_TO_DATE('15-04-2016', '%d-%m-%Y'), STR_TO_DATE('14-12-2016', '%d-%m-%Y'), 3144136153, 'thestik_championbox@hotmail.com', 'MARISCELA  CHAPARRO BRIL', 3138539960, 'xmary_83@hotmail.com'),
  ( 779  , 'Heidi Johana Cardenas Bautista' ,  STR_TO_DATE('20-04-2016', '%d-%m-%Y'), STR_TO_DATE('17-12-2016', '%d-%m-%Y'), 3222927200, 'yon.amaya@hotmail.com', 'Alcaldia Municipal de Tauramena', 6247113, 'alcaldia@tauramena-casanare.gov.co'),
  ( 780  , 'DEYANITH GUAYABO ' ,  STR_TO_DATE('28-06-2016', '%d-%m-%Y'), STR_TO_DATE('28-11-2016', '%d-%m-%Y'), 3224055120, 'pvdptrinidad@gmail.com', 'NIYIRED RUBIO', 3107906632, 'educacion@trinidad-casanare.gov.co'),
  ( 781  , 'ROMMY YANIRA PIEDRAHITA SALAZAR' ,  STR_TO_DATE('13-09-2016', '%d-%m-%Y'), STR_TO_DATE('31-12-2016', '%d-%m-%Y'), 3163418097, 'PVDPALERMO@GMAIL.COM', 'YANETH CECILIA MENESES HOYOS', 3175106125, 'YANETH.MENESES@HUILA.GOV.CO'),
  ( 782  , 'JAIRO VARGAS POLANCO' ,  STR_TO_DATE('1-12-2012', '%d-%m-%Y'), STR_TO_DATE('31-12-2016', '%d-%m-%Y'), 3105802249, 'vivedigitalpitalito2015@gmail.com', 'Gobernacion del Huila', 3105802249, 'vivedigitalpitalito2015@gmail.com'),
  ( 783  , 'DAYANA ESTEFANY CARDENAS ARAUJO ' ,  STR_TO_DATE('2-05-2016', '%d-%m-%Y'), STR_TO_DATE('27-05-2016', '%d-%m-%Y'), 3233919307, 'DAYANA961205CARDENAS@GMAIL.COM', 'CAROLINA MOYANO BONILLA', 3176462055, 'lizacarolina@gmail.com'),
  ( 784  , 'leymer gabriel duran bautista' ,  STR_TO_DATE('23-06-2016', '%d-%m-%Y'), STR_TO_DATE('23-10-2016', '%d-%m-%Y'), 3112184847, 'dleimer0708@hotmail.com', 'alfonso pineda', 3144446549, 'alfonso23@hotmail.com'),
  ( 786  , 'MARÍA ERIKA ROJAS SANCHEZ' ,  STR_TO_DATE('1-02-2016', '%d-%m-%Y'), STR_TO_DATE('30-12-2016', '%d-%m-%Y'), 3152405498, 'mrojas@itfip.edu.co', 'INSTITUTO TOLIMENSE DE FORMACIÓN TÉCNICA PROFESIONAL "ITFIP"', 2483501, 'info@itfip.edu.co'),
  ( 787  , 'andres felipe lamilla' ,  STR_TO_DATE('1-01-2016', '%d-%m-%Y'), STR_TO_DATE('31-12-2016', '%d-%m-%Y'), 3166090737, 'pipenalto@gmail.com', 'alcaldia', 3155204039, 'secretariadegobierno@lerida-tolima.gov.co'),
  ( 788  , 'Luis German Osorio Rueda' ,  STR_TO_DATE('3-12-2014', '%d-%m-%Y'), STR_TO_DATE('31-12-2016', '%d-%m-%Y'), 3124613082, 'pvdlibano@gmail.com', 'Rocio Marcela Carbonell', 3212016303, 'educacionycultura@libano-tolima.gov.co'),
  ( 789  , 'Oscar Buitrago Cañon' ,  STR_TO_DATE('1-03-2016', '%d-%m-%Y'), STR_TO_DATE('30-11-2016', '%d-%m-%Y'), 3103175744, 'oscarbuitrago.31@hotmail.com', 'Rocio Carbonell Rojas', 3212016303, 'educacionycultura@libano-tolima.gov.co'),
  ( 790  , 'Olmer Quintero Osorio' ,  STR_TO_DATE('15-06-2016', '%d-%m-%Y'), STR_TO_DATE('30-12-2016', '%d-%m-%Y'), 3175532286, 'olmer.quintero@unad.edu.co', 'Christian Javier Delgado', 3112812756, 'christian.delgado@unad.edu.co'),
  ( 791  , 'catalina robledo velasco' ,  STR_TO_DATE('1-10-2016', '%d-%m-%Y'), STR_TO_DATE('10-12-2016', '%d-%m-%Y'), 3208119235, 'pvdplusmelgar@gmail.com', 'institucion educativa tecnica gabriela mistral', 3208119235, 'ietgmistralmelgar@hotmail.es'),
  ( 792  , 'ANDREA LUCIA SANCHEZ RODRIGUEZ' ,  STR_TO_DATE('7-01-2016', '%d-%m-%Y'), STR_TO_DATE('7-01-2016', '%d-%m-%Y'), 3125443380, 'casadelacultura.vivedigital@gmail.com', 'SERGIO JOSE JAVELA ORTIZ', 3132962010, 'palneacion@natagima-tol.gov.co'),
  ( 793  , 'Eduard Darney Castillo Rivera' ,  STR_TO_DATE('1-09-2015', '%d-%m-%Y'), STR_TO_DATE('31-12-2016', '%d-%m-%Y'), 3133934793, 'mauledc92@hotmail.com', 'Javier Enrique Bonilla ', 3112848031, 'javiennbo@hotmail.com'),
  ( 794  , 'WILMAR DANOVIS PAREJA OLAYA' ,  STR_TO_DATE('15-02-2016', '%d-%m-%Y'), STR_TO_DATE('31-12-2016', '%d-%m-%Y'), 3204067418, 'wylmar28@gmail.com', 'JORGE IVAN RIVERA', 3142989358, 'gobierno@roncesvalles-tolima.gov.co'),
  ( 795  , 'SERGIO ARRIETA ROBLES' ,  STR_TO_DATE('2-05-2016', '%d-%m-%Y'), STR_TO_DATE('31-12-2016', '%d-%m-%Y'), 3015609364, 'searjunior@hotmail.com', 'ALCALDÍA DISTRITAL  DE BARRANQUILLA', 3168300902, 'cescalante@barranquilla.gov.co'),
  ( 796  , 'MARIA ANGELICA AHUMADA FIGUEROA' ,  STR_TO_DATE('4-04-2016', '%d-%m-%Y'), STR_TO_DATE('30-09-2016', '%d-%m-%Y'), 3166289485, 'admpvdgalapa@gmail.com', 'HEIDY SUAREZ', 3086231, 'informatica@galapa-atlantico.gov.co'),
  ( 797  , 'SIDNEY MIRANDA MIRANDA' ,  STR_TO_DATE('4-08-2016', '%d-%m-%Y'), STR_TO_DATE('3-11-2016', '%d-%m-%Y'), 3007610222, 'pvd@malambo-atlantico.gov.co', 'BRAYAN DE LA ROSA', 3004068248, 'webmaster@malambo-atlantico.gov.co'),
  ( 799  , 'CAROLINA BAUTISTA PALMA' ,  STR_TO_DATE('2-01-2016', '%d-%m-%Y'), STR_TO_DATE('30-12-2016', '%d-%m-%Y'), 3124059354, 'YENNICARO_1981@HOTMAIL.COM', 'HANNS DAGOBERTO PARRA ', 3138304683, 'HANNSPARRARUIZ@GMAIL.COM'),
  ( 800  , 'Maria Fernanda Blanco Tovar' ,  STR_TO_DATE('30-09-2016', '%d-%m-%Y'), STR_TO_DATE('31-12-2016', '%d-%m-%Y'), 3166280091, 'maferblanco@gmail.com', 'Silfredo Godoy Alcala', 3156828676, 'silfredogch@gmail.com'),
  ( 801  , 'Jhon Jairo Villa Julio' ,  STR_TO_DATE('3-10-2016', '%d-%m-%Y'), STR_TO_DATE('20-12-2016', '%d-%m-%Y'), 3172753177, 'jhonsjairo@gmail.com', 'Silfredo Godoy', 3156828676, 'sgodoy@cartagena.gov.co'),
  ( 802  , 'Aura Shely Cuervo Cortes' ,  STR_TO_DATE('19-05-2016', '%d-%m-%Y'), STR_TO_DATE('30-12-2016', '%d-%m-%Y'), 3202393798, 'duitamapvd@gmail.com', 'Alfredo Dehaquiz', 3203221137, 'adehaquizm@gmail.com'),
  ( 803  , 'CLAUDIA LILIANA MORENO GONZÁLEZ' ,  STR_TO_DATE('16-08-2016', '%d-%m-%Y'), STR_TO_DATE('28-12-2016', '%d-%m-%Y'), 3142633945, 'PVDPAIPASENA@GMAIL.COM', 'SONIA MILENA NIÑO ALBA', 3102360241, 'TICPAIPA@GMAIL.COM'),
  ( 804  , 'LUZ MARIBEL PEREZ ALARCON' ,  STR_TO_DATE('23-05-2016', '%d-%m-%Y'), STR_TO_DATE('23-09-2016', '%d-%m-%Y'), 3133810151, 'luzperez4674@gmail.com', 'Secretaria de Educacion y Cultura Sogamoso', 7720262, 'educacion@sogamoso-boyaca.gov.co'),
  ( 805  , 'IVON MARISA CELIS GOMEZ' ,  STR_TO_DATE('2-05-2016', '%d-%m-%Y'), STR_TO_DATE('30-12-2016', '%d-%m-%Y'), 3208992394, 'tascopvd@gmail.com', 'mauricio acero', 3102102502, 'mauricioacero1@yahoo.com'),
  ( 806  , 'JORGE ALBERTO CAMARGO PULIDO' ,  STR_TO_DATE('16-09-2016', '%d-%m-%Y'), STR_TO_DATE('15-12-2016', '%d-%m-%Y'), 3108018598, 'joralca147@gmail.com', 'JAIME NUÑEZ VALERO', 3125221195, 'jaime.nunez@tunja.gov.co'),
  ( 807  , 'Yudy Sánchez ' ,  STR_TO_DATE('15-01-2016', '%d-%m-%Y'), STR_TO_DATE('31-12-2016', '%d-%m-%Y'), 3112023553, 'yudysanchezm@hotmail.com', 'Kimberley Jimenez ', 3192667260, 'kimberleyjimenez_0128@hotmail.com'),
  ( 808  , 'Laura liliana Becerra Parra' ,  STR_TO_DATE('20-05-2016', '%d-%m-%Y'), STR_TO_DATE('19-11-2016', '%d-%m-%Y'), 3204095553, 'liz199768@hotmail.com', 'Leonardo Bonilla', 3193540474, 'educacioncultura@aguazul-casanare.gov.co'),
  ( 809  , 'Sandra Milena Orozco Chaparro' ,  STR_TO_DATE('13-03-2016', '%d-%m-%Y'), STR_TO_DATE('14-04-2018', '%d-%m-%Y'), 3123283611, 'smorozcocha@hotmail.com', 'Luz Stella Sanchez Ramirez', 3142981372, 'direcciontic@yopal-casanare.gov.co'),
  ( 810  , 'jorge andres fernandez fernandez' ,  STR_TO_DATE('20-02-2013', '%d-%m-%Y'), STR_TO_DATE('31-12-2016', '%d-%m-%Y'), 3155196936, 'ikaruscaloto@gmail.com', 'danilo balanta', 3146967427, 'alcaldia@caloto-cauca.gov.co'),
  ( 811  , 'Jeferson Andres Bolaños Zuñiga' ,  STR_TO_DATE('7-10-2016', '%d-%m-%Y'), STR_TO_DATE('31-12-2016', '%d-%m-%Y'), 3136662321, 'jefersonandresb@hotmail.com', 'Maria Isabel Calderon Muñoz', 3104596073, 'jefesistemas@popayan-cauca.gov.co'),
  ( 812  , 'WILFRAN CAMILO OCORO BALANTA' ,  STR_TO_DATE('1-05-2016', '%d-%m-%Y'), STR_TO_DATE('31-12-2015', '%d-%m-%Y'), 3188762017, 'camiloocoro@gmail.com', 'CARLOS AUGUSTO TOBAR', 3006940720, 'educacion@puertotejada-cauca.gov.co'),
  ( 813  , 'samuel balanta vasquez' ,  STR_TO_DATE('12-05-2015', '%d-%m-%Y'), STR_TO_DATE('31-12-2016', '%d-%m-%Y'), 3163579818, 'sb23071@hotmail.com', 'carlos arrechea', 3116308199, 'sistemas@santanderdequilichao-cauca.gov.co'),
  ( 814  , 'Jeison Velazquez' ,  STR_TO_DATE('3-08-2016', '%d-%m-%Y'), STR_TO_DATE('31-12-2016', '%d-%m-%Y'), 3013251097, 'yeisondiaz08@gmail.com', 'Alvaro José Rosado', 3153352957, 'tic@cesar.gov.co'),
  ( 815  , 'Kevin Smith Barros Martinez' ,  STR_TO_DATE('16-08-2016', '%d-%m-%Y'), STR_TO_DATE('31-12-2016', '%d-%m-%Y'), 3004052358, 'barroskevin5@gmail.com', 'Jhader Cano Martinez', 3225694319, 'jcano@monteria.gov.co'),
  ( 816  , 'Nelson Sabogal Rojas' ,  STR_TO_DATE('4-01-2016', '%d-%m-%Y'), STR_TO_DATE('30-12-2016', '%d-%m-%Y'), 3163318094, 'contactenos@sanantonio-tolima.gov.co', 'Carlos Lozano Perdomo', 3108767713, 'educacion@sanantonio-tolima.gov.co'),
  ( 817  , 'JORGE  DARIO    RODRIGUEZ   BELTRAN' ,  STR_TO_DATE('1-08-2016', '%d-%m-%Y'), STR_TO_DATE('30-12-2016', '%d-%m-%Y'), 3209751598, 'pvdigital@tibacuy-cundinamarca.gov.co', 'ALCALDIA MUNICIPAL', 8668158, 'alcaldia@tibacuy-cundinamarca.gov.co'),
  ( 818  , 'JOSE ALFREDO RAMIREZ PRADA' ,  STR_TO_DATE('1-01-2016', '%d-%m-%Y'), STR_TO_DATE('31-12-2016', '%d-%m-%Y'), 3124470501, 'jose.ramirez6250@correo.policia.gov.co', 'OSCAR ANDRES OSORIO SOTO', 3182657253, 'oscar.osorio1212@correo.policia.gov.co'),
  ( 819  , 'Cesar Augusto Sanchez Carvajal' ,  STR_TO_DATE('13-01-2016', '%d-%m-%Y'), STR_TO_DATE('31-12-2016', '%d-%m-%Y'), 3227175992, 'cesartrabajo2016@gmail.com', 'Alcaldía Municipal de Santa Isabel', 3183940283, 'alcaldia@santaisabel-tolima.gov.co'),
  ( 820  , 'Carlos Danilo Amador Velasco ' ,  STR_TO_DATE('27-09-2016', '%d-%m-%Y'), STR_TO_DATE('26-12-2016', '%d-%m-%Y'), 3108688588, 'carlosdaniloamador@hotmail.com', 'Rafael Balaguera Bonitto ', 3168737374, 'sistemas.santafe@gobiernobogota.gov.co'),
  ( 821  , 'DIANA ALEXANDRA CASTRO MENDEZ' ,  STR_TO_DATE('2-05-2016', '%d-%m-%Y'), STR_TO_DATE('31-12-2016', '%d-%m-%Y'), 3208508572, 'dialcame1988@gmail.com', 'DIANA ALEXANDRA CASTRO MENDEZ', 3233634543, 'pvdtocaima@gmail.com'),
  ( 822  , 'CAROLINA CARDONA GONZALEZ' ,  STR_TO_DATE('1-02-2016', '%d-%m-%Y'), STR_TO_DATE('30-11-2016', '%d-%m-%Y'), 3105675509, 'vivedigitaltopaipi@gmail.com', 'Hector Eliecer Bacares Sierra', 3138884062, 'planeacion@topaipi-cundinamarca.gov.co'),
  ( 823  , 'Amparo Gonzalez' ,  STR_TO_DATE('17-08-2016', '%d-%m-%Y'), STR_TO_DATE('30-12-2016', '%d-%m-%Y'), 3142228118, 'amparojudith@gmail.com', 'Ruben Bejarano', 3184152857, 'jacurbanadeubala_ubala@hotmail.com'),
  ( 824  , 'LUCY YANIRA MARTINEZ URREGO' ,  STR_TO_DATE('15-02-2016', '%d-%m-%Y'), STR_TO_DATE('7-12-2016', '%d-%m-%Y'), 3202403288, 'tatomar04@hotmail.com', 'ALCALDÍA UBALA ', 3103135476, 'cultura@ubala-cundinamarca.gov.co'),
  ( 826  , 'LEIDER SMITH MONTERO ALFARO' ,  STR_TO_DATE('9-06-2016', '%d-%m-%Y'), STR_TO_DATE('31-12-2016', '%d-%m-%Y'), 3008192412, 'pvdbibliotecapadilla@gmail.com', 'JOSÉ DE JESÚS GÁMEZ PIMIENTA', 3012040963, 'alcaldia@riohacha-laguajira.gov.co'),
  ( 828  , 'HECTOR CALDERON' ,  STR_TO_DATE('14-03-2016', '%d-%m-%Y'), STR_TO_DATE('13-10-2016', '%d-%m-%Y'), 3214126335, 'PVD@ACACIAS.GOV.CO', 'OSCAR GUARNIZO', 3164609197, 'TIC@ACACIAS-META.GOV.CO'),
  ( 829  , 'Carlos Eduardo Moreno Chon' ,  STR_TO_DATE('01-01-2016', '%d-%m-%Y'), STR_TO_DATE('01-01-2016', '%d-%m-%Y'), 3202525015, 'carsmoren86@gmail.com', '', 1 , ''),
  ( 830  , 'bernardo santamaria tellez' ,  STR_TO_DATE('2-05-2016', '%d-%m-%Y'), STR_TO_DATE('29-12-2016', '%d-%m-%Y'), 3213457135, 'bernardosantamariat@hotmail.com', 'jeisson garcia', 3007843890, 'sistemas@villavicencio.gov.co'),
  ( 831  , 'Yimmy Alexander Posso Bravo' ,  STR_TO_DATE('1-05-2016', '%d-%m-%Y'), STR_TO_DATE('31-12-2016', '%d-%m-%Y'), 3177382505, 'y.a.p.b250@gmail.com', 'Luisa María Ramírez Riascos', 3015618202, 'lumara206@gmail.com'),
  ( 832  , 'Karol Silvana Muño Moreno ' ,  STR_TO_DATE('15-06-2016', '%d-%m-%Y'), STR_TO_DATE('15-12-2016', '%d-%m-%Y'), 3013221206, 'munosmoreno1997@gmail.com', 'Jhonatan Huertas ', 3013706039, 'sistemasdeinformacion@pasto.gov.co'),
  ( 833  , 'joan jair rodriguez ortiz' ,  STR_TO_DATE('30-04-2016', '%d-%m-%Y'), STR_TO_DATE('30-12-2016', '%d-%m-%Y'), 3152893763, 'j.jair1992@gmail.com', 'alcaldia de municipal de tumaco', 7271201, 'contactenos@tumaco-narino.gov.co'),
  ( 834  , 'Yamileyny Gutierrez Lozada' ,  STR_TO_DATE('5-05-2016', '%d-%m-%Y'), STR_TO_DATE('4-10-2016', '%d-%m-%Y'), 3209351002, 'Yasmile1217@hotmail.com', 'Paola Montenegro', 3013164807, 'yepa0026@gmail.com'),
  ( 835  , 'Juan David Moreno Gonzalez' ,  STR_TO_DATE('1-03-2016', '%d-%m-%Y'), STR_TO_DATE('30-12-2016', '%d-%m-%Y'), 3122787098, 'sistemas@viani-cundinamarca.gov.co', 'Oscar Rodrigo Barreto', 3223482352, 'planeacion@viaqni-cundinamarca.gov.co'),
  ( 836  , 'DERLY CONSTANZA HEREDIA SERRANO' ,  STR_TO_DATE('3-02-2016', '%d-%m-%Y'), STR_TO_DATE('30-12-2016', '%d-%m-%Y'), 3213213660, 'derlyh17@hotmail.com', 'NELSON FABIAN LÓPEZ BARRERO', 3105105173, 'gobierno@villapinzon-cundinamarca.gov.co'),
  ( 837  , 'CARLOS JULIO RODRIGUEZ FLORES' ,  STR_TO_DATE('18-05-2016', '%d-%m-%Y'), STR_TO_DATE('23-12-2016', '%d-%m-%Y'), 3204455471, 'neptuna25@hotmail.com', 'ALCALDIA MUNICIPAL VIOTA', 8349850, 'contactenos@viota-cundinamarca.gov.co'),
  ( 838  , 'ALBA INES LINARES BLANCO ' ,  STR_TO_DATE('19-01-2016', '%d-%m-%Y'), STR_TO_DATE('22-12-2016', '%d-%m-%Y'), 3144022296, 'nes2904@hotmail.com', 'ALCALDÍA YACOPI ', 85460092, 'alcaldia@yacopi-cundinamarca.gov.co'),
  ( 839  , 'ELIANA CONSTANZA MANRIQUE BAHAMON' ,  STR_TO_DATE('5-10-2016', '%d-%m-%Y'), STR_TO_DATE('31-12-2016', '%d-%m-%Y'), 3142195925, 'pvdtello@gmail.com', 'YANETH CECILIA MENESES', 3175106125, 'yaneth.meneses@huila.gov.co'),
  ( 840  , 'Maria Rojas' ,  STR_TO_DATE('8-04-2016', '%d-%m-%Y'), STR_TO_DATE('22-12-2016', '%d-%m-%Y'), 3112320303, 'marimar1519@hotmail.com', 'Carlos Mendoza', 3174302287, 'carlos.mendoza@barrancabermeja.gov.co'),
  ( 841  , 'Diana Carolina Peña Garcia' ,  STR_TO_DATE('8-07-2016', '%d-%m-%Y'), STR_TO_DATE('28-12-2016', '%d-%m-%Y'), 3158804638, 'pvdinem@bucaramanga.gov.co', 'Sergio Cajias', 3103493061, 'scajias@bucaramanga.gov.co'),
  ( 842  , 'Diego Ricardo Cordero Carrillo' ,  STR_TO_DATE('2-05-2016', '%d-%m-%Y'), STR_TO_DATE('30-12-2016', '%d-%m-%Y'), 3123850090, 'drcordero23@gmail.com', 'Francisco Javier Sequeda', 3005901401, 'delegadoterritorial@gmail.com'),
  ( 843  , 'Ricardo Alonso Vargas Ramírez' ,  STR_TO_DATE('12-09-2016', '%d-%m-%Y'), STR_TO_DATE('6-12-2016', '%d-%m-%Y'), 3202777865, 'pvdgiron1@gmail.com', 'Jorge Castro', 3152112420, 'tic@giron-santander.gov.co'),
  ( 844  , 'William Ricardo Rueda Patiño' ,  STR_TO_DATE('14-10-2016', '%d-%m-%Y'), STR_TO_DATE('29-12-2016', '%d-%m-%Y'), 3013157352, 'ricardo.rueda7@gmail.com', 'Alcaldía de piedecuesta - Secretaria de Educacion', 6561529, 'contacto@alcaldiadepiedecuesta.gov.co'),
  ( 845  , 'OSCAR ALONSO VIZCAYA RODRIGUEZ' ,  STR_TO_DATE('12-05-2016', '%d-%m-%Y'), STR_TO_DATE('1-12-2016', '%d-%m-%Y'), 3173785886, 'pvdsangil01@gmail.com', 'ELISA ISENIA SANTOS MORALES', 3168305338, 'educacion@sangil.gov.co'),
  ( 846  , 'Keyla Andrea Beleño Suarez' ,  STR_TO_DATE('3-08-2016', '%d-%m-%Y'), STR_TO_DATE('3-04-2016', '%d-%m-%Y'), 3012571627, 'w.keila.y@gmail.com', 'Lorena Fortich Tulena', 3007946323, 'lfortich@gmail.com'),
  ( 848  , 'julian patricia bent forbes' ,  STR_TO_DATE('16-05-2016', '%d-%m-%Y'), STR_TO_DATE('16-09-2016', '%d-%m-%Y'), 3175349984, 'pvdplus1sanandres@gmail.com', 'gobernacion departamental', 385130801, 'cmendoza@sanandres.gove.co'),
  ( 849  , 'edwward quiñones valenzuela' ,  STR_TO_DATE('14-04-2016', '%d-%m-%Y'), STR_TO_DATE('31-12-2016', '%d-%m-%Y'), 3187299503, 'edwquiv@gmail.com', 'Jader Barahona', 3187299503, 'jbarahona2001@yahoo.com'),
  ( 850  , 'Sonia Estupiñan Segura' ,  STR_TO_DATE('12-08-2013', '%d-%m-%Y'), STR_TO_DATE('30-12-2016', '%d-%m-%Y'), 3012260989, 'sonia.estupinan@cali.gov.co', 'Fabiola Gonzalez', 6677400, 'fabiola.gonzalez@cali.gov.co'),
  ( 851  , 'Rosa Maribel Angulo Mosquera' ,  STR_TO_DATE('21-07-2016', '%d-%m-%Y'), STR_TO_DATE('30-12-2016', '%d-%m-%Y'), 3137368699, 'maribel1110@gmail.com', 'Fabiola Gonzalez', 8982014-15, 'fabiola.gonzalez@cali.gov.co'),
  ( 852  , 'NELSON GUSTAVO RODRIGUEZ GARCES' ,  STR_TO_DATE('2-05-2016', '%d-%m-%Y'), STR_TO_DATE('31-12-2016', '%d-%m-%Y'), 3162971167, 'tabogus1960@gmail.com', 'WILSON ADIER GARCIA', 3162548186, 'tic@buga.gov.co'),
  ( 853  , 'Luis Enrique Puccini' ,  STR_TO_DATE('27-03-2013', '%d-%m-%Y'), STR_TO_DATE('31-12-2017', '%d-%m-%Y'), 3175662753, 'puccinigallego@gmail.com', 'Maria Rosario tasama', 3175662753, 'maria.tasama@palmira.gov.co'),
  ( 854  , 'ANA MILENA PADILLA CERON' ,  STR_TO_DATE('2-05-2016', '%d-%m-%Y'), STR_TO_DATE('31-12-2016', '%d-%m-%Y'), 3153970721, 'pvdspc@fundatic.co', 'ALCALDIA MUNICIPAL', 3103810086, 'pvdtulua@fundatic.co'),
  ( 855  , 'diana carolina ramirez' ,  STR_TO_DATE('1-05-2016', '%d-%m-%Y'), STR_TO_DATE('23-12-2016', '%d-%m-%Y'), 3174080382, 'dianita-ramirez@hotmail.com', 'Felipe ramos ', 3206829392, 'luisfer@hotmail.com'),
  ( 856  , 'ZOILA ELENA CAMPO GONZALEZ' ,  STR_TO_DATE('1-02-2016', '%d-%m-%Y'), STR_TO_DATE('31-12-2016', '%d-%m-%Y'), 3002802867, 'ele1006@hotmail.com', 'carlos escalante', 3168300902, 'cescalante@barranquilla.gov.co'),
  ( 857  , 'paula daniela prada salcedo' ,  STR_TO_DATE('1-08-2016', '%d-%m-%Y'), STR_TO_DATE('30-11-2016', '%d-%m-%Y'), 3187392316, 'paudany_9504@hotmail.com', 'diego alexander suarez quimbayo ', 3213512364, 'planeacion@suarez-tolima.gov.com'),
  ( 858  , 'JHON FREDY BRIÑEZ BOTERO' ,  STR_TO_DATE('5-01-2016', '%d-%m-%Y'), STR_TO_DATE('31-10-2016', '%d-%m-%Y'), 3102875211, 'pvdvillahermosa1@gmail.com', 'EIMY LORENA VALENCIA ARBELAEZ', 3202941407, 'saludeducacion@villahermosa-tolima.gov.co'),
  ( 859  , 'Ana Karina Vargas' ,  STR_TO_DATE('16-02-2015', '%d-%m-%Y'), STR_TO_DATE('31-12-2016', '%d-%m-%Y'), 3152748233, 'vivedigitalsuba@gmail.com', 'Luis Rojas', 3174269682, 'ssuba@gobiernobogota.gov.co'),
  ( 860  , 'Carlos Augusto Salazar' ,  STR_TO_DATE('1-07-2016', '%d-%m-%Y'), STR_TO_DATE('1-11-2016', '%d-%m-%Y'), 3132601392, 'pvdpluszipaquira@gmail.com', 'Victor Fabian Contreras Martin', 3003687801, 'fabian.contreras@zipaquira.gov.co'),
  ( 862  , 'KAREN DAYANA ROJAS MOTTA' ,  STR_TO_DATE('01-01-2016', '%d-%m-%Y'), STR_TO_DATE('01-01-2016', '%d-%m-%Y'), 3176205673, 'krenrojas15@gmail.com', '', 1 , ''),
  ( 863  , 'hernando jose cabrera fuenmayor' ,  STR_TO_DATE('6-01-2016', '%d-%m-%Y'), STR_TO_DATE('31-12-2016', '%d-%m-%Y'), 3016259130, 'liceopadillaplus@gmail.com', 'jose de jesus gamez pimienta', 3012040963, 'jj2gamez315@gmail.com'),
  ( 864  , 'yudy johana rubiano' ,  STR_TO_DATE('5-10-2016', '%d-%m-%Y'), STR_TO_DATE('25-10-2016', '%d-%m-%Y'), 3144725305, 'yudy.rubiano@gmail.com', 'Ana Maria guevara', 3142267809, 'desarrolloeconomicoysocial@guamal-meta.gov.co'),
  ( 865  , 'ANDRES LUGO REALES' ,  STR_TO_DATE('26-02-2013', '%d-%m-%Y'), STR_TO_DATE('30-12-2016', '%d-%m-%Y'), 3043846338, 'pvdpluscucuta@gmail.com', 'Andres Alfonso Lugo Reales', 3043846338, 'halo.andri@hotmail.com'),
  ( 866  , 'FABIAN ANDRES ARAUJO CUENCA' ,  STR_TO_DATE('13-09-2016', '%d-%m-%Y'), STR_TO_DATE('31-12-2016', '%d-%m-%Y'), 3182460682, 'araujo313@hotmail.com', 'YANETH CECILIA MENESES', 3175106125, 'yaneth.meneses@huila.gov.co'),
  ( 867  , 'julian patricia bent forbes' ,  STR_TO_DATE('16-08-2016', '%d-%m-%Y'), STR_TO_DATE('16-09-2016', '%d-%m-%Y'), 3175349984, 'pvdplus1sanandres@gmail.com', 'gobernacion departamental san andres isla', 385130801, 'cmendoza@sanandres.gov'),
  ( 868  , 'Maribel Gallo Díaz' ,  STR_TO_DATE('8-07-2016', '%d-%m-%Y'), STR_TO_DATE('27-12-2016', '%d-%m-%Y'), 3162427261, 'pvdnaldecomercio@bucaramanga.gov.co', 'Javier Cáceres', 3156850212, 'jcaceres@bucaramanga.gov.co'),
  ( 869  , 'juan carlos morales. carlos mario lopez' ,  STR_TO_DATE('5-05-2016', '%d-%m-%Y'), STR_TO_DATE('5-10-2016', '%d-%m-%Y'), 3115276700, 'jcmorales0903@gmail.com', 'carlos mendoza', 3174302287, 'carlos.mendoza@barrancabermeja.gov.co'),
  ( 870  , 'Víctor Hugo Salazar Zapata' ,  STR_TO_DATE('1-06-2016', '%d-%m-%Y'), STR_TO_DATE('30-12-2016', '%d-%m-%Y'), 3166971557, 'victor.salazar@cali.gov.co', 'esteban oliberos montoya', 6677400, 'esteban.oliveros@cali.gov.co'),
  ( 871  , 'Miguel Enrique Garcia Ruiz ' ,  STR_TO_DATE('24-05-2016', '%d-%m-%Y'), STR_TO_DATE('8-11-2016', '%d-%m-%Y'), 3196317075, 'Menriquegarcia05@gmail.com', 'Alcaldia ', 3225694319, 'jcano@monteria.gov.com'),
  ( 872  , 'HAROLD ALEXANDER VILLOTA CASTILLO' ,  STR_TO_DATE('12-01-2016', '%d-%m-%Y'), STR_TO_DATE('30-09-2016', '%d-%m-%Y'), 3182218484, 'harolvillota@gmail.com', 'HAROLD ALEXANDER VILLOTA CASTILLO', 3182218484, 'harolvillota@gmail.com');

/*Table EJECUTOR*/
insert into EJECUTOR (K_IDEJECUTOR, N_NAME)
  values (1, 'Alcaldía de Abejorral'),
(2, 'Alcaldía de Alejandría'),
(3, 'Alcaldía de Amagá'),
(4, 'Alcaldía de Amalfi'),
(5, 'Alcaldía de Anza'),
(6, 'Alcaldía de Apartadó'),
(7, 'Alcaldía de Apartadó'),
(8, 'Alcaldía de Barbosa Antioquia'),
(9, 'Alcaldía de Bello'),
(10, 'Policia Nacional'),
(11, 'Alcaldía de Bello'),
(12, 'Alcaldía de Bello'),
(13, 'Alcaldía de Briceño Antioquia'),
(14, 'Alcaldía de Caracolí'),
(15, 'Alcaldía de Caramanta'),
(16, 'Alcaldía de Caucasia'),
(17, 'Alcaldía de Copacabana'),
(18, 'Alcaldía de Copacabana'),
(19, 'Alcaldía de Don Matias'),
(20, 'Alcaldía De Don Matias'),
(21, 'Alcaldía de El Santuario'),
(22, 'Alcaldía de Envigado'),
(23, 'Alcaldía de Girardota'),
(24, 'Alcaldía de Guatapé'),
(25, 'Alcaldía de Heliconia'),
(26, 'Alcaldía de Hispania'),
(27, 'Alcaldía de Itagüí'),
(28, 'Alcaldía de Itagüí'),
(29, 'Alcaldía de Baranoa'),
(30, 'Alcaldía de Barranquilla'),
(31, 'Alcaldía de Luruaco'),
(32, 'Alcaldía de Ponedera'),
(33, 'Alcaldía de Puerto Colombia'),
(34, 'Alcaldía de Soledad'),
(35, 'Policia Nacional'),
(36, 'Alcaldía de Cartagena'),
(37, 'Policia Nacional'),
(38, 'Alcaldía de Valledupar'),
(39, 'Alcaldía de Valledupar'),
(40, 'Policia Nacional'),
(41, 'Alcaldía de Valledupar'),
(42, 'Alcaldía de Chinú'),
(43, 'Alcaldía de Montelibano'),
(44, 'Policia Nacional'),
(45, 'Alcaldía de Monteria'),
(46, 'Alcaldía de Monteria'),
(47, 'Alcaldía de Sahagún'),
(48, 'Alcaldía de San Antero'),
(49, 'Alcaldía de San Pelayo'),
(50, 'Alcaldía de Tierralta'),
(51, 'Alcaldía de Riohacha'),
(52, 'Alcaldía de Riohacha'),
(53, 'Alcaldía de Cienaga'),
(54, 'Policia Nacional'),
(55, 'Policia Nacional'),
(56, 'Alcaldía de Coveñas'),
(57, 'Policia Nacional'),
(58, 'Alcaldía de Patia'),
(59, 'Alcaldía de Popayán'),
(60, 'Policia Nacional'),
(61, 'Alcaldía de Popayán'),
(62, 'Alcaldía de Puerto Tejada'),
(63, 'Alcaldía de Albán'),
(64, 'Alcaldía de Belén'),
(65, 'Alcaldía de Buesaco'),
(66, 'Alcaldía de Chachagüí'),
(67, 'Alcaldía de Colón'),
(68, 'Alcaldía de Contadero'),
(69, 'Alcaldía de Cuaspud'),
(70, 'Alcaldía de Cumbal'),
(71, 'Alcaldía de El Peñol Nariño'),
(72, 'Alcaldía de El Tambo'),
(73, 'Alcaldía de Funes'),
(74, 'Alcaldía de Guachucal'),
(75, 'Alcaldía de Gualmatán'),
(76, 'Alcaldía de Iles'),
(77, 'Unimos S.A E.S.P '),
(78, 'Alcaldía de La Cruz'),
(79, 'Alcaldía de La Florida'),
(80, 'Alcaldía de La Unión'),
(81, 'Alcaldía de Nariño'),
(82, 'Alcaldía de Ospina'),
(83, 'Alcaldía de Pasto'),
(84, 'Alcaldía de Pasto'),
(85, 'Alcaldía de Pasto'),
(86, 'Alcaldía de Pasto'),
(87, 'Policia Nacional'),
(88, 'Alcaldía de Puerres'),
(89, 'Alcaldía de Pupiales'),
(90, 'Alcaldía de San Bernardo Nariño'),
(91, 'Alcaldía de San Lorenzo'),
(92, 'Alcaldía de San Pablo'),
(93, 'Alcaldía de Sandona'),
(94, 'Alcaldía de Tangua'),
(95, 'Alcaldía de Tuquerres'),
(96, 'Alcaldía de Yacuanquer'),
(97, 'Alcaldía de Alcalá'),
(98, 'Alcaldía de Caicedonia'),
(99, 'Alcaldía de Cali'),
(100, 'Alcaldía de Cali'),
(101, 'Alcaldía de Cali'),
(102, 'Alcaldía de Cali'),
(103, 'Alcaldía de Cali'),
(104, 'Alcaldía de Cali'),
(105, 'Alcaldía de Cali'),
(106, 'Alcaldía de Cali'),
(107, 'Alcaldía de Cali'),
(108, 'Alcaldía de Cali'),
(109, 'Alcaldía de Cali'),
(110, 'Alcaldía de Cali'),
(111, 'Alcaldía de Cali'),
(112, 'Alcaldía de Cali'),
(113, 'Policia Nacional'),
(114, 'Alcaldía de Cali'),
(115, 'Alcaldía de Cali'),
(116, 'Alcaldía de Cali'),
(117, 'Alcaldía de Cali'),
(118, 'Alcaldía de Cali'),
(119, 'Alcaldía de Cali'),
(120, 'Alcaldía de Candelaria'),
(121, 'Alcaldía de Dagua'),
(122, 'Alcaldía de Florida Valle'),
(123, 'Alcaldía de La Victoria'),
(124, 'Alcaldía de Palmira'),
(125, 'Alcaldía de Pradera'),
(126, 'Alcaldía de Roldanillo'),
(127, 'Alcaldía de Sevilla'),
(128, 'Alcaldía de Toro'),
(129, 'Alcaldía de Tuluá'),
(130, 'Policia Nacional'),
(131, 'Alcaldía de Zarzal'),
(132, 'Alcaldía de Itagüí'),
(133, 'Alcaldía de La Estrella'),
(134, 'Alcaldía de Liborina'),
(135, 'Alcaldía de Marinilla'),
(136, 'Universidad Nacional De Colombia'),
(137, 'Alcaldía de Medellín - Secretaría de Participación Ciudadana'),
(138, 'Alcaldía de Medellín - Secretaría de Educación'),
(139, 'Alcaldía de Montebello'),
(140, 'Alcaldía de Mongua'),
(141, 'Alcaldía de Mutatá'),
(142, 'Alcaldía de Nariño Antioquia'),
(143, 'Alcaldía de El Peñol'),
(144, 'Alcaldía de El Peñol'),
(145, 'Gobernación de Caldas'),
(146, 'Alcaldía de Aranzazu'),
(147, 'Alcaldía de Chinchiná'),
(148, 'Alcaldía de Chinchiná'),
(149, 'Gobernación de Caldas'),
(150, 'Alcaldía de La Dorada'),
(151, 'Alcaldía de La Merced'),
(152, 'Policia Nacional'),
(153, 'Policia Nacional'),
(154, 'Alcaldía de Manizales - Secretaría de Educación'),
(155, 'Alcaldía de Manizales - Secretaria Desarrollo Social'),
(156, 'Alcaldía de Manizales - Secretaría de Educación'),
(157, 'Gobernación de Caldas'),
(158, 'Alcaldía de Marmato'),
(159, 'Alcaldía de Marquetalia'),
(160, 'Alcaldía de Neira'),
(161, 'Alcaldía de Palestina'),
(162, 'Alcaldía de Palestina'),
(163, 'Alcaldía de Riosucio'),
(164, 'Alcaldía de Armenia'),
(165, 'Alcaldía de Armenia'),
(166, 'Alcaldía de Armenia'),
(167, 'Alcaldía de Armenia'),
(168, 'Alcaldía de Armenia'),
(169, 'Alcaldía de Armenia'),
(170, 'Alcaldía de Armenia'),
(171, 'Policia Nacional'),
(172, 'Gobernación del Quindío'),
(173, 'Alcaldía de Armenia'),
(174, 'Alcaldía de Armenia'),
(175, 'Alcaldía de Armenia'),
(176, 'Sena Armenia'),
(177, 'Alcaldía de Armenia'),
(178, 'Gobernación del Quindío'),
(179, 'Gobernación del Quindío'),
(180, 'Gobernación del Quindío'),
(181, 'Gobernación del Quindío'),
(182, 'Alcaldía de Circasia'),
(183, 'Gobernación del Quindío'),
(184, 'Gobernación del Quindío'),
(185, 'Alcaldía de Apía'),
(186, 'Alcaldía de Balboa'),
(187, 'Alcaldía de Belén de Umbría'),
(188, 'Gobernación de Risaralda'),
(189, 'Alcaldía de Dosquebradas'),
(190, 'Alcaldía de Dosquebradas'),
(191, 'Alcaldía de Dosquebradas'),
(192, 'Alcaldía de Dosquebradas'),
(193, 'Alcaldía de la Celia'),
(194, 'Alcaldía de La Virginia'),
(195, 'Alcaldía de Pereira'),
(196, 'Alcaldía de Pereira'),
(197, 'Alcaldía de Pereira'),
(198, 'Alcaldía de El Peñol'),
(199, 'Alcaldía de Puerto Berrío'),
(200, 'Alcaldía de Rionegro'),
(201, 'Fuerza Aérea'),
(202, 'Alcaldía de Rionegro'),
(203, 'Alcaldía de Sabaneta'),
(204, 'Alcaldía de San Andrés de Cuerquia'),
(205, 'Alcaldía de San Jerónimo'),
(206, 'Alcaldía de San Jose de la Montaña'),
(207, 'Alcaldía de San Juan de Uraba'),
(208, 'Alcaldía de San Rafael'),
(209, 'Alcaldía de San Roque'),
(210, 'Alcaldía de San Vicente Ferrer'),
(211, 'Alcaldía de Santa Rosa de Osos'),
(212, 'Alcaldía de Segovia'),
(213, 'Alcaldía de Risaralda'),
(214, 'Alcaldía de Salamina'),
(215, 'Alcaldía de San José'),
(216, 'Alcaldía de Chiquinquirá'),
(217, 'Alcaldía de Duitama'),
(218, 'SENA BOYACÁ'),
(219, 'Alcaldía de Moniquirá'),
(220, 'SENA BOYACÁ'),
(221, 'Alcaldía de Sogamoso'),
(222, 'Policia Nacional'),
(223, 'Inpec'),
(224, 'Alcaldía de Villa de Leyva'),
(225, 'Alcaldía de Supía'),
(226, 'Gobernación de Caldas'),
(227, 'Alcaldía de Quibdó'),
(228, 'Gobernación del Chocó'),
(229, 'Gobernación del Chocó'),
(230, 'Alcaldía de Córdoba'),
(231, 'Gobernación del Quindío'),
(232, 'Alcaldía de Filandia'),
(233, 'Gobernación del Quindío'),
(234, 'Gobernación del Quindío'),
(235, 'Gobernación del Quindío'),
(236, 'Gobernación del Quindío'),
(237, 'Alcaldía de Montenegro'),
(238, 'Gobernación del Quindío'),
(239, 'Gobernación del Quindío'),
(240, 'Gobernación del Quindío'),
(241, 'Gobernación del Quindío'),
(242, 'Alcaldía de Quimbaya'),
(243, 'Gobernación del Quindío'),
(244, 'Gobernación del Quindío'),
(245, 'Policia Nacional'),
(246, 'Alcaldía de Pereira'),
(247, 'Alcaldía de Pereira'),
(248, 'Alcaldía de Pereira'),
(249, 'Alcaldía de Pereira'),
(250, 'Gobernación de Risaralda'),
(251, 'Alcaldía de Santa Rosa de Cabal'),
(252, 'Gobernación de Risaralda'),
(253, 'Gobernación del Chocó'),
(254, 'Alcaldía de Sonsón'),
(255, 'Alcaldía de Támesis'),
(256, 'Alcaldía de Támesis'),
(257, 'Alcaldía de Tarso'),
(258, 'Alcaldía de Turbo'),
(259, 'Alcaldía de Urrao'),
(260, 'Alcaldía de Valparaíso'),
(261, 'Alcaldía de Vigía del Fuerte'),
(262, 'Alcaldía de Yalí'),
(263, 'Alcaldía de Yarumal'),
(264, 'Alcaldía de Yondó'),
(265, 'Alcaldía de Villamaria'),
(266, 'Alcaldía de Salento'),
(267, 'Gobernación de Risaralda'),
(268, 'Gobernación de Risaralda'),
(269, 'Alcaldía de Viterbo'),
(270, 'Gobernación del Quindío'),
(271, 'Alcaldía de Consaca'),
(272, 'Alcaldía de Linares'),
(273, 'Alcaldía de Nariño'),
(274, 'Alcaldía de Ospina'),
(275, 'Ipes'),
(276, 'Ipes'),
(277, 'Policia Nacional'),
(278, 'Policia Nacional'),
(279, 'Idpac'),
(280, 'Policia Nacional'),
(281, 'Policia Nacional'),
(282, 'Alcaldía Local Engativa'),
(283, 'Secretaría de Gobierno de Bogotá'),
(284, 'Secretaria de Ambiente de Bogotá'),
(285, 'Uaesp'),
(286, 'Policia Nacional'),
(287, 'Idpac'),
(288, 'Secretaria de Salud de Bogotá'),
(289, 'Gobernación de Caquetá'),
(290, 'Gobernación de Caquetá'),
(291, 'Alcaldía de Anapoima'),
(292, 'Alcaldía de Apulo'),
(293, 'Gobernación de Cundinamarca'),
(294, 'Alcaldía de Bojacá'),
(295, 'Gobernación de Cundinamarca'),
(296, 'Alcaldía de Cachipay'),
(297, 'Gobernación de Cundinamarca'),
(298, 'Alcaldía de Caqueza'),
(299, 'Gobernación de Cundinamarca'),
(300, 'Alcaldía de Chía'),
(301, 'Alcaldía de Chipaque'),
(302, 'Gobernación de Cundinamarca'),
(303, 'Gobernación de Cundinamarca'),
(304, 'Gobernación de Cundinamarca'),
(305, 'Alcaldía de El Colegio'),
(306, 'Policia Nacional'),
(307, 'Alcaldía de Facatativá'),
(308, 'Ejercito Nacional'),
(309, 'Alcaldía de Facatativá'),
(310, 'Gobernación de Cundinamarca'),
(311, 'Alcaldía de Funza'),
(312, 'Gobernación de Cundinamarca'),
(313, 'Alcaldía de Fusagasugá'),
(314, 'Alcaldía de Fusagasugá'),
(315, 'Alcaldía de Fusagasugá'),
(316, 'Alcaldía de Andalucía'),
(317, 'Alcaldía de Anserma Nuevo'),
(318, 'Alcaldía de Argelia'),
(319, 'Alcaldía de Bolivar'),
(320, 'Alcaldía de Bugalagrande'),
(321, 'Alcaldía de Bugalagrande'),
(322, 'Alcaldía de Cartago'),
(323, 'Alcaldía de Cartago'),
(324, 'Alcaldía de El Cerrito Valle'),
(325, 'Alcaldía de Jamundí'),
(326, 'Alcaldía de Jamundí'),
(327, 'Alcaldía de Palmira'),
(328, 'Alcaldía de Restrepo Valle'),
(329, 'Alcaldía de Tuluá'),
(330, 'Alcaldía de Versalles'),
(331, 'Alcaldía de Vijes'),
(332, 'Alcaldía de Yotoco'),
(333, 'Alcaldía de Yumbo'),
(334, 'Alcaldía de Yumbo'),
(335, 'Alcaldía de Arauca'),
(336, 'Alcaldía de Barranquilla'),
(337, 'Alcaldía de Barranquilla'),
(338, 'Alcaldía de Barranquilla'),
(339, 'Alcaldía de Puerto Colombia'),
(340, 'Alcaldía de Fusagasugá'),
(341, 'Alcaldía de Gachalá'),
(342, 'Armada Nacional'),
(343, 'Alcaldía de Cartagena'),
(344, 'Alcaldía de Cartagena'),
(345, 'Alcaldía de Clemencia'),
(346, 'Alcaldía de Almeida'),
(347, 'Alcaldía de Aquitania'),
(348, 'Alcaldía de Belén Boyacá'),
(349, 'Alcaldía de Boavita'),
(350, 'Alcaldía de Boyacá'),
(351, 'Alcaldía de Briceño Boyacá'),
(352, 'Alcaldía de Campohermoso'),
(353, 'Alcaldía de Cerinza'),
(354, 'Alcaldía de Chiscas'),
(355, 'Alcaldía de Chivor'),
(356, 'Alcaldía de Cienega'),
(357, 'Alcaldía de Coper'),
(358, 'Alcaldía de Cucaita'),
(359, 'Alcaldía de Firavitoba'),
(360, 'Alcaldía de Gachantiva'),
(361, 'Alcaldía de Garagoa'),
(362, 'Alcaldía de Guateque'),
(363, 'Alcaldía de Guayata'),
(364, 'Alcaldía de Guican'),
(365, 'Alcaldía de Iza'),
(366, 'Alcaldía de La Uvita'),
(367, 'Alcaldía de Macanal'),
(368, 'Alcaldía de Maripi'),
(369, 'Alcaldía de Muzo'),
(370, 'Alcaldía de Nobsa'),
(371, 'Alcaldía de Pachavita'),
(372, 'Alcaldía de Paez'),
(373, 'Alcaldía de Pesca'),
(374, 'Alcaldía de Puerto Boyacá'),
(375, 'Alcaldía de Quipama'),
(376, 'Alcaldía de San José de Pare'),
(377, 'Alcaldía de San Miguel de Sema'),
(378, 'Alcaldía de Santa Rosa de Viterbo'),
(379, 'Alcaldía de Siachoque'),
(380, 'Alcaldía de Sora'),
(381, 'Alcaldía de Sotaquira'),
(382, 'Alcaldía de Susacon'),
(383, 'Alcaldía de Tenza'),
(384, 'Alcaldía de Toca'),
(385, 'Alcaldía de Tota'),
(386, 'Alcaldía de Turmequé'),
(387, 'Alcaldía de Tuta'),
(388, 'Alcaldía de Tutaza'),
(389, 'Alcaldía de Umbita'),
(390, 'Alcaldía de Aguazul'),
(391, 'Alcaldía de Maní'),
(392, 'Alcaldía de Monterrey'),
(393, 'Alcaldía de Monterrey'),
(394, 'Alcaldía de Nunchia'),
(395, 'Alcaldía de Paz de Ariporo'),
(396, 'Alcaldía de Pore'),
(397, 'Alcaldía de Sabanalarga'),
(398, 'Alcaldía de San Luis de Palenque'),
(399, 'Alcaldía de Tauramena'),
(400, 'Alcaldia de Villanueva Casanare'),
(401, 'Alcaldía de Yopal'),
(402, 'Alcaldía de Valledupar'),
(403, 'Alcaldía de Ayapel'),
(404, 'Alcaldía de Momil'),
(405, 'Alcaldía de Puerto Escondido'),
(406, 'Alcaldía de Purísima'),
(407, 'Alcaldía de Valencia'),
(408, 'Alcaldía de Gachancipá'),
(409, 'Alcaldía de Distracción'),
(410, 'Alcaldía de Hatonuevo'),
(411, 'Alcaldía de La Jagua del Pilar'),
(412, 'Alcaldía de Maicao'),
(413, 'Alcaldía de Manaure'),
(414, 'Alcaldía de Castilla La Nueva'),
(415, 'Alcaldía de Puerto Gaitán'),
(416, 'Alcaldía de San Martin'),
(417, 'Alcaldía de Villavicencio'),
(418, 'Policia Nacional'),
(419, 'Gobernación de Norte de Santander'),
(420, 'Gobernación de Norte de Santander'),
(421, 'Alcaldía de Bochalema'),
(422, 'Gobernación de Norte de Santander'),
(423, 'Gobernación de Norte de Santander'),
(424, 'Gobernación de Norte de Santander'),
(425, 'Gobernación de Norte de Santander'),
(426, 'Policia Nacional'),
(427, 'Gobernación de Norte de Santander'),
(428, 'Gobernación de Norte de Santander'),
(429, 'Gobernación de Norte de Santander'),
(430, 'Gobernación de Norte de Santander'),
(431, 'Gobernación de Norte de Santander'),
(432, 'Gobernación de Norte de Santander'),
(433, 'Gobernación de Norte de Santander'),
(434, 'Alcaldía de Pamplona'),
(435, 'Alcaldía de Pamplonita'),
(436, 'Gobernación de Norte de Santander'),
(437, 'Gobernación de Norte de Santander'),
(438, 'Gobernación de Norte de Santander'),
(439, 'Gobernación de Norte de Santander'),
(440, 'Gobernación de Norte de Santander'),
(441, 'Alcaldía de Villa del Rosario'),
(442, 'Alcaldía de Gachetá'),
(443, 'Alcaldía de Gama'),
(444, 'Gobernación del Huila'),
(445, 'Alcaldía de Barbosa Santander'),
(446, 'Alcaldía de Barichara'),
(447, 'Alcaldía de Bucaramanga'),
(448, 'Alcaldía de Bucaramanga'),
(449, 'Alcaldía de Bucaramanga'),
(450, 'Alcaldía de Bucaramanga'),
(451, 'Alcaldía de Bucaramanga'),
(452, 'Policia Nacional'),
(453, 'Alcaldía de Cerrito Santander'),
(454, 'Alcaldía de Coromoro'),
(455, 'Alcaldía de El Carmen de Chucurí'),
(456, 'Alcaldía de Encino'),
(457, 'Alcaldía de Floridablanca'),
(458, 'Alcaldía de Guapotá'),
(459, 'Alcaldía de Landazuri'),
(460, 'Alcaldía de Ocamonte'),
(461, 'Alcaldía de Oiba'),
(462, 'Alcaldía de El Palmar'),
(463, 'Alcaldía de Puerto Parra'),
(464, 'Alcaldía de Rionegro Santander'),
(465, 'Alcaldía de Sabana De Torres'),
(466, 'Alcaldía de Santa Helena del Opon'),
(467, 'Alcaldía de Socorro'),
(468, 'Alcaldía de Suaita'),
(469, 'Alcaldía de Surata '),
(470, 'Alcaldía de Valle de San Jose '),
(471, 'Alcaldía de Velez'),
(472, 'Policia Nacional'),
(473, 'Alcaldía de Villanueva Santander'),
(474, 'Alcaldía de Zapatoca'),
(475, 'Alcaldía de Sampués'),
(476, 'Alcaldía de San Marcos'),
(477, 'Gobernación del Huila'),
(478, 'Gobernación del Huila'),
(479, 'Gobernación del Huila'),
(480, 'Gobernación del Huila'),
(481, 'Gobernación del Huila'),
(482, 'Gobernación del Huila'),
(483, 'Gobernación del Huila'),
(484, 'Alcaldia de Girardot'),
(485, 'Gobernación del Tolima'),
(486, 'Gobernación del Tolima'),
(487, 'Gobernación del Tolima'),
(488, 'Alcaldía de Armero'),
(489, 'Gobernación del Tolima'),
(490, 'Alcaldía de Ataco'),
(491, 'Gobernación del Tolima'),
(492, 'Gobernación del Tolima'),
(493, 'Armada Nacional'),
(494, 'Alcaldía de Barranquilla'),
(495, 'Alcaldía de Barranquilla'),
(496, 'Gobernación del Atlántico'),
(497, 'Gobernación del Atlántico'),
(498, 'Gobernación del Atlántico'),
(499, 'Gobernación del Atlántico'),
(500, 'Gobernación del Atlántico'),
(501, 'Gobernación del Atlántico'),
(502, 'Alcaldía de Soledad'),
(503, 'Alcaldía de Soledad'),
(504, 'Gobernación del Tolima'),
(505, 'Gobernación del Tolima'),
(506, 'Universidad del Tolima'),
(507, 'Gobernación del Tolima'),
(508, 'Alcaldía de Dolores'),
(509, 'Alcaldía de Cartagena'),
(510, 'Alcaldía de Cartagena'),
(511, 'Armada Nacional'),
(512, 'Gobernación de Bolivar'),
(513, 'Gobernación de Bolivar'),
(514, 'Gobernación de Bolivar'),
(515, 'Gobernación de Bolivar'),
(516, 'Alcaldía de Tunja'),
(517, 'Alcaldía de Tunja'),
(518, 'Alcaldía de Chiquinquirá'),
(519, 'Alcaldía de Chiquinquirá'),
(520, 'Alcaldía de Guateque'),
(521, 'Alcaldía de Nobsa'),
(522, 'Gobernación del Cauca'),
(523, 'Alcaldía de Paipa'),
(524, 'Alcaldía de Samacá'),
(525, 'Alcaldía de Sogamoso'),
(526, 'Alcaldía de Sogamoso'),
(527, 'Alcaldía de Sutatenza'),
(528, 'Alcaldía de Tasco'),
(529, 'Alcaldía de Togüi'),
(530, 'Gobernación del Tolima'),
(531, 'I.T.F.I.P.'),
(532, 'Alcaldía del Espinal'),
(533, 'Gobernación del Tolima'),
(534, 'Gobernación del Tolima'),
(535, 'I.T.F.I.P.'),
(536, 'Gobernación del Tolima'),
(537, 'I.T.F.I.P.'),
(538, 'Gobernación del Tolima'),
(539, 'Alcaldía de Popayán'),
(540, 'Alcaldía de Popayán'),
(541, 'Alcaldía de Popayán'),
(542, 'Gobernación del Cauca'),
(543, 'Gobernación del Cauca'),
(544, 'Gobernación del Cauca'),
(545, 'Gobernación del Cauca'),
(546, 'Gobernación del Cauca'),
(547, 'Gobernación del Cauca'),
(548, 'Gobernación del Cauca'),
(549, 'Gobernación del Cauca'),
(550, 'Gobernación del Cauca'),
(551, 'Gobernación del Cauca'),
(552, 'Gobernación del Cauca'),
(553, 'Alcaldía de Valledupar'),
(554, 'Alcaldía de Valledupar'),
(555, 'Alcaldía de Valledupar'),
(556, 'Gobernación del Cesar'),
(557, 'Gobernación del Cesar'),
(558, 'Gobernación del Cesar'),
(559, 'Gobernación del Cesar'),
(560, 'Gobernación del Cesar'),
(561, 'Alcaldía de Monteria'),
(562, 'Alcaldía de Monteria'),
(563, 'Gobernación de Córdoba'),
(564, 'Gobernación de Córdoba'),
(565, 'Gobernación de Córdoba'),
(566, 'Gobernación de Córdoba'),
(567, 'Gobernación de Córdoba'),
(568, 'Alcaldía de Lorica'),
(569, 'Gobernación de Córdoba'),
(570, 'Gobernación de Córdoba'),
(571, 'Gobernación de Córdoba'),
(572, 'Gobernación de Córdoba'),
(573, 'Gobernación de Córdoba'),
(574, 'Gobernación de Córdoba'),
(575, 'Gobernación de Córdoba'),
(576, 'Gobernación del Tolima'),
(577, 'Alcaldía de Honda'),
(578, 'Gobernación del Tolima'),
(579, 'Alcaldía de Ibagué'),
(580, 'Alcaldía de Ibagué'),
(581, 'Policia Nacional'),
(582, 'Ejercito Nacional'),
(583, 'Alcaldia de Girardot'),
(584, 'Alcaldia de Girardot'),
(585, 'Alcaldía de Guachetá'),
(586, 'Gobernación de Cundinamarca'),
(587, 'Alcaldía de Guaduas'),
(588, 'Gobernación de Cundinamarca'),
(589, 'Gobernación de Cundinamarca'),
(590, 'Alcaldía de La Mesa '),
(591, 'Gobernación de Cundinamarca'),
(592, 'Alcaldía de La Peña'),
(593, 'Gobernación de Cundinamarca'),
(594, 'Alcaldía de Madrid'),
(595, 'Fuerza Aérea'),
(596, 'Alcaldía de Madrid'),
(597, 'Alcaldía de Ibagué'),
(598, 'Gobernación del Tolima'),
(599, 'Alcaldía de Ibagué'),
(600, 'Alcaldía de Ibagué'),
(601, 'Alcaldía de Ibagué'),
(602, 'Alcaldía de Ibagué'),
(603, 'Alcaldía de Ibagué'),
(604, 'Ministerio de Tecnologías de la Información y las Comunicaciones '),
(605, 'Inpec'),
(606, 'Fuerza Aérea'),
(607, 'Alcaldía de Providencia'),
(608, 'Inpec'),
(609, 'Gobernación de San Andrés'),
(610, 'Alcaldía de Icononzo'),
(611, 'Escuela Tecnológica Instituto Técnico Central de Bogotá '),
(612, 'Ejercito Nacional'),
(613, 'Ejercito Nacional'),
(614, 'Ejercito Nacional'),
(615, 'Ejercito Nacional'),
(616, 'Gobernación de Caquetá'),
(617, 'Gobernación de Caquetá'),
(618, 'Gobernación de Caquetá'),
(619, 'Gobernación de Caquetá'),
(620, 'Alcaldía de Medina'),
(621, 'Alcaldía de Mosquera'),
(622, 'Alcaldía de Riohacha'),
(623, 'Gobernación de La Guajira'),
(624, 'Gobernación de La Guajira'),
(625, 'Gobernación de La Guajira'),
(626, 'Gobernación de La Guajira'),
(627, 'Gobernación de La Guajira'),
(628, 'Gobernación de La Guajira'),
(629, 'Gobernación de La Guajira'),
(630, 'Alcaldía de Santa Marta'),
(631, 'Gobernación del Magdalena'),
(632, 'Gobernación del Magdalena'),
(633, 'Gobernación del Magdalena'),
(634, 'Gobernación del Magdalena'),
(635, 'Gobernación del Magdalena'),
(636, 'Gobernación del Magdalena'),
(637, 'Gobernación del Magdalena'),
(638, 'Gobernación del Magdalena'),
(639, 'Gobernación del Magdalena'),
(640, 'Gobernación del Magdalena'),
(641, 'Gobernación del Magdalena'),
(642, 'Gobernación del Magdalena'),
(643, 'Gobernación del Magdalena'),
(644, 'Gobernación del Magdalena'),
(645, 'Gobernación del Magdalena'),
(646, 'Gobernación del Magdalena'),
(647, 'Gobernación del Magdalena'),
(648, 'Gobernación del Magdalena'),
(649, 'Alcaldía de Villavicencio'),
(650, 'Alcaldía de Villavicencio'),
(651, 'Alcaldía de Acacías'),
(652, 'Alcaldía de Cabuyaro'),
(653, 'Alcaldía de Puerto López'),
(654, 'Alcaldía de Puerto Lleras'),
(655, 'Alcaldía de Restrepo Meta'),
(656, 'Alcaldía de San Juan de Arama'),
(657, 'Alcaldía de Vistahermosa'),
(658, 'Alcaldía de Pasto'),
(659, 'Alcaldía de Pasto'),
(660, 'Alcaldía de Pasto'),
(661, 'Gobernación de Nariño'),
(662, 'Gobernación de Nariño'),
(663, 'Gobernación de Nariño'),
(664, 'Gobernación de Nariño'),
(665, 'Gobernación de Nariño'),
(666, 'Gobernación de Nariño'),
(667, 'Gobernación de Nariño'),
(668, 'Gobernación de Nariño'),
(669, 'Alcaldía de Cúcuta'),
(670, 'Alcaldía de Cúcuta'),
(671, 'Alcaldía de Cúcuta'),
(672, 'Gobernación de Norte de Santander'),
(673, 'Gobernación de Norte de Santander'),
(674, 'Gobernación de Norte de Santander'),
(675, 'Gobernación de Norte de Santander'),
(676, 'Gobernación de Norte de Santander'),
(677, 'Gobernación de Norte de Santander'),
(678, 'Gobernación de Norte de Santander'),
(679, 'Gobernación de Norte de Santander'),
(680, 'Gobernación de Norte de Santander'),
(681, 'Gobernación de Norte de Santander'),
(682, 'Gobernación de Norte de Santander'),
(683, 'Gobernación de Norte de Santander'),
(684, 'Alcaldía de Mosquera'),
(685, 'Alcaldía de Mosquera'),
(686, 'Alcaldía de Nemocón'),
(687, 'Alcaldía de Nilo'),
(688, 'Ejercito Nacional'),
(689, 'Alcaldía de Nocaima'),
(690, 'Alcaldía de Paime'),
(691, 'Alcaldía de Paratebueno'),
(692, 'Gobernación de Cundinamarca'),
(693, 'Fuerza Aérea'),
(694, 'Gobernación de Cundinamarca'),
(695, 'Alcaldía de Quebradanegra'),
(696, 'Gobernación de Cundinamarca'),
(697, 'Alcaldía de Quetame'),
(698, 'Alcaldía de Quipile'),
(699, 'Alcaldía de Ricaurte'),
(700, 'Gobernación de Cundinamarca'),
(701, 'Alcaldía de San Bernardo Cundinamarca'),
(702, 'Alcaldía de San Francisco De Sales'),
(703, 'Alcaldía de San Juan De Rioseco'),
(704, 'Gobernación de Cundinamarca'),
(705, 'Policia Nacional'),
(706, 'Alcaldía de Silvania'),
(707, 'Alcaldía de Bucaramanga'),
(708, 'Gobernación de Santander'),
(709, 'Alcaldía de Barrancabermeja'),
(710, 'Alcaldía de Barrancabermeja'),
(711, 'Alcaldía de Barrancabermeja'),
(712, 'Gobernación de Santander'),
(713, 'Alcaldía de Piedecuesta'),
(714, 'Alcaldía de Piedecuesta'),
(715, 'Gobernación de Santander'),
(716, 'Gobernación de Santander'),
(717, 'Gobernación de Santander'),
(718, 'Alcaldía de Sincelejo'),
(719, 'Alcaldía de Sincelejo'),
(720, 'Alcaldía de Sincelejo'),
(721, 'Gobernación de Sucre'),
(722, 'Armada Nacional'),
(723, 'Gobernación de Sucre'),
(724, 'Gobernación de Sucre'),
(725, 'Alcaldía de Sopó'),
(726, 'Alcaldía de Tabio'),
(727, 'Alcaldía de Tenjo'),
(728, 'Alcaldía de Tenjo'),
(729, 'Alcaldía de Tibacuy'),
(730, 'Gobernación del Huila'),
(731, 'Alcaldía de Neiva'),
(732, 'Policia Nacional'),
(733, 'Alcaldía de Neiva'),
(734, 'Alcaldía de Neiva'),
(735, 'Alcaldía de Neiva'),
(736, 'Alcaldía de Neiva'),
(737, 'Alcaldía de Neiva'),
(738, 'Alcaldía de Neiva'),
(739, 'Alcaldía de Neiva'),
(740, 'Alcaldía de Cali'),
(741, 'Alcaldía de Cali'),
(742, 'Fuerza Aérea'),
(743, 'Alcaldía de Cali'),
(744, 'Gobernación del Valle del Cauca'),
(745, 'Alcaldía de Buga'),
(746, 'Alcaldía de Buga'),
(747, 'Gobernación del Valle del Cauca'),
(748, 'Gobernación del Valle del Cauca'),
(749, 'Gobernación del Valle del Cauca'),
(750, 'Gobernación del Valle del Cauca'),
(751, 'Gobernación del Valle del Cauca'),
(752, 'Gobernación del Valle del Cauca'),
(753, 'Gobernación del Valle del Cauca'),
(754, 'Gobernación del Valle del Cauca'),
(755, 'Gobernación del Valle del Cauca'),
(756, 'Gobernación del Valle del Cauca'),
(757, 'Gobernación del Valle del Cauca'),
(758, 'Gobernación del Valle del Cauca'),
(759, 'Gobernación del Valle del Cauca'),
(760, 'Gobernación del Valle del Cauca'),
(761, 'Gobernación del Valle del Cauca'),
(762, 'Alcaldía de Tuluá'),
(763, 'Alcaldía de Tuluá'),
(764, 'Gobernación del Valle del Cauca'),
(765, 'Alcaldía de Yumbo'),
(766, 'Alcaldía de Yumbo'),
(767, 'Gobernación del Valle del Cauca'),
(768, 'Alcaldía de Barranquilla'),
(769, 'Alcaldía de Yopal'),
(770, 'Alcaldía de Yopal'),
(771, 'Alcaldía de Aguazul'),
(772, 'Alcaldía de Aguazul'),
(773, 'Alcaldía de Chámeza'),
(774, 'Alcaldía de Monterrey'),
(775, 'Alcaldía de Paz de Ariporo'),
(776, 'Alcaldía de Paz de Ariporo'),
(777, 'Alcaldía de Sabanalarga'),
(778, 'Alcaldía de Tauramena'),
(779, 'Alcaldía de Tauramena'),
(780, 'Alcaldía de Trinidad'),
(781, 'Gobernación del Huila'),
(782, 'Gobernación del Huila'),
(783, 'Gobernación del Cesar'),
(784, 'Alcaldía de Cubará'),
(785, 'Gobernación del Huila'),
(786, 'I.T.F.I.P.'),
(787, 'Alcaldía de Lerida'),
(788, 'Alcaldía de Libano'),
(789, 'Universidad Nacional Abierta y a Distancia Unad'),
(790, 'Universidad Nacional Abierta y a Distancia Unad'),
(791, 'Gobernación del Tolima'),
(792, 'Gobernación del Tolima'),
(793, 'Gobernación del Tolima'),
(794, 'Gobernación del Tolima'),
(795, 'Alcaldía de Barranquilla'),
(796, 'Alcaldía de Galapa'),
(797, 'Alcaldía de Malambo'),
(798, 'Alcaldía de Soledad'),
(799, 'Alcaldía de Rovira'),
(800, 'Alcaldía de Cartagena'),
(801, 'Alcaldía de Cartagena'),
(802, 'Alcaldía de Duitama'),
(803, 'Alcaldía de Paipa'),
(804, 'Alcaldía de Sogamoso'),
(805, 'Alcaldía de Tasco'),
(806, 'Alcaldía de Tunja'),
(807, 'Gobernación del Tolima'),
(808, 'Alcaldía de Aguazul'),
(809, 'Alcaldía de Yopal'),
(810, 'Alcaldía de Caloto'),
(811, 'Alcaldía de Popayán'),
(812, 'Alcaldía de Puerto Tejada'),
(813, 'Alcaldía de Santander De Quilichao'),
(814, 'Alcaldía de Valledupar'),
(815, 'Alcaldía de Monteria'),
(816, 'Gobernación del Tolima'),
(817, 'Gobernación de Cundinamarca'),
(818, 'Policia Nacional'),
(819, 'Gobernación del Tolima'),
(820, 'Alcaldía Local de Santa Fé'),
(821, 'Gobernación de Cundinamarca'),
(822, 'Alcaldía de Topaipí'),
(823, 'Gobernación de Cundinamarca'),
(824, 'Gobernación de Cundinamarca'),
(825, 'Alcaldía de Ubaque'),
(826, 'Alcaldía de Riohacha'),
(827, 'Alcaldía de Santa Marta'),
(828, 'Alcaldía de Acacías'),
(829, 'Alcaldía de Granada'),
(830, 'Alcaldía de Villavicencio'),
(831, 'Alcaldía de Ipiales'),
(832, 'Alcaldía de Pasto'),
(833, 'Alcaldía de Tumaco'),
(834, 'Alcaldía de Cúcuta'),
(835, 'Alcaldía de Viani'),
(836, 'Alcaldía de Villapinzon'),
(837, 'Alcaldía de Viotá'),
(838, 'Alcaldía de Yacopí'),
(839, 'Gobernación del Huila'),
(840, 'Alcaldía de Barrancabermeja'),
(841, 'Alcaldía de Bucaramanga'),
(842, 'Alcaldía de Floridablanca'),
(843, 'Alcaldía de Girón'),
(844, 'Alcaldía de Piedecuesta'),
(845, 'Alcaldía de San Gil'),
(846, 'Alcaldía de Sincelejo'),
(847, 'Alcaldía de Providencia'),
(848, 'Gobernación de San Andrés'),
(849, 'Alcaldía de Buenaventura'),
(850, 'Alcaldía de Cali'),
(851, 'Alcaldía de Cali'),
(852, 'Alcaldía de Buga'),
(853, 'Alcaldía de Palmira'),
(854, 'Alcaldía de Tuluá'),
(855, 'Alcaldía de Yumbo'),
(856, 'Alcaldía de Barranquilla'),
(857, 'Gobernación del Tolima'),
(858, 'Gobernación del Tolima'),
(859, 'Alcaldía Local de Suba'),
(860, 'Alcaldía de Zipaquirá'),
(861, 'Alcaldía de Zipaquirá'),
(862, 'Gobernación del Huila'),
(863, 'Alcaldía de Riohacha'),
(864, 'Alcaldía de Guamal'),
(865, 'Alcaldía de Cúcuta'),
(866, 'Gobernación del Huila'),
(867, 'Gobernación de San Andrés'),
(868, 'Alcaldía de Bucaramanga'),
(869, 'Alcaldía de Barrancabermeja'),
(870, 'Alcaldía de Cali'),
(871, 'Alcaldía de Monteria'),
(872, 'Alcaldía de Potosí'),
(873, 'Alcaldía Local de Suba');

  insert into PVD (K_IDPVD, K_IDCITY, K_IDEJECUTOR, K_IDADMIN, N_NAME, N_DIRECCION, N_TIPOLOGIA, N_FASE)
    values (68413,1,1,1,'','Carrera 51 No. 51 - 45 Casa De La Cultura Doctor Miguel Maria Calle','A','1'),
(68873,2,2,2,'','Calle 20 No. 19 - 36 Parque Principal','D','1'),
(10344,3,3,3,'','Carrera 5 1 #  46 31 I.E. Escuela Normal Superior De Amagá','Pl','2'),
(68414,4,4,4,'','Carrera 30 No. 26 - 84 Ciudadela Educativa Y Cultural Mutambé','B','1'),
(69990,5,5,5,'','Carrera 11 Manzana 27 Parque Educativo Bicentenario','D','1'),
(69022,6,6,6,'','Calle 93 No. 96 A - 09 Biblioteca Federico Garcia Lorca','D','1'),
(68743,7,7,7,'','Carrera 100 # 103a-54 Barrio La Chinita. Alcaldía Apartado','A','0'),
(68415,8,8,8,'','Carrera 10 No. 16 - 20 Casa De La Cultura Barbosa','C','1'),
(68416,9,9,9,'','Calle 20d No. 42a - 65 Centro Cultural','A','1'),
(68417,9,10,10,'','Carrera 45 No. 22 D - 184 Colegio Santo Domingo De Guzmán','C','1'),
(69112,9,11,11,'','Carrera 56 No. 43 - 06 Barrio Santa Ana','B','1'),
(68677,9,12,12,'','Calle 69 # 60-235 Barrio Pacheli','A','0'),
(69113,10,13,13,'','Calle 10 No. 10 - 05','D','1'),
(68420,11,14,14,'','Calle Alfonso Lopez Carrera 22 Casa De Cultura Jose Jesus Galeano Giraldo','D','1'),
(68421,12,15,15,'','Calle Girardot No. 20 - 57','B','1'),
(69720,13,16,16,'','Carrera 20 Calle 22 Ciudadela Educativa Y Cultural Panzenú Ciudadela Ponzenu','Pl','2'),
(68422,14,17,17,'','Calle 47 No. 47 A - 05 Ciudadela Educativa La Vida','A','1'),
(10538,14,18,18,'','Cll 50 62-78 I.E. San Luis Gonzaga','Pl','2'),
(68423,15,19,19,'','Carrera 29 No. 22 - 04','B','1'),
(69043,15,20,20,'','Cl 28 No. 23 - 34 / 36','D','1'),
(10796,16,21,21,'','Calle 45 # 50 - 38 Autopista Medellin- Bogotá I.E. Presbítero Luis Rodolfo Gómez','Pl','2'),
(68678,17,22,22,'','Calle 40h Sur # 41-61 Barrio El Dorado. Antiguo Comando De La Policía','B','0'),
(68424,18,23,23,'','Carrera 14 No. 7 - 39','C','1'),
(68425,19,24,24,'','Carrera 26 No. 30-10 Centro Integrado De La Cultura Piso 4','A','1'),
(10624,20,25,25,'','Carrera 19 # 21 - 50 I.E. San Rafael','Pl','2'),
(68426,21,26,26,'','Carrera 49 No. 52-51 Institucion Educativa Aura Maria Valencia','B','1'),
(10636,22,27,27,'','Calle 31 # 50c-30 I.E. John F. Kennedy','Pl','2'),
(10631,22,28,28,'','Carrera 68 #67-50 Barrio El Progreso I.E. Juan Echeverry Abad','Pl','2'),
(68680,22,132,132,'','Carrera 49 # 52-34','A','0'),
(20413,23,133,133,'','Calle 100 Bs 50 181 I.E. José Antonio Galán','Pl','2'),
(68427,24,134,134,'','Carrera 05 Calle 06 Corregimiento La Merced Del Playon','D','1'),
(69030,25,135,135,'','Calle 28 Carrera 34-26 Interior 201','B','1'),
(68412,26,136,136,'','Calle 59 A No.  63 - 20 Bloque 11 Aula 111','D','1'),
(68687,26,137,137,'','Calle 62 # 129-9 Cedezo','A','0'),
(68675,26,138,137,'','Carrera 65 # 98a-75 Itm Castilla','A','0'),
(68428,27,139,139,'','Carrera 19 No. 19 - 18','B','1'),
(68429,28,141,141,'','Carrera 11 No.  11 - 09 / 13 Barrio La Ladilla','A','1'),
(68430,29,142,142,'','Carrera 9 No. 13 - 50','A','1'),
(68431,30,143,143,'','Carrera 19 No.  4 - 20 Edificio La Milagrosa Piso 2','A','1'),
(69816,30,144,144,'','Carrera 18 No. 2 - 66 Casa De La Cultura Plaza De Bolivar','D','1'),
(12816,54,145,145,'','Carrera 4 Vía Medellín - Barrio La Pradera I.E. Aureliano Florez Cardona','Pl','2'),
(69822,55,146,146,'','Calle 7 # 6-35','D','1'),
(69823,56,147,147,'','Carrera 8 Entre Calles 7 Y 8','A','1'),
(69824,56,148,148,'','Carrera 16 A No. 8 A - 40','B','1'),
(12843,56,149,149,'','Calles 15 Y 16 Y Carreras 7 Y 8, Barrio El Nepal I.E. Bartolomé Mitre','Pl','2'),
(69038,57,150,150,'','Carrera 4 Entre Calle 15 Y 16 Centro Comercial Dorada Plaza','A','1'),
(69016,58,151,151,'','Carrera 6 Calle 16','D','1'),
(69013,59,152,152,'','Carrera 12 A No. 64 C -  67 Esagu','C','1'),
(69012,60,153,153,'','Calle 63 No. 13 - 23.  Colegio Policía','C','1'),
(12719,60,154,154,'','Carrera 23 # 35 -36 I.E. Instituto Universitario De Caldas','Pl','2'),
(68745,60,155,154,'','Calle 61a # 32b Esquina. Barrio Betania','A','0'),
(12737,60,156,156,'','Carrera 25 # 55b-150, Inem Baldomero Sanín Cano','Pl','pi'),
(12871,61,157,157,'','Calle 3 # 4 - 47 I.E. Manzanares','Pl','2'),
(69008,62,158,158,'','Institucion Educativa El Llano Vereda El Llano','A','1'),
(69099,63,159,159,'','Carrera 2 N. 96 / 106 Edificio Del Centro De Convivencia Ciudadana','B','1'),
(69039,64,160,160,'','Calle 10 Carrera 10 Alcaldia','A','1'),
(69026,65,161,161,'','Calle 9 Entre Carrera 10 Y 11','B','1'),
(69027,66,162,162,'','Carrera 4 Casa De Cultura Corregimiento De Arauca ','C','1'),
(69025,67,163,163,'','Carrera 5 Calle 19','A','1'),
(69835,163,164,164,'','Calle 20 Carrera 15 - 25 Comuna 7 Barrio Centro','A','1'),
(69046,163,165,165,'','Calle 50 No. 25 - 02 Barrio Jesus  Maria Ocampo Comuna 2','A','1'),
(69834,163,166,166,'','Carrera 32 Calle 24 En El Paraje Del Barrio San José Denominado Linares  Diagonal Al Antiguo Estadio San José Comuna 6 ','A','1'),
(69833,163,167,167,'','Calle 36 No. 26 - 36 Barrio Santander Comuna 4','A','1'),
(69832,163,168,168,'','Calle 26 Frente A Las Manzanas 17 Y 25 Barrio Las Las Margaritas Comuna 5','A','1'),
(69831,163,169,169,'','Lote 10 Etapa Ii Barrio Simon Bolivar Comuna 1','A','1'),
(69830,163,170,170,'','Manzana 16 Lote 1 Barrio Ciudad Dorada Comuna 3','A','1'),
(69017,163,171,171,'','Kilometro 1,5 Via El Eden Vereda El Caimo Colegio Nuestra Señora De FaTima','C','1'),
(69047,163,172,172,'','Carrera 13  Calle 20 Edificio Centenario Piso 2','C','1'),
(58341,163,173,173,'','Urbanización Nueva Ciudad Milagro, Frente A Genesis I.E. Instituto Técnico Industrial','Pl','2'),
(15979,163,174,174,'','Calle 48, Carrera 25, Esquina I.E. Rufino José Cuervo Sur Sede Madre Marcelina','Pl','2'),
(15989,163,175,175,'','Manazana 11 Barrio Puerto Espejo I.E. Ciudadela Del Sur','Pl','2'),
(69928,163,176,176,'','Carrera 18 No. 7-58 Sena Armenia Centro De Turismo Regional De Quindio','Pl','2'),
(68676,163,177,177,'','Kilómetro 1 Vía Al Aeropuerto El Edén Estadio Centenario Piso 2 Imdera','A','0'),
(15993,164,178,178,'','Calle 4 Salida Armenia Barrio Obrero I.E. Instituto Buenavista','Pl','2'),
(69041,165,179,179,'','Carrera 25 No. 46 - 25','D','1'),
(16007,165,180,180,'','Barrio Antonio Nariño I.E. Tecnológico Calarcá','Pl','2'),
(43838,165,181,181,'','Calarcá - Barcelona I.E. San Bernardo','Pl','2'),
(69018,166,182,182,'','Calle 7 No. 13 - 42 /13 - 44','A','1'),
(70092,166,183,183,'','Calle 5 No 12-71','A','1'),
(16009,166,184,184,'','Barrio Cooperativo Carrera 15 Con Calle 13 I.E. Libre De Circasia','Pl','2'),
(69101,175,185,185,'','Carrera 10 No. 07 - 52','D','1'),
(69029,176,186,186,'','Calle 8 No. 7 - 17','D','1'),
(69109,177,187,187,'','Carrera 11 No. 6 - 25','D','1'),
(16136,178,188,188,'','Carrera 9 # 7 - 34 I.E. Juan Hurtado','Pl','2'),
(69020,179,189,189,'','Transversal 5 Avenida La Romelia Caseta Comunal La Badea','D','1'),
(69050,179,190,190,'','Calle 16 A #No. 4n - 28','D','1'),
(16170,180,191,191,'','Calle 23 # 27-15 I.E. Fabio Vasquéz Botero','Pl','2'),
(68742,180,192,192,'','Diagonal 23 # 21t-31 Barrio La Pradera','A','0'),
(69107,181,193,193,'','Calle 3 No. 2 - 08','C','1'),
(69051,182,194,194,'','Calle 9 No. 7 - 39 Centro De Capacitación Municipal','A','1'),
(69049,183,195,195,'','Centro De Desarrollo Vecinal Villa Consota Villa Andrea Ii Via El Dorado','B','1'),
(69106,183,196,196,'','Centro Integrado Comunitario Urbanizacion El Remaso Comuna Villa Santana','B','1'),
(69840,183,197,197,'','Calle 70a No. 23 - 63 Comedor Infantil Icbf Manzana 6 San Fernando Consota Izquierda','B','1'),
(10710,30,198,198,'','Transversal 6 A 22 20 I.E. León Xiii','Pl','2'),
(68744,31,199,199,'','Calle 51 # 6-41 Ciudadela Educativa Y Cultural La América','B','0'),
(68432,32,200,200,'','Km 34 Autopista Medellin - Bogota   5 Metros De La Via Principal Vereda La Mosca Institución Educativa Ana Gomez De Sierra ','D','1'),
(69929,32,201,201,'','Escuela Aerea Escuela Comando Aéreo De Combate  N°5 - Cacom 5','Pl','2'),
(68681,32,202,202,'','Calle 40 Carrera 65 Escuela Eduardo Uribe Botero, Barrio El Porvenir','B','0'),
(68433,33,203,203,'','Calle 75 Sur No. 45 - 30','C','1'),
(68434,34,204,204,'','Calle 30 No. 27 - 4','A','1'),
(68435,35,205,205,'','Carrera 9 No. 18 -75','B','1'),
(69817,36,206,206,'','Carrera 20 No. 19 - 32 Casa De La Cultura Rafael Giraldo Velez','D','1'),
(69114,37,207,207,'','Carrera 16 Con Calle 22 Barrio San Juan Oriental','D','1'),
(68436,38,208,208,'','Carrera 29 No. 31 - 31 Centro Administrativo N 2 (Piso 2)','A','1'),
(68437,39,209,209,'','Calle 19 No. 20 - 50 Casa De La Cultura Julio Valencia Molina','D','1'),
(68438,40,210,210,'','Carrera 28 Calle 92 - 04 Palacio Municipal - Plazuela Vicente Arbelaez','A','1'),
(68682,41,211,211,'','Calle 31 # 29-38  Calle Junín. Edificio Unidad Cultural Marco Tobon Mejia','C','0'),
(69818,42,212,212,'','Carrera 50 No. 50 - 48 /50/ Carrera 48','D','1'),
(69024,68,213,213,'','Carrera 3 Con Calle 7','A','1'),
(69044,69,214,214,'','Calle 7 No. 7 - 46','D','1'),
(69825,70,215,215,'','Carrera 2 No. 6 - 37','A','1'),
(68880,71,225,225,'','Carrera 6 No. 33 - 46','A','1'),
(12939,71,226,226,'','Calle 37 # 37 - 04 I.E. Francisco Jose De Caldas','Pl','2'),
(14280,79,227,227,'','Carrera 7# 27-34 I.E. Carrasquilla','Pl','2'),
(35166,80,228,228,'','Centro I.E. Antonio Abad Hinestroza De Yuto','Pl','2'),
(14366,81,229,229,'','Carrera 7 # 7-115 I.E. San Pablo Industrial','Pl','2'),
(69839,167,230,230,'','Carrera 9 Piscina Enseguida Del Cementerio  - Centro Cultural Municipal - Avenida Principal De Ingreso','D','1'),
(16015,167,231,231,'','Ciudadela Jose María Córdoba Ciudadela José María Córdoba','Pl','2'),
(69102,168,232,232,'','Calle 2 No. 4 - 37','A','1'),
(69103,169,233,233,'','Carrera 10 No. 25 - 67','D','1'),
(16021,169,234,234,'','Carrera 11  Calle 33 I.E. Instituto Génova','Pl','2'),
(70093,170,235,235,'','Carrera 5 Calle 11 Esquina','A','1'),
(16026,170,236,236,'','Carrera 6 Calle 15 Esquina, Institución Educativa La Tebaida','Pl','pi'),
(69048,171,237,237,'','Avenida 30 De Noviembre 13 A - 32 Corregimiento Pueblo Tapao','A','1'),
(16037,171,238,238,'','Carrera 4 # 11 - 07 I.E. Instituto Montenegro','Pl','2'),
(43947,171,239,239,'','Avenida 30 De Noviembre # 13-49 I.E. Marco Fidel Suarez','Pl','2'),
(69108,172,240,240,'','Carrera6 No. 7 - 23','D','1'),
(58380,172,241,241,'','Calle 16 # 5- 4 I.E. Instituto Pijao','Pl','2'),
(69019,173,242,242,'','Carrera 6 Calle 12 Esquina, Palacio Municipal 3 Piso','B','1'),
(70094,173,243,243,'','Carrera 4 No 11-29','D','1'),
(16051,173,244,244,'','Carrera 5 # 21 -22 I.E. Instituto Quimbaya','Pl','2'),
(69011,183,245,245,'','Carrera 7 No. 40 - 65 Colegio Nuestra Señora De FaTima','C','1'),
(69105,183,246,246,'','Carrera 1 Cl No. 41 Peatonal Santa Elena Centro Administrativo Corregiduria La Bella Pereira','C','1'),
(16091,183,247,247,'','Barrio El Jardin I Etapa I.E. Inem Felipe Pérez','Pl','2'),
(16089,183,248,248,'','Calle 17 Carrera 23 I.E. Instituto Técnico Superior','Pl','2'),
(68712,183,249,249,'','Carrera 10 # 16-60 Piso Tercero Centro Cultural Lucy Tejada','A','0'),
(16218,184,250,250,'','Carrera 5a # 4 -51 I.E. San Pablo','Pl','2'),
(69014,185,251,251,'','Carrera 17 Calle 15 A - 51 Antigua Estacion Del Tren','B','1'),
(16241,185,252,252,'','Carrera 12 Calle 7 Esquina PVD Pl  I.E. Francisco Jose De Caldas','Pl','2'),
(54527,82,253,253,'','Barrio Villa Mercedes I.E. Seminario Corazón De María','Pl','2'),
(69721,43,254,254,'','Carrera 7 Ciudadela El Lago Ciudadela El Lago','Pl','2'),
(68439,44,255,255,'','Calle 10 No. 9 - 07','C','1'),
(69003,44,256,256,'','Carrera 13 # 15 - 68 Parque Educativo Cartama','Pl','2'),
(69004,45,257,257,'','Entrada Al Municipio Al Lado De La Sede Energía Parque Educativo Balcones Del Saber','Pl','2'),
(68683,46,258,258,'','Calle 100 Entre Carreras 18 Y 19 Institucion Educativa Turbo, Barrio Juan Xxiii','A','0'),
(69930,47,259,259,'','Ciudadela El Penderisco Ciudadela El Penderisco','Pl','2'),
(69036,48,260,260,'','Calle 9 No. 8 - 58','A','1'),
(69007,49,261,261,'','Barrio Palmira; Calle 16 Con Carrera 4 Parque Educativo Saberes Ancestrales','Pl','2'),
(69819,50,262,262,'','Carrera 21 No. 18 - 51','B','1'),
(54347,51,263,263,'','Calle 19 # 18 - 6 I.E. De María','Pl','2'),
(68883,52,264,264,'','Carrera 54 No. 47 - 50 DetraS Del Coliseo Municipal Benito Arias Y Al Lado Del Sena Casa De Cultura','A','1'),
(69015,72,265,265,'','Carrera 4 No. 7 - 52','A','1'),
(69104,174,266,266,'','Calle 6 No. 6 - 34','D','1'),
(44587,185,267,267,'','Barrio La Hermosa Carrera 1 Vía Pereira I.E. Veracruz Sede La Hermosa','Pl','2'),
(16255,186,268,268,'','Centro I.E Santuario Marco Fidel Suarez (166687000078)','Pl','2'),
(69100,73,269,269,'','Carrera 12 Calle 8 No. 9 - 37 Esquina','D','1'),
(16056,174,270,270,'','Carrera 5 # 1 -23 I.E. Liceo Quindío','Pl','2'),
(68464,53,275,275,'','Carrera 78 K No. 37 A - 11 Sur','A','1'),
(69634,53,276,276,'','Calle 17 No. 4 - 65','A','1'),
(68453,53,277,277,'','Avenida Boyaca No. 142a -55 Barrio La Colina, Colegio San Luis','C','1'),
(68454,53,278,278,'','Diagonal 49 No. 48 - 71 Sur Colegio Nuestra Señora De FaTima','C','1'),
(68463,53,279,279,'','Calle 41 No. 26 - 31 Sur Barrio Ingles','C','1'),
(68452,53,280,280,'','Transversal 33 No. 47 A - 45 Sur Estel , Barrio FaTima','C','1'),
(68451,53,281,281,'','Transversal 33 No. 47 A 45 Sur Esmeb Barrio Fatima','C','1'),
(68461,53,282,282,'','Calle 71 No. 73 A - 44','C','1'),
(68458,53,283,283,'','Carrera 8 No. 1 C - 50 Sur','D','1'),
(68457,53,284,284,'','Carrera 3 Este # 50-00 Sur','D','1'),
(68460,53,285,285,'','Carrera 21 No. 164 - 82 Toberin','D','1'),
(68456,53,286,286,'','Calle 72a No 94a - 50 Santa Rosita Colegio Elisa Borrero De Pastrana','D','1'),
(68455,53,287,287,'','Transversal 38 A No. 29b - 61 Sur Urbanizacion Villa Del Rosario','D','1'),
(68459,53,288,288,'','Carrera 32 No. 12 - 81','D','1'),
(18222,74,289,289,'','Carrera 5 #1- 30 I.E. Corazón Inmaculado De María','Pl','2'),
(18225,75,290,290,'','Calle 6 Carrera 6 I.E. Nuestra Señora De Las Mercedes','Pl','2'),
(68502,83,291,291,'','Carrera 5 No. 6 - 30 Sur Salon Comunal Barrio La Estrella Barrio Nueva Colombia','D','1'),
(68521,84,292,292,'','Carrera 5 No. 9 - 35 Barrio Avenida Colombia','B','1'),
(13752,85,293,293,'','Carrera 24 02 08 22 I.E. Departamental Jose María  Vergara Y  Vergara','Pl','2'),
(69118,86,294,294,'','Carrera 6 Calle 7 Esquina','C','1'),
(13758,87,295,295,'','Carrera 1 # 1-07 Av. San Juan I.E. Departamental Integrada De Cabrera','Pl','2'),
(68503,88,296,296,'','Carrera 5 No. 4 - 59 Casa De La Cultura','A','1'),
(13767,89,297,297,'','Vía La Palma I.E. Santa Gemma De Galgani','Pl','2'),
(68504,90,298,298,'','Carrera 5 No. 4 - 59','C','1'),
(13776,91,299,299,'','Carrera 3 # 1-34 I.E. Carmen De Carupa','Pl','2'),
(68733,92,300,300,'','Carrera 7 # 15-51 Biblioteca Hoqabiga','B','0'),
(68505,93,301,301,'','Carrera 3 No. 5 - 18','C','1'),
(13791,94,302,302,'','Calle 1 # 2-20 I.E. Departamental Ignacio Pescador','Pl','2'),
(13793,95,303,303,'','Carrera 4 # 11a-99 I.E. Departamental Rufino Cuervo','Pl','2'),
(57445,96,304,304,'',' Carrera 2 # 1b-05 I.E. Departamental Divino Salvador','Pl','2'),
(68506,97,305,305,'','Carrera 8 No. 3 - 28 Casa De La Cultura','D','1'),
(68507,98,306,306,'','Km 4 ViA Vereda Mancilla Hacienda Las Margaritas Escar','C','1'),
(13818,98,307,307,'','Carrera 5 # 9-45 I.E. Técnico Industrial','Pl','2'),
(69061,98,308,308,'','Carrera 5 # 15 Barrios Dos Caminos Escuela De Comunicaciones Militares','Pl','2'),
(68734,98,309,309,'','Calle 19 # 4a-02','A','0'),
(13830,99,310,310,'','Carrera 2 # 5-01 I.E. Departamental María Medina','Pl','2'),
(68508,100,311,311,'','Calle 15 No. 16 -73 Barrio El Chorro','A','1'),
(33307,101,312,312,'','Centro I.E. Técnico Comercial De Capellanía','Pl','2'),
(68509,102,313,313,'','Calle 3 B Norte No. 6 - 13 Barrio El Progreso','C','1'),
(33341,102,314,314,'','Carrera 6 Calle16 I.E. Teodoro Aya Villaveces','Pl','2'),
(68735,102,315,315,'','Transversal 9 # 14-92 ','A','0'),
(13867,102,340,340,'','Calle 1a Norte # 14b-20, Institución Manuel Humberto Cárdenas Vélez','Pl','pi'),
(69040,103,341,341,'','Carrera 4 No. 7 - 22','A','1'),
(69826,104,408,408,'','Carrera 1a# 1-26','A','1'),
(69119,105,442,442,'','Biblioteca Municipal Anita Díaz Cra 4 No 3-23 Barrio Simón Bolívar','A','1'),
(69034,106,443,443,'','Carrera 2 No. 3 - 24 / 26','D','1'),
(68536,149,444,444,'','Transversal 9 No. 6 A - 80','A','1'),
(14512,150,477,477,'','Carrera 5 # 5-53 I.E. Juan Xxiii ','Pl','2'),
(68537,151,478,478,'','Calle 17 No. 8 - 13','A','1'),
(14522,151,479,479,'','Calle 29 #6-44 I.E. Eugenio Ferro Falla','Pl','2'),
(68538,152,480,480,'','Calle 8 No. 11 –  61 Local No. 1 –  055 Piso 2 Centro Comercial Paseo Del Rosario','B','1'),
(936561,153,481,481,'','Carrera 5 # 5-20 Corregimiento Potrerillos PVD Pl  I.E. Jorge Eliecer Gaitan','Pl','2'),
(14571,154,482,482,'','Carrera 2 Calle 5 I.E. Roberto Suaza Marquinez','Pl','2'),
(54543,155,483,483,'','Calle 3 # 4-67 I.E. Marillac','Pl','2'),
(68510,107,484,484,'','Calle 24 Carrera 7 Esquina Barrio Santander Frente Al Parque Santander','C','1'),
(69054,189,485,485,'','Carrera 2a Con Calle 8a I.E. Técnico Felisa Suarez De Ortiz','Pl','2'),
(17041,190,486,486,'','Carrera 3 Calle 6 I.E. General Enrique Caicedo','Pl','2'),
(68595,191,487,487,'','Calle 9 No. 7 - 31','A','1'),
(68596,192,488,488,'','Carrera 14 A Calle 12','B','1'),
(17052,192,489,489,'','Calle 9 Entre Carreras 14 Y 15 I.E. Técnica  De  Armero','Pl','2'),
(68597,193,490,490,'','Calle 8 No. 4 - 07','C','1'),
(68598,194,491,491,'','Calle 6 No. 7 - 52','D','1'),
(68599,195,492,492,'','Carrera 4 No. 6 - 16 Y Calle 6 No. 3 - 29','A','1'),
(68600,196,504,504,'','Calle 4 No. 3 - 13','C','1'),
(68601,197,505,505,'','Calle 10 N° 3-84 Biblioteca Dario Echandia Olaya','C','1'),
(69841,197,506,506,'',' Carrera 7 A  No. 5 - 49  Bario La Loma Universidad Del Tolima','C','1'),
(17071,197,507,507,'','Avenida Circunvalar I.E. Medalla Milagrosa','Pl','2'),
(68602,198,508,508,'','Carrera 8 No. 4 - 34','D','1'),
(17111,199,530,530,'','Carrera 13 # 7a-15 I.E. Técnico Mariano Sánchez Andrade','Pl','2'),
(69057,199,531,531,'','Centro I.T.F.I.P','Pl','2'),
(68721,199,532,532,'','Barrio Villa Paz Manzana E Y F Centro De Convivencia Ciudadana','B','0'),
(68603,200,533,533,'','Calle 5 No. 5 - 145','C','1'),
(68604,201,534,533,'','Calle 10 Carrera 6 Esquina','A','1'),
(69842,201,535,535,'','Transversal 12 No. 15b - 17','D','1'),
(68605,202,536,536,'','Calle 3 # 5 - 36 Casa De La Cultura','C','1'),
(69843,203,537,537,'','Carrera 13 No. 11 - 38','B','1'),
(17137,203,538,538,'','Centro I.E. Técnico Comercial','Pl','2'),
(68606,204,576,576,'','Calle 4 No. 6 - 31','D','1'),
(68608,205,577,577,'','Calle 12 Carrera 33 Esquina','C','1'),
(68607,205,578,578,'','Transversal 14 No. 23 - 33','D','1'),
(68591,206,579,579,'','Carrera 1a A No. 23 - 24','A','1'),
(68590,206,580,580,'','Calle 10 No 8 - 07 Escuela De Formacion Artistica Y Cultural Barrio Belen','A','1'),
(68592,206,581,581,'','Carrera 48 Sur No. 157 - 199 Picaleña','C','1'),
(69821,53,582,582,'','Km 3 Via Usme Canton De Artilleria Escuela De Artilleria','C','1'),
(33429,107,583,583,'','Kilometro 1 Via Nariño I.E. Francisco Manzanera Enriques','Pl','2'),
(68699,107,584,584,'','Carrera 6 # 40-25 Barrio Kennedy Colegio Policarpa Salavarrieta','A','0'),
(68658,108,585,585,'','Polideportivo Carlos J. Cendales - Salida A La Vereda La Frontera 200 M Del Casco Urbano','A','1'),
(33496,109,586,586,'','Calle 7a Carrera 3a Esquina I.E. Departamental Puerto Bogotá','Pl','2'),
(68700,109,587,587,'','Carrera 4 # 1-01','C','0'),
(13937,110,588,588,'','Calle 9 # 6a-93 I.E. Departamental De Gutiérrez','Pl','2'),
(13941,111,589,589,'','Centro I.E. Departamental Escuela Normal Superior De Junín','Pl','2'),
(68511,112,590,590,'','Calle 8 No. 21b - 58 Colegio Franciosco Julian Olaya Sede C','A','1'),
(13951,113,591,591,'','Calle 3 #7-47 I.E.  Escuela Normal Superior  Divina Providencia','Pl','2'),
(68512,114,592,592,'','Carrera 2 No. 8 - 91','B','1'),
(13960,115,593,593,'','Calle 3 # 4-27 I.E. Departamental Juan José Neira','Pl','2'),
(68513,116,594,594,'','Calle 6a No. 22 - 05 Esquina Barrio Sociego','A','1'),
(69975,116,595,594,'','Carrera 5 No. 2 - 92 Sur','B','1'),
(69023,116,596,596,'','Carrera 2c Este 9 - 15','D','1'),
(68593,206,597,597,'','Carrera 9 Calle 72 Avenida Guabinal Jordan Viii Etapa','D','1'),
(70098,206,598,598,'','Calle No. 2-60','D','1'),
(17036,206,599,599,'','Carrera 9 # 35-40 I.E. Joaquín Paris','Pl','2'),
(17030,206,600,600,'','Calle 20 Sur # 36-106 Barrio Boqueron I.E. Técnica Ciudad De Ibagué','Pl','2'),
(17034,206,601,601,'','Vereda Chapeton I.E. Técnico Agropecuario Mariano Melendro','Pl','2'),
(17024,206,602,602,'','Calle 143 Carrera 10 Barrio El Salado I.E. Carlos Lleras Restrepo','Pl','2'),
(68720,206,603,603,'','Carrera 2a Sur # 28-05 Barrio Comuna 11  Frente Al Cai De Las Ferias','A','0'),
(70097,53,604,604,'','Edificio Murillo Toro, Carrera 8a. Entre Calles 12 Y 13','D','1'),
(70089,53,605,604,'','Carcel Buen Pastor','D','1'),
(69060,116,606,606,'','Carrera 5 # 2-92 Sur Escuela De Suboficiales De La Fac','Pl','2'),
(70004,187,607,607,'','Pueblo Viejo, Edificio Casa Lúdica ','C','1'),
(70005,188,608,608,'','Carcel','D','1'),
(70006,188,609,609,'','Carrera 15 # 001 A - 015, Sarie Bay, San Andrés Isla','D','1'),
(68609,207,610,610,'','Calle 6 No. 1 - 75','A','1'),
(69056,53,611,611,'','Calle 13 #16-74 Escuela Tecnológica Instituto Técnico Central De Bogotá ','Pl','2'),
(69851,53,612,612,'','Calle 80 # 38 - 00 Escuela Militar De Cadetes Jose María Córdoba','Pl','2'),
(69850,53,613,613,'','Carrera 50 # 18 - 06 Puente Aranda Escuela De Ingenieros','Pl','2'),
(69852,53,614,614,'','Calle 102 # 7 - 80 Cantón De Infantería Escuela De Armas Y Servicios','Pl','2'),
(69058,53,615,615,'','Calle 106 # 7 - 01 Cantón De Caballería Escuela De Caballería Del Ejército Nacional','Pl','2'),
(68479,76,616,616,'','Carrera 1 No.  31 - 30 Unad Cead','C','1'),
(68480,76,617,617,'','Calle 15 Carrera 13 Esquina - Piso 3 Edificio Curiplaya','C','1'),
(18232,77,618,618,'','Carrera 5 Calle 7 Esquina. Barrio Las Américas I.E. Acevedo & Gomez','Pl','2'),
(51687,78,619,619,'','Calle 4 # 3-26 I.E. Parroquial','Pl','2'),
(68514,117,620,620,'','Calle 16 No. 6 - 19 Colegio Alonso Ronquillo','D','1'),
(68515,118,621,621,'','Carrera 13 No. 2 - 30 Manzana 2 Lote 24 Barrio Planadas','D','1'),
(13989,118,684,684,'','Calle 10 # 15-10 I.E. Roberto Velandia - Sede Nuevo Milenio','Pl','2'),
(68701,118,685,685,'','Carrera 3 # 8a-1 A # 8a-201 Biblioteca Municipal San Juan Bosco','A','0'),
(68516,119,686,686,'','Calle 11a No. 5 - 06  Biblioteca Publica El Futuro','A','1'),
(68517,120,687,687,'','Calle 3 No. 4 - 24','D','1'),
(69059,120,688,688,'','Fuerte Militar Tolemaida Escuela Militar De Suboficiales Inocencio Chincá','Pl','2'),
(68518,121,689,689,'','Carrera 6 No. 9 - 57 Colegio Departamental Antigua Sede','D','1'),
(69827,122,690,690,'','Carrera 3 No. 1 - 05','C','1'),
(69120,123,691,691,'','Calle 4 No. 11 - 60 Centro Ied Agricola','D','1'),
(14028,124,692,692,'','Calle 2 # 6-02 I.E. Normal Superior Nuestra Señora De La Encarnación','Pl','2'),
(69828,125,693,693,'','Calle 16 Transversal 11 A Base Aerea Palanquero','A','1'),
(14034,125,694,694,'','Calle 14 B N 5 02 I.E. Departamental  Mixto','Pl','2'),
(68519,126,695,695,'','Calle 3 A No. 2 - 08 Centro Dia','D','1'),
(14042,127,696,696,'','Centro I.E.  Escuela Normal Superior  Santa Teresita','Pl','2'),
(68702,127,697,697,'','Carrera 4 # 4-43 Biblioteca Municipal','A','0'),
(68520,128,698,698,'','Carrera 1 No. 7 - 01 Casa De Cultura','D','1'),
(68522,129,699,699,'','Carrera 15 No. 4 - 01','C','1'),
(34285,130,700,700,'','Carrera 5 # 3-01 Santandercito I.E. Mariano Santa María','Pl','2'),
(68523,131,701,701,'','Carrera 5 No. 6 - 41','C','1'),
(69115,132,702,702,'','Calle 4 No 6-16 Casa De La Cultura','A','1'),
(70095,133,703,703,'','Carrera 6 #5A-24  Plaza De Mercado','B','1'),
(14061,133,704,703,'','Centro I.E. Departamental San Juan De Rioceco','Pl','2'),
(68525,134,705,705,'','Km 20 ViA Sibate Esjim ','C','1'),
(68526,135,706,706,'','Calle 6 No. 5 - 6 /19 Barrio El Progreso','D','1'),
(68736,136,725,725,'','Calle 2 # 2-49 Estación De Bomberos','B','0'),
(70190,137,726,726,'','Calle 4 Carrera 4 Esquina Parque Principal. Instituto Municipal de Cultura','C','1'),
(68527,138,727,727,'','Calle 3 No. 3 - 38 Centro Tecnológico','A','1'),
(68528,138,728,728,'','Km 11.5 Autopista Medellin Sentido Hacia Bogota Al Lado De Inspeccion De Policia','D','1'),
(68529,139,729,729,'','Calle 5 No. 4 - 47','A','1'),
(14580,155,730,730,'','Carrer 8 # 4-51 I.E. San Sebastian','Pl','2'),
(68533,156,731,731,'','Calle 21 Entre Carrera 1 G Y 2  Palacio De Los Niños','B','1'),
(68535,156,732,732,'','Carrera 1a No. 39 - 23 Barrio Candido Leguizamon','C','1'),
(68532,156,733,733,'','Calle 21 S (Tenerifes) Carrera 25 Parroquia Del Santuario Sagrado Corazon De Jesus Barrio Canaima','D','1'),
(68534,156,734,734,'','Carrera 7a Entre Calles 32 Y 33 Biblioteca Comunal De Granjas','D','1'),
(14493,156,735,735,'','Calle 27 A # 51 A  - 35 I.E. Enrique Olaya Herrera','Pl','2'),
(14474,156,736,736,'','Diagonal 2 B # 28 B - 32 I.E. Ipc Andrés Rosa','Pl','2'),
(69853,156,737,737,'','Calle 1 A # 28 - 82 I.E. Jairo Moreno Lizcano Parque Biblioteca','Pl','2'),
(68703,156,738,738,'','Carrera 2 # 8-05 Local 4041 Centro Comercial Popular Los Comuneros','A','0'),
(14456,156,739,739,'','Av La Toma Carrera 2 , Instituto Técnico Neiva','Pl','pi'),
(14599,157,781,781,'','Carrera 15 No.18-19 IE San Juan Bosco','Pl','2'),
(68539,158,782,782,'','Avenida Pastrana No. 19-50 Sur. UNAD.','A','1'),
(54548,159,785,784,'','Carrera 3 # 10-14, Institución Educativa Santa Juana','Pl','pi'),
(69844,207,786,786,'','Carrera 5 No. 5-17','A','1'),
(68610,208,787,787,'','Calle 7b Carrera 12 Glorieta Casa De La Cultura','C','1'),
(68611,209,788,788,'','Calle 5 Carrera 9 Esquina','A','1'),
(69845,209,789,789,'','Calle 3 No. 1 - 107 Barrio Las Ferias','A','1'),
(69121,210,790,790,'','Calle 4 No. 6-36 Barrio Villa Holanda','A','1'),
(17204,211,791,791,'','Calle 14 # 24-01 I.E. Gabriela Mistral','Pl','2'),
(68612,212,792,792,'','Carrera 3 A Calle 5 A Esquina - Casa De La Cultura Cantalicio Rojas','D','1'),
(48484,213,793,793,'','Centro I.E. Leopoldo García','Pl','2'),
(69055,214,794,794,'','Centro I.E. La Voz De La Tierra -Sede Principal','Pl','2'),
(68613,215,799,799,'','Calle 3 No. 1 - 50 Parque Principal','B','1'),
(68614,216,807,807,'','Calle 16 No. 16 - 18','B','1'),
(68615,217,816,816,'','Carrera 5 No. 6 - 14/22/32 Centro Administrativo Municipal Piso 2','C','1'),
(14167,139,817,817,'','Carrera 4 # 4-27 I.E. Departamental Técnico Comercial','Pl','2'),
(68616,218,818,818,'','Cenop Hacienda Los Pijaos Vereda La Laguna','C','1'),
(68617,219,819,819,'','Carrera 2 No. 5 - 46','D','1'),
(70324,53,820,820,'','Carrera 2 N°4-10. PAS Lourdes (Antiguo PVD Veeduría Distrital)','A','0'),
(14179,140,821,821,'','Carrera 5 Calle 1 Esquina.  I.E. Hernán Venegas Carrillo','Pl','2'),
(69829,141,822,822,'','Carrera 10 No. 3a - 26','A','1'),
(14185,142,823,822,'','Diagonal 11 # 6-62 I.E. Departamental Integrado De Ubalá','Pl','2'),
(55053,142,824,822,'','Inspeccion De Mambita I.E. Rural Departamental Mambita','Pl','2'),
(69033,143,825,822,'','Carrera 3 No. 5 - 50','A','1'),
(68530,144,835,835,'','Calle 4 No. 5 - 70','A','1'),
(68531,145,836,836,'','Calle 4 No. 8 - 50 Centro Ludico Cultural','C','1'),
(14233,146,837,837,'','Calle 1 # 2-76, Colegio Francisco José De Caldas','Pl','pi'),
(69035,147,838,838,'','Calle 12 No. 3a - 30','A','1'),
(14660,160,839,839,'','Calle 3 Carrera 9 I.E. La Asunción','Pl','2'),
(68710,188,847,848,'','Sector El Caballete Biblioteca Municipal','B','0'),
(68732,188,848,848,'','Sector La Loma Al Lado De La Antigua Cárcel.  Barrio Shingle Hill','A','0'),
(68618,220,857,857,'','Carrera 2 No. 2 - 14','C','1'),
(68619,221,858,858,'','Calle 8 No. 5 - 08','A','1'),
(68758,53,859,859,'','Calle 147 # 90-62, Casa De La Participación','Pl','pi'),
(14257,148,860,860,'','Calle 2a # 23-33 I.E. Municipal Técnico Industrial','Pl','2'),
(68737,148,861,860,'','Calle 4 No. 3-63 Barrio San Miguel','A','0'),
(37431,161,862,862,'','Carrera 5 # 7-53 I.E. Pacarní','Pl','2'),
(14673,162,866,866,'','Calle 3 Final I.E. Ana Elisa Cuenca Lara','Pl','2'),
(18386,188,867,867,'','Avenida Francisco Newball Carrera 1 # 14-101, Instituto Educativo Técnico Industrial','Pl','pi'),
(70349,53,873,872,'','Carrera 56 # 128B – 01. Suba','D','');

/*table type_maintenance*/
insert into MAINTENANCE_TYPE (K_IDMAINTENANCET, K_NAME)
  values (1, 'Preventivo'),
         (2, 'Correctivo');

/*table maintenance*/
insert into MAINTENANCE (K_IDMAINTENANCE, K_IDPVD, K_IDMAINTENANCET, D_STARTDATE)
  values (1,68459,1, STR_TO_DATE('01-01-2017', '%d-%m-%Y')),
(2,10344,1, STR_TO_DATE('01-02-2017', '%d-%m-%Y')),
(3,69835,1, STR_TO_DATE('01-02-2017', '%d-%m-%Y')),
(4,69046,1, STR_TO_DATE('01-02-2017', '%d-%m-%Y')),
(5,16007,1, STR_TO_DATE('01-02-2017', '%d-%m-%Y')),
(6,69020,1, STR_TO_DATE('01-02-2017', '%d-%m-%Y')),
(7,16170,1, STR_TO_DATE('01-02-2017', '%d-%m-%Y')),
(8,10631,1, STR_TO_DATE('01-02-2017', '%d-%m-%Y')),
(9,68680,1, STR_TO_DATE('01-02-2017', '%d-%m-%Y')),
(10,20413,1, STR_TO_DATE('01-02-2017', '%d-%m-%Y')),
(11,69016,1, STR_TO_DATE('01-02-2017', '%d-%m-%Y')),
(12,69012,1, STR_TO_DATE('01-02-2017', '%d-%m-%Y')),
(13,69013,1, STR_TO_DATE('01-02-2017', '%d-%m-%Y')),
(14,12719,1, STR_TO_DATE('01-02-2017', '%d-%m-%Y')),
(15,69106,1, STR_TO_DATE('01-02-2017', '%d-%m-%Y')),
(16,69049,1, STR_TO_DATE('01-02-2017', '%d-%m-%Y')),
(17,69840,1, STR_TO_DATE('01-02-2017', '%d-%m-%Y')),
(18,69014,1, STR_TO_DATE('01-02-2017', '%d-%m-%Y')),
(19,16241,1, STR_TO_DATE('01-02-2017', '%d-%m-%Y')),
(20,44587,1, STR_TO_DATE('01-02-2017', '%d-%m-%Y')),
(21,68687,1, STR_TO_DATE('01-02-2017', '%d-%m-%Y')),
(22,68422,1, STR_TO_DATE('01-03-2017', '%d-%m-%Y')),
(23,68745,1, STR_TO_DATE('01-03-2017', '%d-%m-%Y')),
(24,12737,1, STR_TO_DATE('01-03-2017', '%d-%m-%Y')),
(25,69833,1, STR_TO_DATE('01-03-2017', '%d-%m-%Y')),
(26,69025,1, STR_TO_DATE('01-03-2017', '%d-%m-%Y')),
(27,69027,1, STR_TO_DATE('01-03-2017', '%d-%m-%Y')),
(28,69832,1, STR_TO_DATE('01-03-2017', '%d-%m-%Y')),
(29,69011,1, STR_TO_DATE('01-03-2017', '%d-%m-%Y')),
(30,68423,1, STR_TO_DATE('01-03-2017', '%d-%m-%Y')),
(31,68426,1, STR_TO_DATE('01-03-2017', '%d-%m-%Y')),
(32,68439,1, STR_TO_DATE('01-03-2017', '%d-%m-%Y')),
(33,12939,1, STR_TO_DATE('01-03-2017', '%d-%m-%Y')),
(34,69026,1, STR_TO_DATE('01-03-2017', '%d-%m-%Y')),
(35,69831,1, STR_TO_DATE('01-03-2017', '%d-%m-%Y')),
(36,69830,1, STR_TO_DATE('01-03-2017', '%d-%m-%Y')),
(37,69105,1, STR_TO_DATE('01-03-2017', '%d-%m-%Y')),
(38,68433,1, STR_TO_DATE('01-03-2017', '%d-%m-%Y')),
(39,68431,1, STR_TO_DATE('01-03-2017', '%d-%m-%Y')),
(40,69816,1, STR_TO_DATE('01-03-2017', '%d-%m-%Y')),
(41,12816,1, STR_TO_DATE('01-03-2017', '%d-%m-%Y')),
(42,69822,1, STR_TO_DATE('01-03-2017', '%d-%m-%Y')),
(43,69823,1, STR_TO_DATE('01-03-2017', '%d-%m-%Y')),
(44,69824,1, STR_TO_DATE('01-03-2017', '%d-%m-%Y')),
(45,12843,1, STR_TO_DATE('01-03-2017', '%d-%m-%Y')),
(46,69038,1, STR_TO_DATE('01-03-2017', '%d-%m-%Y')),
(47,69016,1, STR_TO_DATE('01-03-2017', '%d-%m-%Y')),
(48,69013,1, STR_TO_DATE('01-03-2017', '%d-%m-%Y')),
(49,69012,1, STR_TO_DATE('01-03-2017', '%d-%m-%Y')),
(50,12719,1, STR_TO_DATE('01-03-2017', '%d-%m-%Y')),
(51,68745,1, STR_TO_DATE('01-03-2017', '%d-%m-%Y')),
(52,12737,1, STR_TO_DATE('01-03-2017', '%d-%m-%Y')),
(53,12871,1, STR_TO_DATE('01-03-2017', '%d-%m-%Y')),
(54,69008,1, STR_TO_DATE('01-03-2017', '%d-%m-%Y')),
(55,69099,1, STR_TO_DATE('01-03-2017', '%d-%m-%Y')),
(56,69039,1, STR_TO_DATE('01-03-2017', '%d-%m-%Y')),
(57,69026,1, STR_TO_DATE('01-04-2017', '%d-%m-%Y')),
(58,69027,1, STR_TO_DATE('01-04-2017', '%d-%m-%Y')),
(59,69025,1, STR_TO_DATE('01-04-2017', '%d-%m-%Y')),
(60,69835,1, STR_TO_DATE('01-04-2017', '%d-%m-%Y')),
(61,69046,1, STR_TO_DATE('01-04-2017', '%d-%m-%Y')),
(62,69834,1, STR_TO_DATE('01-04-2017', '%d-%m-%Y')),
(63,69833,1, STR_TO_DATE('01-04-2017', '%d-%m-%Y')),
(64,69832,1, STR_TO_DATE('01-04-2017', '%d-%m-%Y')),
(65,69831,1, STR_TO_DATE('01-04-2017', '%d-%m-%Y')),
(66,69830,1, STR_TO_DATE('01-04-2017', '%d-%m-%Y')),
(67,69017,1, STR_TO_DATE('01-04-2017', '%d-%m-%Y')),
(68,69047,1, STR_TO_DATE('01-04-2017', '%d-%m-%Y')),
(69,58341,1, STR_TO_DATE('01-04-2017', '%d-%m-%Y')),
(70,15979,1, STR_TO_DATE('01-04-2017', '%d-%m-%Y')),
(71,15989,1, STR_TO_DATE('01-04-2017', '%d-%m-%Y')),
(72,69928,1, STR_TO_DATE('01-04-2017', '%d-%m-%Y')),
(73,68676,1, STR_TO_DATE('01-04-2017', '%d-%m-%Y')),
(74,15993,1, STR_TO_DATE('01-04-2017', '%d-%m-%Y')),
(75,69041,1, STR_TO_DATE('01-04-2017', '%d-%m-%Y')),
(76,16007,1, STR_TO_DATE('01-04-2017', '%d-%m-%Y')),
(77,43838,1, STR_TO_DATE('01-04-2017', '%d-%m-%Y')),
(78,69018,1, STR_TO_DATE('01-04-2017', '%d-%m-%Y')),
(79,70092,1, STR_TO_DATE('01-04-2017', '%d-%m-%Y')),
(80,16009,1, STR_TO_DATE('01-04-2017', '%d-%m-%Y')),
(81,69101,1, STR_TO_DATE('01-05-2017', '%d-%m-%Y')),
(82,69029,1, STR_TO_DATE('01-05-2017', '%d-%m-%Y')),
(83,69109,1, STR_TO_DATE('01-05-2017', '%d-%m-%Y')),
(84,16136,1, STR_TO_DATE('01-05-2017', '%d-%m-%Y')),
(85,69020,1, STR_TO_DATE('01-05-2017', '%d-%m-%Y')),
(86,69050,1, STR_TO_DATE('01-05-2017', '%d-%m-%Y')),
(87,16170,1, STR_TO_DATE('01-05-2017', '%d-%m-%Y')),
(88,68742,1, STR_TO_DATE('01-05-2017', '%d-%m-%Y')),
(89,69107,1, STR_TO_DATE('01-05-2017', '%d-%m-%Y')),
(90,69051,1, STR_TO_DATE('01-05-2017', '%d-%m-%Y')),
(91,69049,1, STR_TO_DATE('01-05-2017', '%d-%m-%Y')),
(92,69106,1, STR_TO_DATE('01-05-2017', '%d-%m-%Y')),
(93,69840,1, STR_TO_DATE('01-05-2017', '%d-%m-%Y')),
(94,10710,1, STR_TO_DATE('01-05-2017', '%d-%m-%Y')),
(95,68744,1, STR_TO_DATE('01-05-2017', '%d-%m-%Y')),
(96,68432,1, STR_TO_DATE('01-05-2017', '%d-%m-%Y')),
(97,69929,1, STR_TO_DATE('01-05-2017', '%d-%m-%Y')),
(98,68681,1, STR_TO_DATE('01-05-2017', '%d-%m-%Y')),
(99,68433,1, STR_TO_DATE('01-05-2017', '%d-%m-%Y')),
(100,68434,1, STR_TO_DATE('01-05-2017', '%d-%m-%Y')),
(101,68435,1, STR_TO_DATE('01-05-2017', '%d-%m-%Y')),
(102,69817,1, STR_TO_DATE('01-05-2017', '%d-%m-%Y')),
(103,69114,1, STR_TO_DATE('01-05-2017', '%d-%m-%Y')),
(104,68436,1, STR_TO_DATE('01-05-2017', '%d-%m-%Y')),
(105,68437,1, STR_TO_DATE('01-05-2017', '%d-%m-%Y')),
(106,68438,1, STR_TO_DATE('01-05-2017', '%d-%m-%Y')),
(107,68682,1, STR_TO_DATE('01-05-2017', '%d-%m-%Y')),
(108,69818,1, STR_TO_DATE('01-05-2017', '%d-%m-%Y')),
(109,69024,1, STR_TO_DATE('01-06-2017', '%d-%m-%Y')),
(110,69044,1, STR_TO_DATE('01-06-2017', '%d-%m-%Y')),
(111,69825,1, STR_TO_DATE('01-06-2017', '%d-%m-%Y')),
(112,68880,1, STR_TO_DATE('01-06-2017', '%d-%m-%Y')),
(113,12939,1, STR_TO_DATE('01-06-2017', '%d-%m-%Y')),
(114,14280,1, STR_TO_DATE('01-06-2017', '%d-%m-%Y')),
(115,35166,1, STR_TO_DATE('01-06-2017', '%d-%m-%Y')),
(116,14366,1, STR_TO_DATE('01-06-2017', '%d-%m-%Y')),
(117,69839,1, STR_TO_DATE('01-06-2017', '%d-%m-%Y')),
(118,16015,1, STR_TO_DATE('01-06-2017', '%d-%m-%Y')),
(119,69102,1, STR_TO_DATE('01-06-2017', '%d-%m-%Y')),
(120,69103,1, STR_TO_DATE('01-06-2017', '%d-%m-%Y')),
(121,16021,1, STR_TO_DATE('01-06-2017', '%d-%m-%Y')),
(122,70093,1, STR_TO_DATE('01-06-2017', '%d-%m-%Y')),
(123,16026,1, STR_TO_DATE('01-06-2017', '%d-%m-%Y')),
(124,69048,1, STR_TO_DATE('01-06-2017', '%d-%m-%Y')),
(125,16037,1, STR_TO_DATE('01-06-2017', '%d-%m-%Y')),
(126,43947,1, STR_TO_DATE('01-06-2017', '%d-%m-%Y')),
(127,69108,1, STR_TO_DATE('01-06-2017', '%d-%m-%Y')),
(128,58380,1, STR_TO_DATE('01-06-2017', '%d-%m-%Y')),
(129,69019,1, STR_TO_DATE('01-06-2017', '%d-%m-%Y')),
(130,70094,1, STR_TO_DATE('01-06-2017', '%d-%m-%Y')),
(131,16051,1, STR_TO_DATE('01-06-2017', '%d-%m-%Y')),
(132,69011,1, STR_TO_DATE('01-06-2017', '%d-%m-%Y')),
(133,69105,1, STR_TO_DATE('01-06-2017', '%d-%m-%Y')),
(134,16091,1, STR_TO_DATE('01-06-2017', '%d-%m-%Y')),
(135,16089,1, STR_TO_DATE('01-06-2017', '%d-%m-%Y')),
(136,68712,1, STR_TO_DATE('01-07-2017', '%d-%m-%Y')),
(137,16218,1, STR_TO_DATE('01-07-2017', '%d-%m-%Y')),
(138,69014,1, STR_TO_DATE('01-07-2017', '%d-%m-%Y')),
(139,16241,1, STR_TO_DATE('01-07-2017', '%d-%m-%Y')),
(140,54527,1, STR_TO_DATE('01-07-2017', '%d-%m-%Y')),
(141,69721,1, STR_TO_DATE('01-07-2017', '%d-%m-%Y')),
(142,68439,1, STR_TO_DATE('01-07-2017', '%d-%m-%Y')),
(143,69003,1, STR_TO_DATE('01-07-2017', '%d-%m-%Y')),
(144,69004,1, STR_TO_DATE('01-07-2017', '%d-%m-%Y')),
(145,68683,1, STR_TO_DATE('01-07-2017', '%d-%m-%Y')),
(146,69930,1, STR_TO_DATE('01-07-2017', '%d-%m-%Y')),
(147,69036,1, STR_TO_DATE('01-07-2017', '%d-%m-%Y')),
(148,69007,1, STR_TO_DATE('01-07-2017', '%d-%m-%Y')),
(149,69819,1, STR_TO_DATE('01-07-2017', '%d-%m-%Y')),
(150,54347,1, STR_TO_DATE('01-07-2017', '%d-%m-%Y')),
(151,68883,1, STR_TO_DATE('01-07-2017', '%d-%m-%Y')),
(152,69015,1, STR_TO_DATE('01-07-2017', '%d-%m-%Y')),
(153,69104,1, STR_TO_DATE('01-07-2017', '%d-%m-%Y')),
(154,44587,1, STR_TO_DATE('01-07-2017', '%d-%m-%Y')),
(155,16255,1, STR_TO_DATE('01-07-2017', '%d-%m-%Y')),
(156,69100,1, STR_TO_DATE('01-07-2017', '%d-%m-%Y')),
(157,16056,1, STR_TO_DATE('01-07-2017', '%d-%m-%Y')),
(158,68459,1, STR_TO_DATE('01-01-2017', '%d-%m-%Y')),
(159,17041,1, STR_TO_DATE('01-02-2017', '%d-%m-%Y')),
(160,68502,1, STR_TO_DATE('01-02-2017', '%d-%m-%Y')),
(161,68521,1, STR_TO_DATE('01-02-2017', '%d-%m-%Y')),
(162,69058,1, STR_TO_DATE('01-02-2017', '%d-%m-%Y')),
(163,68464,1, STR_TO_DATE('01-02-2017', '%d-%m-%Y')),
(164,68758,1, STR_TO_DATE('01-02-2017', '%d-%m-%Y')),
(165,68451,1, STR_TO_DATE('01-02-2017', '%d-%m-%Y')),
(166,70349,1, STR_TO_DATE('01-02-2017', '%d-%m-%Y')),
(167,68454,1, STR_TO_DATE('01-02-2017', '%d-%m-%Y')),
(168,68463,1, STR_TO_DATE('01-02-2017', '%d-%m-%Y')),
(169,68600,1, STR_TO_DATE('01-02-2017', '%d-%m-%Y')),
(170,68733,1, STR_TO_DATE('01-02-2017', '%d-%m-%Y')),
(171,68505,1, STR_TO_DATE('01-02-2017', '%d-%m-%Y')),
(172,69057,1, STR_TO_DATE('01-02-2017', '%d-%m-%Y')),
(173,68507,1, STR_TO_DATE('01-02-2017', '%d-%m-%Y')),
(174,69119,1, STR_TO_DATE('01-02-2017', '%d-%m-%Y')),
(175,14456,1, STR_TO_DATE('01-02-2017', '%d-%m-%Y')),
(176,68534,1, STR_TO_DATE('01-02-2017', '%d-%m-%Y')),
(177,68517,1, STR_TO_DATE('01-02-2017', '%d-%m-%Y')),
(178,69059,1, STR_TO_DATE('01-02-2017', '%d-%m-%Y')),
(179,69827,1, STR_TO_DATE('01-02-2017', '%d-%m-%Y')),
(180,68520,1, STR_TO_DATE('01-02-2017', '%d-%m-%Y')),
(181,68613,1, STR_TO_DATE('01-02-2017', '%d-%m-%Y')),
(182,68615,1, STR_TO_DATE('01-02-2017', '%d-%m-%Y')),
(183,68527,1, STR_TO_DATE('01-02-2017', '%d-%m-%Y')),
(184,68530,1, STR_TO_DATE('01-02-2017', '%d-%m-%Y')),
(185,68514,1, STR_TO_DATE('01-03-2017', '%d-%m-%Y')),
(186,68605,1, STR_TO_DATE('01-03-2017', '%d-%m-%Y')),
(187,69829,1, STR_TO_DATE('01-03-2017', '%d-%m-%Y')),
(188,68529,1, STR_TO_DATE('01-03-2017', '%d-%m-%Y')),
(189,69056,1, STR_TO_DATE('01-03-2017', '%d-%m-%Y')),
(190,13793,1, STR_TO_DATE('01-03-2017', '%d-%m-%Y')),
(191,68703,1, STR_TO_DATE('01-03-2017', '%d-%m-%Y')),
(192,68599,1, STR_TO_DATE('01-03-2017', '%d-%m-%Y')),
(193,14233,1, STR_TO_DATE('01-03-2017', '%d-%m-%Y')),
(194,14042,1, STR_TO_DATE('01-03-2017', '%d-%m-%Y')),
(195,69850,1, STR_TO_DATE('01-03-2017', '%d-%m-%Y')),
(196,68509,1, STR_TO_DATE('01-03-2017', '%d-%m-%Y')),
(197,33341,1, STR_TO_DATE('01-03-2017', '%d-%m-%Y')),
(198,68735,1, STR_TO_DATE('01-03-2017', '%d-%m-%Y')),
(199,13867,1, STR_TO_DATE('01-03-2017', '%d-%m-%Y')),
(200,69040,1, STR_TO_DATE('01-03-2017', '%d-%m-%Y')),
(201,69826,1, STR_TO_DATE('01-03-2017', '%d-%m-%Y')),
(202,69119,1, STR_TO_DATE('01-03-2017', '%d-%m-%Y')),
(203,69034,1, STR_TO_DATE('01-03-2017', '%d-%m-%Y')),
(204,68536,1, STR_TO_DATE('01-03-2017', '%d-%m-%Y')),
(205,14512,1, STR_TO_DATE('01-03-2017', '%d-%m-%Y')),
(206,68537,1, STR_TO_DATE('01-03-2017', '%d-%m-%Y')),
(207,14522,1, STR_TO_DATE('01-03-2017', '%d-%m-%Y')),
(208,68538,1, STR_TO_DATE('01-03-2017', '%d-%m-%Y')),
(209,936561,1, STR_TO_DATE('01-03-2017', '%d-%m-%Y')),
(210,14571,1, STR_TO_DATE('01-03-2017', '%d-%m-%Y')),
(211,54543,1, STR_TO_DATE('01-03-2017', '%d-%m-%Y')),
(212,68510,1, STR_TO_DATE('01-03-2018', '%d-%m-%Y')),
(213,69054,1, STR_TO_DATE('01-03-2019', '%d-%m-%Y')),
(214,17041,1, STR_TO_DATE('01-03-2020', '%d-%m-%Y')),
(215,68595,1, STR_TO_DATE('01-03-2021', '%d-%m-%Y')),
(216,68596,1, STR_TO_DATE('01-03-2022', '%d-%m-%Y')),
(217,17052,1, STR_TO_DATE('01-03-2023', '%d-%m-%Y')),
(218,68597,1, STR_TO_DATE('01-03-2024', '%d-%m-%Y')),
(219,68598,1, STR_TO_DATE('01-03-2025', '%d-%m-%Y')),
(220,68599,1, STR_TO_DATE('01-03-2026', '%d-%m-%Y')),
(221,68600,1, STR_TO_DATE('01-03-2027', '%d-%m-%Y')),
(222,68601,1, STR_TO_DATE('01-03-2028', '%d-%m-%Y')),
(223,69841,1, STR_TO_DATE('01-04-2017', '%d-%m-%Y')),
(224,17071,1, STR_TO_DATE('01-04-2017', '%d-%m-%Y')),
(225,68602,1, STR_TO_DATE('01-04-2017', '%d-%m-%Y')),
(226,17111,1, STR_TO_DATE('01-04-2017', '%d-%m-%Y')),
(227,69057,1, STR_TO_DATE('01-04-2017', '%d-%m-%Y')),
(228,68721,1, STR_TO_DATE('01-04-2017', '%d-%m-%Y')),
(229,68603,1, STR_TO_DATE('01-04-2017', '%d-%m-%Y')),
(230,68604,1, STR_TO_DATE('01-04-2017', '%d-%m-%Y')),
(231,69842,1, STR_TO_DATE('01-04-2017', '%d-%m-%Y')),
(232,68605,1, STR_TO_DATE('01-04-2017', '%d-%m-%Y')),
(233,69843,1, STR_TO_DATE('01-04-2017', '%d-%m-%Y')),
(234,17137,1, STR_TO_DATE('01-04-2017', '%d-%m-%Y')),
(235,68606,1, STR_TO_DATE('01-04-2017', '%d-%m-%Y')),
(236,68608,1, STR_TO_DATE('01-04-2017', '%d-%m-%Y')),
(237,68607,1, STR_TO_DATE('01-04-2017', '%d-%m-%Y')),
(238,68591,1, STR_TO_DATE('01-04-2017', '%d-%m-%Y')),
(239,68590,1, STR_TO_DATE('01-04-2017', '%d-%m-%Y')),
(240,68592,1, STR_TO_DATE('01-04-2017', '%d-%m-%Y')),
(241,69821,1, STR_TO_DATE('01-04-2017', '%d-%m-%Y')),
(242,33429,1, STR_TO_DATE('01-04-2017', '%d-%m-%Y')),
(243,68699,1, STR_TO_DATE('01-04-2017', '%d-%m-%Y')),
(244,68658,1, STR_TO_DATE('01-04-2017', '%d-%m-%Y')),
(245,33496,1, STR_TO_DATE('01-04-2017', '%d-%m-%Y')),
(246,68700,1, STR_TO_DATE('01-04-2017', '%d-%m-%Y')),
(247,13937,1, STR_TO_DATE('01-04-2017', '%d-%m-%Y')),
(248,13941,1, STR_TO_DATE('01-04-2017', '%d-%m-%Y')),
(249,68511,1, STR_TO_DATE('01-04-2017', '%d-%m-%Y')),
(250,13951,1, STR_TO_DATE('01-04-2017', '%d-%m-%Y')),
(251,68512,1, STR_TO_DATE('01-04-2017', '%d-%m-%Y')),
(252,13960,1, STR_TO_DATE('01-04-2017', '%d-%m-%Y')),
(253,68513,1, STR_TO_DATE('01-04-2017', '%d-%m-%Y')),
(254,69975,1, STR_TO_DATE('01-05-2017', '%d-%m-%Y')),
(255,69023,1, STR_TO_DATE('01-05-2017', '%d-%m-%Y')),
(256,68593,1, STR_TO_DATE('01-05-2017', '%d-%m-%Y')),
(257,70098,1, STR_TO_DATE('01-05-2017', '%d-%m-%Y')),
(258,17036,1, STR_TO_DATE('01-05-2017', '%d-%m-%Y')),
(259,17030,1, STR_TO_DATE('01-05-2017', '%d-%m-%Y')),
(260,17034,1, STR_TO_DATE('01-05-2017', '%d-%m-%Y')),
(261,17024,1, STR_TO_DATE('01-05-2017', '%d-%m-%Y')),
(262,68720,1, STR_TO_DATE('01-05-2017', '%d-%m-%Y')),
(263,70097,1, STR_TO_DATE('01-05-2017', '%d-%m-%Y')),
(264,70089,1, STR_TO_DATE('01-05-2017', '%d-%m-%Y')),
(265,69060,1, STR_TO_DATE('01-05-2017', '%d-%m-%Y')),
(266,70004,1, STR_TO_DATE('01-05-2017', '%d-%m-%Y')),
(267,70005,1, STR_TO_DATE('01-05-2017', '%d-%m-%Y')),
(268,70006,1, STR_TO_DATE('01-05-2017', '%d-%m-%Y')),
(269,68609,1, STR_TO_DATE('01-05-2017', '%d-%m-%Y')),
(270,69056,1, STR_TO_DATE('01-05-2017', '%d-%m-%Y')),
(271,69851,1, STR_TO_DATE('01-05-2017', '%d-%m-%Y')),
(272,69850,1, STR_TO_DATE('01-05-2017', '%d-%m-%Y')),
(273,69852,1, STR_TO_DATE('01-05-2017', '%d-%m-%Y')),
(274,69058,1, STR_TO_DATE('01-05-2017', '%d-%m-%Y')),
(275,68479,1, STR_TO_DATE('01-05-2017', '%d-%m-%Y')),
(276,68480,1, STR_TO_DATE('01-05-2017', '%d-%m-%Y')),
(277,18232,1, STR_TO_DATE('01-05-2017', '%d-%m-%Y')),
(278,51687,1, STR_TO_DATE('01-05-2017', '%d-%m-%Y')),
(279,68514,1, STR_TO_DATE('01-05-2017', '%d-%m-%Y')),
(280,68515,1, STR_TO_DATE('01-05-2017', '%d-%m-%Y')),
(281,13989,1, STR_TO_DATE('01-05-2017', '%d-%m-%Y')),
(282,68701,1, STR_TO_DATE('01-05-2017', '%d-%m-%Y')),
(283,68516,1, STR_TO_DATE('01-05-2017', '%d-%m-%Y')),
(284,68517,1, STR_TO_DATE('01-05-2017', '%d-%m-%Y')),
(285,69059,1, STR_TO_DATE('01-05-2017', '%d-%m-%Y')),
(286,68518,1, STR_TO_DATE('01-05-2017', '%d-%m-%Y')),
(287,69827,1, STR_TO_DATE('01-05-2017', '%d-%m-%Y')),
(288,69120,1, STR_TO_DATE('01-05-2017', '%d-%m-%Y')),
(289,14028,1, STR_TO_DATE('01-05-2017', '%d-%m-%Y')),
(290,69828,1, STR_TO_DATE('01-06-2017', '%d-%m-%Y')),
(291,14034,1, STR_TO_DATE('01-06-2017', '%d-%m-%Y')),
(292,68519,1, STR_TO_DATE('01-06-2017', '%d-%m-%Y')),
(293,14042,1, STR_TO_DATE('01-06-2017', '%d-%m-%Y')),
(294,68702,1, STR_TO_DATE('01-06-2017', '%d-%m-%Y')),
(295,68520,1, STR_TO_DATE('01-06-2017', '%d-%m-%Y')),
(296,68522,1, STR_TO_DATE('01-06-2017', '%d-%m-%Y')),
(297,34285,1, STR_TO_DATE('01-06-2017', '%d-%m-%Y')),
(298,68523,1, STR_TO_DATE('01-06-2017', '%d-%m-%Y')),
(299,69115,1, STR_TO_DATE('01-06-2017', '%d-%m-%Y')),
(300,70095,1, STR_TO_DATE('01-06-2017', '%d-%m-%Y')),
(301,14061,1, STR_TO_DATE('01-06-2017', '%d-%m-%Y')),
(302,68525,1, STR_TO_DATE('01-06-2017', '%d-%m-%Y')),
(303,68526,1, STR_TO_DATE('01-06-2017', '%d-%m-%Y')),
(304,68736,1, STR_TO_DATE('01-06-2017', '%d-%m-%Y')),
(305,70190,1, STR_TO_DATE('01-06-2017', '%d-%m-%Y')),
(306,68527,1, STR_TO_DATE('01-06-2017', '%d-%m-%Y')),
(307,68528,1, STR_TO_DATE('01-06-2017', '%d-%m-%Y')),
(308,68529,1, STR_TO_DATE('01-06-2017', '%d-%m-%Y')),
(309,14580,1, STR_TO_DATE('01-06-2017', '%d-%m-%Y')),
(310,68533,1, STR_TO_DATE('01-06-2017', '%d-%m-%Y')),
(311,68535,1, STR_TO_DATE('01-06-2017', '%d-%m-%Y')),
(312,68532,1, STR_TO_DATE('01-06-2017', '%d-%m-%Y')),
(313,68534,1, STR_TO_DATE('01-06-2017', '%d-%m-%Y')),
(314,14493,1, STR_TO_DATE('01-06-2017', '%d-%m-%Y')),
(315,14474,1, STR_TO_DATE('01-06-2017', '%d-%m-%Y')),
(316,69853,1, STR_TO_DATE('01-06-2017', '%d-%m-%Y')),
(317,68703,1, STR_TO_DATE('01-06-2017', '%d-%m-%Y')),
(318,14456,1, STR_TO_DATE('01-06-2017', '%d-%m-%Y')),
(319,14599,1, STR_TO_DATE('01-06-2017', '%d-%m-%Y')),
(320,68539,1, STR_TO_DATE('01-06-2017', '%d-%m-%Y')),
(321,54548,1, STR_TO_DATE('01-06-2017', '%d-%m-%Y')),
(322,69844,1, STR_TO_DATE('01-06-2017', '%d-%m-%Y')),
(323,68610,1, STR_TO_DATE('01-06-2017', '%d-%m-%Y')),
(324,68611,1, STR_TO_DATE('01-06-2017', '%d-%m-%Y')),
(325,69845,1, STR_TO_DATE('01-07-2017', '%d-%m-%Y')),
(326,69121,1, STR_TO_DATE('01-07-2017', '%d-%m-%Y')),
(327,17204,1, STR_TO_DATE('01-07-2017', '%d-%m-%Y')),
(328,68612,1, STR_TO_DATE('01-07-2017', '%d-%m-%Y')),
(329,48484,1, STR_TO_DATE('01-07-2017', '%d-%m-%Y')),
(330,69055,1, STR_TO_DATE('01-07-2017', '%d-%m-%Y')),
(331,68613,1, STR_TO_DATE('01-07-2017', '%d-%m-%Y')),
(332,68614,1, STR_TO_DATE('01-07-2017', '%d-%m-%Y')),
(333,68615,1, STR_TO_DATE('01-07-2017', '%d-%m-%Y')),
(334,14167,1, STR_TO_DATE('01-07-2017', '%d-%m-%Y')),
(335,68616,1, STR_TO_DATE('01-07-2017', '%d-%m-%Y')),
(336,68617,1, STR_TO_DATE('01-07-2017', '%d-%m-%Y')),
(337,70324,1, STR_TO_DATE('01-07-2017', '%d-%m-%Y')),
(338,14179,1, STR_TO_DATE('01-07-2017', '%d-%m-%Y')),
(339,69829,1, STR_TO_DATE('01-07-2017', '%d-%m-%Y')),
(340,14185,1, STR_TO_DATE('01-07-2017', '%d-%m-%Y')),
(341,55053,1, STR_TO_DATE('01-07-2017', '%d-%m-%Y')),
(342,69033,1, STR_TO_DATE('01-07-2017', '%d-%m-%Y')),
(343,68530,1, STR_TO_DATE('01-07-2017', '%d-%m-%Y')),
(344,68531,1, STR_TO_DATE('01-07-2017', '%d-%m-%Y')),
(345,14233,1, STR_TO_DATE('01-07-2017', '%d-%m-%Y')),
(346,69035,1, STR_TO_DATE('01-07-2017', '%d-%m-%Y')),
(347,14660,1, STR_TO_DATE('01-07-2017', '%d-%m-%Y')),
(348,68710,1, STR_TO_DATE('01-07-2017', '%d-%m-%Y')),
(349,68732,1, STR_TO_DATE('01-07-2017', '%d-%m-%Y')),
(350,68618,1, STR_TO_DATE('01-07-2017', '%d-%m-%Y')),
(351,68619,1, STR_TO_DATE('01-07-2017', '%d-%m-%Y')),
(352,68758,1, STR_TO_DATE('01-07-2017', '%d-%m-%Y')),
(353,14257,1, STR_TO_DATE('01-07-2017', '%d-%m-%Y')),
(354,68737,1, STR_TO_DATE('01-07-2017', '%d-%m-%Y')),
(355,37431,1, STR_TO_DATE('01-07-2017', '%d-%m-%Y')),
(356,14673,1, STR_TO_DATE('01-07-2017', '%d-%m-%Y')),
(357,18386,1, STR_TO_DATE('01-07-2017', '%d-%m-%Y')),
(358,70349,1, STR_TO_DATE('01-07-2017', '%d-%m-%Y'));

/*TAble ticket*/
insert into TICKET (ID_TICKET, K_IDMAINTENANCE, K_IDSTATUSTICKET, D_STARTDATE, D_FINISHDATE, I_DURATION)
  values ('TT201701310002',21,5,STR_TO_DATE('31-01-2017', '%d-%m-%Y'),STR_TO_DATE('16-02-2017', '%d-%m-%Y'),16),
('TT201702080003',159,5,STR_TO_DATE('08-02-2017', '%d-%m-%Y'),STR_TO_DATE('13-02-2017', '%d-%m-%Y'),5),
('TT201702150001',2,5,STR_TO_DATE('22-02-2017', '%d-%m-%Y'),STR_TO_DATE('28-02-2017', '%d-%m-%Y'),6),
('TT201701310003',160,5,STR_TO_DATE('01-02-2017', '%d-%m-%Y'),STR_TO_DATE('09-02-2017', '%d-%m-%Y'),8),
('TT201702100001',161,5,STR_TO_DATE('13-02-2017', '%d-%m-%Y'),STR_TO_DATE('20-02-2017', '%d-%m-%Y'),7),
('TT201702150008',3,5,STR_TO_DATE('17-02-2017', '%d-%m-%Y'),STR_TO_DATE('28-02-2017', '%d-%m-%Y'),11),
('TT201702150009',4,5,STR_TO_DATE('21-02-2017', '%d-%m-%Y'),STR_TO_DATE('24-02-2017', '%d-%m-%Y'),3),
('TT201701310001',158,5,STR_TO_DATE('26-01-2017', '%d-%m-%Y'),STR_TO_DATE('01-02-2017', '%d-%m-%Y'),6),
('TT201701310005',163,5,STR_TO_DATE('02-02-2017', '%d-%m-%Y'),STR_TO_DATE('07-02-2017', '%d-%m-%Y'),5),
('TT201702030001',164,5,STR_TO_DATE('03-02-2017', '%d-%m-%Y'),STR_TO_DATE('08-02-2017', '%d-%m-%Y'),5),
('TT201702080002',165,5,STR_TO_DATE('08-02-2017', '%d-%m-%Y'),STR_TO_DATE('13-02-2017', '%d-%m-%Y'),5),
('TT201702220001',166,5,STR_TO_DATE('09-02-2017', '%d-%m-%Y'),STR_TO_DATE('14-02-2017', '%d-%m-%Y'),5),
('TT20171310001',162,5,STR_TO_DATE('13-02-2017', '%d-%m-%Y'),STR_TO_DATE('27-02-2017', '%d-%m-%Y'),14),
('TT201702200001',167,5,STR_TO_DATE('20-02-2017', '%d-%m-%Y'),STR_TO_DATE('07-03-2017', '%d-%m-%Y'),15),
('TT201702270001',168,5,STR_TO_DATE('27-02-2017', '%d-%m-%Y'),STR_TO_DATE('06-03-2017', '%d-%m-%Y'),7),
('TT201702150010',5,5,STR_TO_DATE('22-02-2017', '%d-%m-%Y'),STR_TO_DATE('28-02-2017', '%d-%m-%Y'),6),
('TT201702100005',169,5,STR_TO_DATE('13-02-2017', '%d-%m-%Y'),STR_TO_DATE('21-02-2017', '%d-%m-%Y'),8),
('TT201703090009',170,5,STR_TO_DATE('27-02-2017', '%d-%m-%Y'),STR_TO_DATE('06-03-2017', '%d-%m-%Y'),6),
('TT201702080001',171,5,STR_TO_DATE('08-02-2017', '%d-%m-%Y'),STR_TO_DATE('13-02-2017', '%d-%m-%Y'),5),
('TT201702080008',6,5,STR_TO_DATE('15-02-2017', '%d-%m-%Y'),STR_TO_DATE('17-02-2017', '%d-%m-%Y'),2),
('TT201702080009',7,5,STR_TO_DATE('15-02-2017', '%d-%m-%Y'),STR_TO_DATE('28-02-2017', '%d-%m-%Y'),13),
('TT201702270006',22,5,STR_TO_DATE('01-03-2017', '%d-%m-%Y'),STR_TO_DATE('07-03-2017', '%d-%m-%Y'),6),
('TT201702270004',23,5,STR_TO_DATE('28-02-2017', '%d-%m-%Y'),STR_TO_DATE('04-03-2017', '%d-%m-%Y'),4),
('TT201702270005',24,5,STR_TO_DATE('28-02-2017', '%d-%m-%Y'),STR_TO_DATE('04-03-2017', '%d-%m-%Y'),4),
('TT201703020006',25,5,STR_TO_DATE('06-03-2017', '%d-%m-%Y'),STR_TO_DATE('11-03-2017', '%d-%m-%Y'),5),
/*('TT201703010001',26,5,STR_TO_DATE('02-03-2017', '%d-%m-%Y'),STR_TO_DATE('04-03-2017', '%d-%m-%Y'),3),*/
('TT201701260001',1,5,STR_TO_DATE('26-01-2017', '%d-%m-%Y'),STR_TO_DATE('31-01-2017', '%d-%m-%Y'),5),
('TT201702200002',172,5,STR_TO_DATE('21-02-2017', '%d-%m-%Y'),STR_TO_DATE('07-03-2017', '%d-%m-%Y'),14),
('TT201701310004',173,5,STR_TO_DATE('02-02-2017', '%d-%m-%Y'),STR_TO_DATE('06-02-2017', '%d-%m-%Y'),4),
('TT201702100004',174,5,STR_TO_DATE('13-02-2017', '%d-%m-%Y'),STR_TO_DATE('22-02-2017', '%d-%m-%Y'),9),
('TT201702080010',8,5,STR_TO_DATE('14-02-2017', '%d-%m-%Y'),STR_TO_DATE('28-02-2017', '%d-%m-%Y'),14),
('TT201702030004',9,5,STR_TO_DATE('27-02-2017', '%d-%m-%Y'),STR_TO_DATE('03-03-2017', '%d-%m-%Y'),4),
('TT201702150002',10,5,STR_TO_DATE('16-02-2017', '%d-%m-%Y'),STR_TO_DATE('28-02-2017', '%d-%m-%Y'),12),
('TT201702150005',11,5,STR_TO_DATE('21-02-2017', '%d-%m-%Y'),STR_TO_DATE('24-02-2017', '%d-%m-%Y'),3),
('TT201702080011',12,5,STR_TO_DATE('10-02-2017', '%d-%m-%Y'),STR_TO_DATE('17-02-2017', '%d-%m-%Y'),7),
('TT201702100007',13,5,STR_TO_DATE('13-02-2017', '%d-%m-%Y'),STR_TO_DATE('17-02-2017', '%d-%m-%Y'),4),
('TT201702150003',14,5,STR_TO_DATE('20-02-2017', '%d-%m-%Y'),STR_TO_DATE('24-02-2017', '%d-%m-%Y'),4),
('TT201702140003',175,5,STR_TO_DATE('15-02-2017', '%d-%m-%Y'),STR_TO_DATE('22-02-2017', '%d-%m-%Y'),7),
('TT201702220002',176,5,STR_TO_DATE('22-02-2017', '%d-%m-%Y'),STR_TO_DATE('07-03-2017', '%d-%m-%Y'),13),
('TT201702140001',177,5,STR_TO_DATE('15-02-2017', '%d-%m-%Y'),STR_TO_DATE('22-02-2017', '%d-%m-%Y'),7),
('TT201702160002',178,5,STR_TO_DATE('16-02-2017', '%d-%m-%Y'),STR_TO_DATE('07-03-2017', '%d-%m-%Y'),19),
('TT201702150007',179,5,STR_TO_DATE('16-02-2017', '%d-%m-%Y'),STR_TO_DATE('01-03-2017', '%d-%m-%Y'),13),
('TT201702150012',15,5,STR_TO_DATE('20-02-2017', '%d-%m-%Y'),STR_TO_DATE('24-02-2017', '%d-%m-%Y'),4),
('TT201702150011',16,5,STR_TO_DATE('23-02-2017', '%d-%m-%Y'),STR_TO_DATE('28-02-2017', '%d-%m-%Y'),5),
('TT201702150013',17,5,STR_TO_DATE('24-02-2017', '%d-%m-%Y'),STR_TO_DATE('28-02-2017', '%d-%m-%Y'),4),
('TT201702140002',180,5,STR_TO_DATE('16-02-2017', '%d-%m-%Y'),STR_TO_DATE('21-02-2017', '%d-%m-%Y'),5),
('TT201702270002',181,5,STR_TO_DATE('28-02-2017', '%d-%m-%Y'),STR_TO_DATE('03-03-2017', '%d-%m-%Y'),3),
('TT201702150006',182,5,STR_TO_DATE('16-02-2017', '%d-%m-%Y'),STR_TO_DATE('01-03-2017', '%d-%m-%Y'),13),
('TT201702080005',18,5,STR_TO_DATE('10-02-2017', '%d-%m-%Y'),STR_TO_DATE('14-02-2017', '%d-%m-%Y'),4),
('TT201702080006',19,5,STR_TO_DATE('13-02-2017', '%d-%m-%Y'),STR_TO_DATE('16-02-2017', '%d-%m-%Y'),3),
('TT201702080007',20,5,STR_TO_DATE('13-02-2017', '%d-%m-%Y'),STR_TO_DATE('16-02-2017', '%d-%m-%Y'),3),
('TT201702100002',183,5,STR_TO_DATE('13-02-2017', '%d-%m-%Y'),STR_TO_DATE('21-02-2017', '%d-%m-%Y'),8),
('TT201702100003',184,5,STR_TO_DATE('13-02-2017', '%d-%m-%Y'),STR_TO_DATE('21-02-2017', '%d-%m-%Y'),8),
('TT201703010002',185,5,STR_TO_DATE('02-03-2017', '%d-%m-%Y'),STR_TO_DATE('03-03-2017', '%d-%m-%Y'),2),
('TT201703020010',26,5,STR_TO_DATE('06-03-2017', '%d-%m-%Y'),STR_TO_DATE('11-03-2017', '%d-%m-%Y'),5),
('TT201703020001',186,5,STR_TO_DATE('03-03-2017', '%d-%m-%Y'),STR_TO_DATE('09-03-2017', '%d-%m-%Y'),6),
('TT201703060003',187,5,STR_TO_DATE('03-03-2017', '%d-%m-%Y'),STR_TO_DATE('11-03-2017', '%d-%m-%Y'),8),
('TT201703070001',188,5,STR_TO_DATE('07-03-2017', '%d-%m-%Y'),STR_TO_DATE('14-03-2017', '%d-%m-%Y'),7),
('TT201703080001',189,5,STR_TO_DATE('08-03-2017', '%d-%m-%Y'),STR_TO_DATE('13-03-2017', '%d-%m-%Y'),5);

insert into TICKET (ID_TICKET, K_IDMAINTENANCE, K_IDSTATUSTICKET, D_STARTDATE)
  values --('TT201702280001',189,2,STR_TO_DATE('01-03-2017', '%d-%m-%Y')),
('TT201703070002',190,2,STR_TO_DATE('06-03-2017', '%d-%m-%Y')),
('TT201703070003',191,2,STR_TO_DATE('07-03-2017', '%d-%m-%Y')),
('TT201703060004',192,2,STR_TO_DATE('07-03-2017', '%d-%m-%Y')),
('TT201703090010',193,2,STR_TO_DATE('08-03-2017', '%d-%m-%Y')),
('TT201703140001',194,2,STR_TO_DATE('14-03-2017', '%d-%m-%Y')),
('TT201703140002',195,2,STR_TO_DATE('14-03-2017', '%d-%m-%Y')),
/*('TT201703020004',26,2,STR_TO_DATE('06-03-2017', '%d-%m-%Y')),*/
('TT201703060001',27,2,STR_TO_DATE('06-03-2017', '%d-%m-%Y')),
('TT201703020007',28,2,STR_TO_DATE('06-03-2017', '%d-%m-%Y')),
('TT201703020008',29,2,STR_TO_DATE('06-03-2017', '%d-%m-%Y')),
('TT201703020003',30,2,STR_TO_DATE('08-03-2017', '%d-%m-%Y')),
('TT201703020009',31,2,STR_TO_DATE('07-03-2017', '%d-%m-%Y')),
('TT201703090003',32,2,STR_TO_DATE('13-03-2017', '%d-%m-%Y')),
('TT201703090004',33,2,STR_TO_DATE('13-03-2017', '%d-%m-%Y')),
('TT201703090005',34,2,STR_TO_DATE('13-03-2017', '%d-%m-%Y')),
('TT201703090006',35,2,STR_TO_DATE('13-03-2017', '%d-%m-%Y')),
('TT201703090007',36,2,STR_TO_DATE('13-03-2017', '%d-%m-%Y')),
('TT201703090008',37,2,STR_TO_DATE('13-03-2017', '%d-%m-%Y')),
('TT201703130007',38,2,STR_TO_DATE('14-03-2017', '%d-%m-%Y'));
